VERSION_6_0 1-VG_voltage
P	0	5	0	51.9949	33.4607	128.556	0.823088	-0.418305	0.384118	8.904	1.233	-52	-10000	0	7	1	A	0	18052	0	0.367242	-1	0	0	-10000	-1131,-1053,-1041,-1029,-1009,-1002,-130,-52,-40,-28,-17,-9,-1	2798580	N\A	N\A	N\A	N\A
P	0	6	0	57.9277	29.629	128.323	0.704244	-0.564466	-0.430601	6.288	0.312	-130	-10000	0	7	1	A	0	18052	0	0.429913	-1	0	0	-10000	-1131,-1057,-1003,-130,-57,-2	2798580	N\A	N\A	N\A	N\A
P	0	13	0	54.8676	24.2589	116.413	0.735426	0.125668	0.66585	6.96	0.972	-64	-10000	0	7	1	A	0	18052	0	0.227975	-1	0	0	-10000	-1995,-1971,-1130,-1065,-1041,-994,-130,-121,-64,-40,7,29	2813593	N\A	N\A	N\A	N\A
P	0	15	0	49.9455	28.2837	129.736	0.712349	-0.473543	-0.517992	7.104	2.181	-11	-10000	0	4	1	A	0	18052	0	0.917961	-1	0	0	-10000	-1999,-1130,-1040,-1012,-130,-40,-11	2813593	N\A	N\A	N\A	N\A
P	0	25	0	63.8402	19.9913	106.547	0.0466135	-0.0162895	0.99878	3.093	0.24	-114	-10000	0	4	1	A	0	18052	0	0.329704	-1	0	0	-10000	-1869,-1864,-1853,-1763,-1749,-1738,-1627,-808,-803,-792,-703,-689,-679,-114,-106,-98,-3,13,145	2828460	N\A	N\A	N\A	N\A
P	0	27	0	58.0502	27.1963	126.397	0.934243	0.0479358	-0.353402	7.803	0.426	-111	-10000	0	7	1	A	0	18052	0	0.425525	-1	0	0	-10000	-1866,-1826,-1793,-1744,-805,-765,-741,-685,-111,-69,-43,23	2828460	N\A	N\A	N\A	N\A
P	0	35	0	43.1968	32.697	97.9512	0.45575	-0.194021	0.868705	5.499	2.478	-6	-10000	0	7	1	A	0	18052	0	0.598586	-1	0	0	-10000	-1953,-1941,-1935,-1134,-1129,-1007,-952,-940,-934,-133,-128,-6,49,61,68	2840550	N\A	N\A	N\A	N\A
P	0	36	0	46.3024	30.1857	104.765	0.323319	-0.43534	0.840205	2.934	0.411	-133	-10000	0	7	1	A	0	18052	0	-10000	-1	0	0	-10000	-1973,-1944,-1930,-1134,-1129,-1024,-1015,-971,-943,-929,-133,-128,-23,-14,30,57,72	2840550	N\A	N\A	N\A	N\A
P	0	37	0	52.3968	33.8413	115.554	-0.112018	0.55193	-0.826332	8.607	1.104	-56	-10000	0	4	1	A	0	18052	0	0.401865	-1	0	0	-10000	-1131,-1057,-1049,-1000,-971,-131,-56,-48,1,30,36	2840550	N\A	N\A	N\A	N\A
P	0	38	0	50.302	32.6387	111.161	-0.440151	-0.809581	-0.388388	4.92	1.119	20	-10000	0	7	1	A	0	18052	0	0.193696	-1	0	0	-10000	-1983,-1972,-1134,-1057,-1038,-981,-627,-132,-56,-37,20	2840550	N\A	N\A	N\A	N\A
P	0	39	0	56.7219	27.2113	119.704	-0.440251	0.174535	-0.880748	7.05	1.902	5	-10000	0	7	1	A	0	18052	0	0.417577	-1	0	0	-10000	-1997,-1131,-1123,-1073,-1061,-996,-131,-122,-72,-58,0,5	2840550	N\A	N\A	N\A	N\A
P	0	41	0	54.5144	-0.253074	121.67	-0.763311	-0.599603	-0.240483	2.34	0.048	-132	-10000	0	4	1	A	0	18052	0	0.0538875	-1	0	0	-10000	-1803,-1133,-1039,-802,-132,-39,-31,199	2878770	N\A	N\A	N\A	N\A
P	0	44	0	38.0459	-7.66046	120.917	0.887707	0.312984	-0.337664	2.013	0.261	55	-10000	0	7	1	A	0	18052	0	0.101449	-1	0	0	-10000	-1956,-1946,-1133,-1020,-955,-945,-132,-126,-19,45,55	2878770	N\A	N\A	N\A	N\A
P	0	45	0	32.7585	-11.3635	111.73	0.703671	0.476998	0.526612	1.902	0.171	-127	-10000	0	4	1	A	0	18052	0	0.0388449	-1	0	0	-10000	-1982,-1972,-1128,-982,-972,-127,19,28	2878770	N\A	N\A	N\A	N\A
P	0	47	0	43.111	-6.49796	105.206	-0.0515602	0.00687218	0.998646	1.314	0.069	-132	-10000	0	4	1	A	0	18052	0	0.293903	-1	0	0	-10000	-1939,-1893,-1133,-1128,-1117,-939,-892,-132,-127,52,62,108	2878770	N\A	N\A	N\A	N\A
P	0	48	0	42.9703	-6.25363	113.192	0.0163631	0.0542201	0.998395	1.464	0.03	-132	-10000	0	4	1	A	0	18052	0	0.196277	-1	0	0	-10000	-1133,-1128,-132,-127,-116	2878770	N\A	N\A	N\A	N\A
P	0	52	0	36.8727	-9.09357	121.036	0.863107	0.400453	-0.307707	1.992	0.243	81	-10000	0	4	1	A	0	18052	0	0.0708117	-1	0	0	-10000	-1977,-1863,-1799,-1789,-976,-862,-798,-788,-113,-106,3,69,81	2884618	N\A	N\A	N\A	N\A
P	0	53	0	31.3038	-11.5176	111.612	0.714163	0.366459	0.596389	1.797	0.144	50	-10000	0	4	1	A	0	18052	0	0.0290966	-1	0	0	-10000	-1972,-1825,-1818,-971,-824,-817,-107,41,50,88	2884618	N\A	N\A	N\A	N\A
P	0	55	0	41.2381	-8.49421	105.55	-0.00586443	0.0715759	0.997418	1.239	0.063	-113	-10000	0	4	1	A	0	18052	0	0.228041	-1	0	0	-10000	-1977,-1961,-1784,-1735,-976,-971,-783,-735,-113,-106,84,136	2884618	N\A	N\A	N\A	N\A
P	0	65	0	55.2974	1.60967	107.311	-0.263985	-0.447834	0.854258	1.956	0.249	-132	-10000	0	4	1	A	0	18052	0	0.377016	-1	0	0	-10000	-1964,-1949,-1133,-1128,-1117,-963,-132,-127,35	2891704	N\A	N\A	N\A	N\A
P	0	67	0	70.0987	17.786	121.349	-0.217519	-0.974947	-0.0465164	4.314	0.207	-133	-10000	0	4	1	A	0	18052	0	2.09828	-1	0	0	-10000	-1989,-1672,-1664,-1021,-1013,-1003,-989,-667,-659,-139,-133,-125,-115,-100,234,242	2903295	N\A	N\A	N\A	N\A
P	0	68	0	68.6753	10.0207	121.932	-0.139355	-0.971413	0.192189	3.99	0.075	-133	-10000	0	4	1	A	0	18052	0	0.709254	-1	0	0	-10000	-1021,-702,-133	2903295	N\A	N\A	N\A	N\A
P	0	69	0	74.2892	7.70723	134.392	-0.390942	-0.434693	-0.811299	5.952	0.204	-133	-10000	0	4	1	A	0	18052	0	1.14462	-1	0	0	-10000	-1967,-1960,-1949,-1846,-1021,-966,-959,-948,-922,-861,-845,-133,-69,-58,35,50,68	2903295	N\A	N\A	N\A	N\A
P	0	71	0	68.4557	-6.87109	130.038	-0.0784506	0.861553	-0.501569	4.398	0.093	-133	-10000	0	4	1	A	0	18052	0	0.408287	-1	0	0	-10000	-1022,-133	2903295	N\A	N\A	N\A	N\A
P	0	74	0	64.6676	0.0321122	123.264	0.492934	0.868679	-0.0491292	3.804	0.093	-133	-10000	0	4	1	A	0	18052	0	0.250395	-1	0	0	-10000	-1022,-1013,-746,-133,155	2903295	N\A	N\A	N\A	N\A
P	0	77	0	69.678	22.4389	121.846	-0.187078	-0.980277	-0.0637031	3.45	0.216	-130	-10000	0	4	1	A	0	18052	0	2.55442	-1	0	0	-10000	-1838,-1832,-1824,-1814,-1799,-1465,-1457,-1161,-1153,-1142,-1127,-759,-750,-130,-122,-111,-98,223,231	2904994	N\A	N\A	N\A	N\A
P	0	78	0	68.6044	14.6409	122.402	-0.0824185	-0.975791	0.202582	3.072	0.075	-131	-10000	0	4	1	A	0	18052	0	0.884927	-1	0	0	-10000	-1832,-1161,-802,-131	2904994	N\A	N\A	N\A	N\A
P	0	79	0	73.1358	12.3335	135.688	-0.29944	-0.370046	-0.879432	5.361	0.204	-131	-10000	0	4	1	A	0	18052	0	1.50591	-1	0	0	-10000	-1832,-1768,-1757,-1664,-1649,-1631,-1162,-1101,-1083,-992,-969,-131,-76,-57,-30,46,69	2904994	N\A	N\A	N\A	N\A
P	0	81	0	67.7842	-2.45284	130.376	0.0413197	0.86934	-0.492484	3.711	0.12	-131	-10000	0	4	1	A	0	18052	0	0.557219	-1	0	0	-10000	-1832,-1162,-997,-131	2904994	N\A	N\A	N\A	N\A
P	0	84	0	64.9388	4.58123	123.922	0.499532	0.861246	-0.0934035	2.922	0.084	-131	-10000	0	4	1	A	0	18052	0	0.348401	-1	0	0	-10000	-1832,-1544,-1162,-131	2904994	N\A	N\A	N\A	N\A
P	0	87	0	68.7868	18.5951	120.895	-0.172223	-0.970739	-0.167345	3.477	0.222	-130	-10000	0	4	1	A	0	18052	0	2.49637	-1	0	0	-10000	-1882,-1874,-1863,-1849,-1531,-1523,-1197,-1191,-1183,-1172,-1157,-1090,-797,-787,-130,-122,-112,-98,220,228	2916754	N\A	N\A	N\A	N\A
P	0	88	0	67.8257	11.0349	121.567	-0.0712562	-0.939799	0.334216	3.117	0.075	-130	-10000	0	4	1	A	0	18052	0	0.860386	-1	0	0	-10000	-1882,-1566,-1191,-839,-130,184	2916754	N\A	N\A	N\A	N\A
P	0	89	0	73.639	8.9313	134.736	-0.204416	-0.315541	-0.926633	5.388	0.267	-130	-10000	0	7	1	A	0	18052	0	1.30372	-1	0	0	-10000	-1827,-1820,-1809,-1707,-1191,-1131,-1113,-1090,-1003,-130,-76,-68,-57,45	2916754	N\A	N\A	N\A	N\A
P	0	91	0	67.9626	-5.52884	130.684	-0.0548911	0.871477	-0.487354	3.705	0.126	-131	-10000	0	4	1	A	0	18052	0	0.5122	-1	0	0	-10000	-1877,-1191,-131	2916754	N\A	N\A	N\A	N\A
P	0	94	0	64.1395	1.24708	123.948	0.506403	0.856931	-0.0960511	2.976	0.09	-130	-10000	0	4	1	A	0	18052	0	0.346287	-1	0	0	-10000	-1882,-1191,-883,-130	2916754	N\A	N\A	N\A	N\A
P	0	97	0	70.4567	18.2435	120.142	-0.193754	-0.926399	-0.322869	3.804	0.216	-129	-10000	0	4	1	A	0	18052	0	1.97935	-1	0	0	-10000	-1774,-1765,-1129,-1121,-1111,-1097,-776,-768,-129,-120,-110,-96,223,232	2919755	N\A	N\A	N\A	N\A
P	0	98	0	69.7	10.971	120.352	-0.00170683	-0.929812	0.368031	3.453	0.081	-129	-10000	0	4	1	A	0	18052	0	0.705022	-1	0	0	-10000	-1809,-1130,-812,-129,187	2919755	N\A	N\A	N\A	N\A
P	0	99	0	75.6186	7.2936	134.087	-0.195341	-0.263014	-0.94481	5.793	0.366	-129	-10000	0	4	1	A	0	18052	0	1.09056	-1	0	0	-10000	-1953,-1130,-1067,-1056,-964,-954,-129,-67,-55,-36,36,46,53	2919755	N\A	N\A	N\A	N\A
P	0	101	0	71.0003	-5.47993	129.608	-0.085904	0.887254	-0.453211	4.11	0.186	-10000	-10000	0	4	1	A	0	18052	0	-10000	-1	0	0	-10000	-1130	2919755	N\A	N\A	N\A	N\A
P	0	103	0	61.7861	-5.25283	123.672	0.628794	0.771112	-0.100024	2.91	0.219	-129	-10000	0	7	1	A	0	18052	0	0.0969133	-1	0	0	-10000	-1948,-1130,-947,-132,-129,53	2919755	N\A	N\A	N\A	N\A
P	0	104	0	66.3653	1.23147	122.91	0.516971	0.851193	-0.0906187	3.267	0.117	-129	-10000	0	4	1	A	0	18052	0	0.317359	-1	0	0	-10000	-1130,-854,-129,145	2919755	N\A	N\A	N\A	N\A
P	0	107	0	41.7453	-11.549	179.569	-0.0224913	0.56666	-0.823645	11.352	4.317	-22	-10000	0	4	1	A	0	18052	0	1.21267	-1	0	0	-10000	-1990,-1897,-1329,-1271,-1167,-1137,-620,-594,-22,9	2946529	N\A	N\A	N\A	N\A
P	0	117	0	46.3401	-17.2855	182.341	0.591128	0.471351	-0.65452	20.133	7.23	-79	-10000	0	4	1	A	0	18052	0	4.15687	-1	0	0	-10000	-1976,-1913,-1909,-1847,-1636,-1362,-1355,-1127,-985,-79,401	2957844	N\A	N\A	N\A	N\A
P	0	119	0	46.2669	-7.1861	185.906	0.454888	-0.155773	-0.876819	24.729	12.441	-68	-10000	0	4	1	A	0	18052	0	5.61741	-1	0	0	-10000	-1874,-1857,-1843,-1775,-1635,-1621,-1512,-1125,-1113,-1098,-725,-130,-68	2957844	N\A	N\A	N\A	N\A
P	0	120	0	49.8459	-8.20129	178.83	0.43999	-0.0980701	-0.892632	11.331	1.515	-67	-10000	0	4	1	A	0	18052	0	1.07034	-1	0	0	-10000	-1863,-1852,-1126,-67	2957844	N\A	N\A	N\A	N\A
P	0	121	0	41.063	-4.1254	180.618	0.75504	-0.268942	-0.597983	12.024	1.845	-63	-10000	0	4	1	A	0	18052	0	1.41137	-1	0	0	-10000	-1853,-1847,-1647,-1151,-1130,-130,-125,-63	2957844	N\A	N\A	N\A	N\A
P	0	123	0	38.3603	-10.7363	173.809	0.973839	0.0871304	-0.209872	16.407	5.451	-65	-10000	0	4	1	A	0	18052	0	2.94287	-1	0	0	-10000	-1839,-1796,-1151,-1141,-1134,-1126,-130,-125,-65	2957844	N\A	N\A	N\A	N\A
P	0	125	0	46.366	-19.7856	171.992	0.777414	0.539596	-0.323208	17.919	7.896	-72	-10000	0	4	1	A	0	18052	0	3.22861	-1	0	0	-10000	-1818,-1122,-1114,-91,-72,38,42,295	2957844	N\A	N\A	N\A	N\A
P	0	137	0	68.8022	-25.0777	175.229	-0.0928461	0.646502	-0.757241	17.181	6.288	-41	-10000	0	4	1	A	0	18052	0	1.2565	-1	0	0	-10000	-1556,-1536,-1461,-1144,-1034,-1026,-892,-41,188	2968068	N\A	N\A	N\A	N\A
P	0	138	0	67.248	-19.6023	169.733	-0.296444	0.725951	-0.620577	12.558	3.255	-35	-10000	0	4	1	A	0	18052	0	1.56224	-1	0	0	-10000	-1991,-1984,-1554,-1534,-1504,-1493,-1163,-1114,-1108,-35,158	2968068	N\A	N\A	N\A	N\A
P	0	139	0	67.8529	-19.0231	179.416	-0.0875024	0.226478	-0.970078	23.064	7.632	-39	-10000	0	4	1	A	0	18052	0	5.28051	-1	0	0	-10000	-1826,-1576,-1356,-1186,-1166,-1100,-1029,-929,-779,-39,155,183,381	2968068	N\A	N\A	N\A	N\A
P	0	140	0	66.684	-16.9019	171.821	-0.204905	0.304231	-0.9303	12.966	4.983	-37	-10000	0	4	1	A	0	18052	0	1.94727	-1	0	0	-10000	-1560,-1467,-1167,-37	2968068	N\A	N\A	N\A	N\A
P	0	141	0	60.0223	-19.1291	178.827	0.390099	0.336696	-0.857005	13.8	2.391	-46	-10000	0	4	1	A	0	18052	0	1.19508	-1	0	0	-10000	-1555,-1461,-1163,-1026,-46	2968068	N\A	N\A	N\A	N\A
P	0	145	0	69.4673	-27.7139	169.766	-0.197941	0.840399	-0.504528	10.065	2.613	-39	-10000	0	4	1	A	0	18052	0	0.82753	-1	0	0	-10000	-1986,-1980,-1520,-1488,-1166,-1149,-1137,-1133,-1108,-110,-57,-39	2968068	N\A	N\A	N\A	N\A
P	0	147	0	65.9998	-31.9102	181.568	0.254359	0.699358	-0.667982	19.764	10.329	-54	-10000	0	4	1	A	0	18052	0	2.82926	-1	0	0	-10000	-1110,-1105,-1067,-1055,-109,-104,-66,-54	2974069	N\A	N\A	N\A	N\A
P	0	148	0	67.1345	-26.0379	176.369	0.0302723	0.772017	-0.634881	18.915	4.5	-46	-10000	0	4	1	A	0	18052	0	2.00755	-1	0	0	-10000	-1110,-1105,-1068,-1046,-109,-104,-67,-46	2974069	N\A	N\A	N\A	N\A
P	0	149	0	66.0536	-18.5162	182.594	0.240573	-0.970151	-0.0305365	21.333	12.183	-41	-10000	0	4	1	A	0	18052	0	4.45012	-1	0	0	-10000	-1110,-1043,-109,-41	2974069	N\A	N\A	N\A	N\A
P	0	150	0	67.0481	-21.823	178.613	0.0372719	0.0312181	-0.998817	16.479	3.261	-46	-10000	0	4	1	A	0	18052	0	2.29169	-1	0	0	-10000	-1047,-46	2974069	N\A	N\A	N\A	N\A
P	0	151	0	57.7104	-24.2348	182.747	0.647947	0.298592	-0.70072	17.337	3.243	-55	-10000	0	4	1	A	0	18052	0	1.41867	-1	0	0	-10000	-1110,-1056,-109,-55	2974069	N\A	N\A	N\A	N\A
P	0	152	0	63.0382	-22.2355	177.144	0.684582	0.20148	-0.700538	12.768	1.164	-49	-10000	0	4	1	A	0	18052	0	0.629412	-1	0	0	-10000	-1050,-49	2974069	N\A	N\A	N\A	N\A
P	0	153	0	54.5403	-25.4868	177.895	0.843908	0.273572	-0.461494	14.856	2.412	-62	-10000	0	4	1	A	0	18052	0	1.10494	-1	0	0	-10000	-1646,-1110,-1105,-1063,-109,-104,-62	2974069	N\A	N\A	N\A	N\A
P	0	154	0	61.5189	-23.2352	174.778	0.902425	0.289866	-0.318759	11.331	1.17	-109	-10000	0	4	1	A	0	18052	0	0.706624	-1	0	0	-10000	-1110,-1105,-1057,-109,-104,-67	2974069	N\A	N\A	N\A	N\A
P	0	155	0	66	-31.6224	170.633	0.426533	0.558988	-0.711057	9.192	3.24	-60	-10000	0	4	1	A	0	18052	0	1.11182	-1	0	0	-10000	-1110,-1061,-1043,-1035,-60,-43	2974069	N\A	N\A	N\A	N\A
P	0	156	0	67.0706	-26.416	170.225	-0.113457	0.831446	0.543898	11.472	1.557	-45	-10000	0	4	1	A	0	18052	0	0.88439	-1	0	0	-10000	-1058,-1046,-57,-45	2974069	N\A	N\A	N\A	N\A
P	0	157	0	67.4121	-26.6318	181.976	0.249005	0.694063	-0.67548	21.174	10.737	-75	-10000	0	4	1	A	0	18052	0	3.09546	-1	0	0	-10000	-1089,-1076,-88,-75	2977093	N\A	N\A	N\A	N\A
P	0	158	0	68.4833	-20.7906	176.734	0.0197887	0.769702	-0.638097	20.28	6.309	-67	-10000	0	4	1	A	0	18052	0	2.24357	-1	0	0	-10000	-1089,-1068,-88,-67	2977093	N\A	N\A	N\A	N\A
P	0	159	0	66.2286	-14.4686	183.295	-0.0588688	-0.963285	-0.261948	22.575	13.386	-63	-10000	0	4	1	A	0	18052	0	4.86474	-1	0	0	-10000	-1064,-63	2977093	N\A	N\A	N\A	N\A
P	0	161	0	59.5599	-20.0011	183.275	0.566178	0.320551	-0.759401	18.993	4.152	-76	-10000	0	4	1	A	0	18052	0	1.61436	-1	0	0	-10000	-1077,-76	2977093	N\A	N\A	N\A	N\A
P	0	162	0	64.4282	-17.5278	177.45	0.65147	0.298064	-0.697671	14.19	1.509	-70	-10000	0	4	1	A	0	18052	0	0.755423	-1	0	0	-10000	-1070,-70	2977093	N\A	N\A	N\A	N\A
P	0	163	0	56.3871	-21.6093	178.331	0.76871	0.451205	-0.453319	16.965	3.435	-83	-10000	0	4	1	A	0	18052	0	1.50221	-1	0	0	-10000	-1084,-131,-83	2977093	N\A	N\A	N\A	N\A
P	0	164	0	62.94	-18.3798	175.18	0.871652	0.357327	-0.33547	12.261	1.413	-77	-10000	0	4	1	A	0	18052	0	0.558887	-1	0	0	-10000	-1078,-77	2977093	N\A	N\A	N\A	N\A
P	0	165	0	69.3354	-25.9407	169.931	0.57381	0.687882	-0.444478	10.083	3.18	-81	-10000	0	4	1	A	0	18052	0	1.49605	-1	0	0	-10000	-1081,-1065,-1056,-81,-63,-55	2977093	N\A	N\A	N\A	N\A
P	0	166	0	69.8081	-20.6892	170.523	-0.401522	0.726235	0.557998	12.219	1.731	-66	-10000	0	4	1	A	0	18052	0	1.13511	-1	0	0	-10000	-1079,-1067,-78,-66	2977093	N\A	N\A	N\A	N\A
P	0	167	0	66.8949	-28.7411	181.423	0.296692	0.709138	-0.639607	21.327	11.568	-74	-10000	0	4	1	A	0	18052	0	3.12169	-1	0	0	-10000	-1087,-1074,-129,-86,-74	2978092	N\A	N\A	N\A	N\A
P	0	168	0	68.469	-22.7287	176.49	0.0978601	0.796879	-0.596161	20.985	5.823	-65	-10000	0	4	1	A	0	18052	0	2.24261	-1	0	0	-10000	-1087,-1066,-87,-65	2978092	N\A	N\A	N\A	N\A
P	0	169	0	66.1764	-16.7677	182.669	0.0153805	-0.986382	-0.163751	22.449	12.924	-62	-10000	0	4	1	A	0	18052	0	4.84391	-1	0	0	-10000	-1062,-129,-62	2978092	N\A	N\A	N\A	N\A
P	0	170	0	67.3915	-19.334	178.512	0.30006	0.228873	-0.926057	17.928	4.242	-66	-10000	0	4	1	A	0	18052	0	2.63996	-1	0	0	-10000	-1066,-66	2978092	N\A	N\A	N\A	N\A
P	0	171	0	59.1139	-21.6274	182.418	0.618954	0.306415	-0.723191	19.422	4.179	-75	-10000	0	4	1	A	0	18052	0	1.74485	-1	0	0	-10000	-1075,-370,-75	2978092	N\A	N\A	N\A	N\A
P	0	172	0	64.4815	-19.2442	177.027	0.724036	0.289904	-0.625881	14.16	1.482	-69	-10000	0	4	1	A	0	18052	0	0.741756	-1	0	0	-10000	-1069,-69	2978092	N\A	N\A	N\A	N\A
P	0	173	0	56.4286	-23.0843	177.858	0.821823	0.41895	-0.386119	17.685	3.819	-82	-10000	0	4	1	A	0	18052	0	1.58442	-1	0	0	-10000	-1130,-1082,-129,-82	2978092	N\A	N\A	N\A	N\A
P	0	174	0	63.2565	-20.0542	175.053	0.886222	0.339085	-0.315646	12.525	1.479	-76	-10000	0	4	1	A	0	18052	0	0.586246	-1	0	0	-10000	-1076,-76	2978092	N\A	N\A	N\A	N\A
P	0	175	0	68.6007	-28.6523	170.27	0.701233	0.662304	-0.263865	9.996	2.973	-80	-10000	0	4	1	A	0	18052	0	1.45836	-1	0	0	-10000	-1080,-1062,-1054,-80,-61,-54	2978092	N\A	N\A	N\A	N\A
P	0	176	0	69.8484	-23.0143	171.057	-0.330547	0.831484	0.446512	12.57	1.902	-65	-10000	0	4	1	A	0	18052	0	1.26042	-1	0	0	-10000	-1077,-1065,-77,-65	2978092	N\A	N\A	N\A	N\A
P	0	177	0	70.4122	-23.9334	172.647	-0.391293	0.608569	-0.690314	15.465	9.213	-70	-10000	0	4	1	A	0	18052	0	2.8641	-1	0	0	-10000	-1071,-1063,-1005,-132,-127,-70,-62,-11	2987222	N\A	N\A	N\A	N\A
P	0	178	0	67.0933	-18.6731	167.682	-0.43944	0.708098	-0.55271	13.17	5.199	-56	-10000	0	4	1	A	0	18052	0	1.2575	-1	0	0	-10000	-1133,-1128,-1073,-1057,-132,-127,-72,-56	2987222	N\A	N\A	N\A	N\A
P	0	179	0	68.7028	-10.605	173.457	-0.129685	-0.99155	0.00321631	21.621	18.582	-56	-10000	0	4	1	A	0	18052	0	6.25558	-1	0	0	-10000	-1685,-1056,-626,-56,368	2987222	N\A	N\A	N\A	N\A
P	0	180	0	66.712	-14.3426	169.898	-0.392901	-0.0503901	-0.918199	11.538	1.683	-58	-10000	0	4	1	A	0	18052	0	0.757145	-1	0	0	-10000	-1058,-58	2987222	N\A	N\A	N\A	N\A
P	0	189	0	77.6834	-12.3096	143.476	0.488402	-0.601244	0.632432	5.241	0.738	-10	-10000	0	4	1	A	0	18052	0	0.138529	-1	0	0	-10000	-1834,-1827,-1818,-1807,-1196,-1161,-1149,-1050,-10,-2,4	2997366	N\A	N\A	N\A	N\A
P	0	190	0	78.0116	-15.8345	149.279	-0.38496	-0.318055	0.866399	5.619	0.291	-7	-10000	0	4	1	A	0	18052	0	0.0728951	-1	0	0	-10000	-1827,-1817,-1807,-1096,-7	2997366	N\A	N\A	N\A	N\A
P	0	191	0	66.7642	-16.2558	163.343	0.674842	-0.280531	-0.682562	8.115	4.467	-43	-10000	0	4	1	A	0	18052	0	1.03131	-1	0	0	-10000	-1873,-1858,-1103,-1097,-1085,-1076,-43	2997366	N\A	N\A	N\A	N\A
P	0	193	0	68.2815	-21.5914	164.357	0.457944	0.198132	-0.866621	9.45	6.726	-46	-10000	0	4	1	A	0	18052	0	1.17585	-1	0	0	-10000	-1866,-1802,-1794,-1759,-1128,-1123,-1092,-127,-122,-74,-46	2997366	N\A	N\A	N\A	N\A
P	0	195	0	74.6022	-29.6138	148.141	-0.214487	0.949252	0.230034	4.569	0.156	-54	-10000	0	4	1	A	0	18052	0	0.0461473	-1	0	0	-10000	-1051,-54	2997366	N\A	N\A	N\A	N\A
P	0	196	0	74.2651	-22.3872	150.939	0.128118	0.871254	0.473816	5.115	0.162	-10000	-10000	0	4	1	A	0	18052	0	-10000	-1	0	0	-10000	-1791,-1050	2997366	N\A	N\A	N\A	N\A
P	0	199	0	77.2199	-7.02188	144.981	0.453368	-0.634236	0.626261	5.31	0.702	-12	-10000	0	4	1	A	0	18052	0	0.208841	-1	0	0	-10000	-1016,-1008,-1002,-12,-3,2	2998372	N\A	N\A	N\A	N\A
P	0	200	0	77.2899	-10.9146	150.609	-0.417601	-0.378283	0.826142	5.397	0.282	-10000	-10000	0	4	1	A	0	18052	0	-10000	-1	0	0	-10000	-1013	2998372	N\A	N\A	N\A	N\A
P	0	201	0	67.0466	-12.0756	165.347	0.597328	-0.312211	-0.738731	8.565	4.806	-46	-10000	0	4	1	A	0	18052	0	1.18266	-1	0	0	-10000	-1049,-46,-39	2998372	N\A	N\A	N\A	N\A
P	0	202	0	71.7626	-13.0232	159.21	0.589054	0.0724609	-0.804839	6.594	1.227	-40	-10000	0	4	1	A	0	18052	0	0.5488	-1	0	0	-10000	-1043,-40	2998372	N\A	N\A	N\A	N\A
P	0	203	0	68.7313	-17.3848	166.048	0.339661	0.204796	-0.917981	9.219	6.156	-49	-10000	0	4	1	A	0	18052	0	1.17724	-1	0	0	-10000	-1133,-1128,-1080,-1052,-132,-127,-55,-49	2998372	N\A	N\A	N\A	N\A
P	0	206	0	74.8176	-17.3676	151.453	-0.127231	0.786767	0.603995	4.929	0.18	-10000	-10000	0	4	1	A	0	18052	0	-10000	-1	0	0	-10000	-10000	2998372	N\A	N\A	N\A	N\A
P	0	209	0	77.3494	-1.15103	145.008	0.500169	-0.628374	0.5958	5.556	0.735	-14	-10000	0	4	1	A	0	18052	0	0.152773	-1	0	0	-10000	-1998,-1011,-1004,-999,-14,-1	3001372	N\A	N\A	N\A	N\A
P	0	210	0	77.9807	-5.30679	150.573	-0.32261	-0.446248	0.834737	5.742	0.333	-10000	-10000	0	4	1	A	0	18052	0	-10000	-1	0	0	-10000	-10000	3001372	N\A	N\A	N\A	N\A
P	0	211	0	67.7319	-7.01875	164.876	0.653053	-0.336818	-0.678288	8.994	5.844	-46	-10000	0	4	1	A	0	18052	0	1.27749	-1	0	0	-10000	-1045,-1039,-46	3001372	N\A	N\A	N\A	N\A
P	0	212	0	72.769	-7.92179	159.092	0.61713	0.106963	-0.779558	7.071	1.47	-41	-10000	0	4	1	A	0	18052	0	0.693976	-1	0	0	-10000	-1040,-41	3001372	N\A	N\A	N\A	N\A
P	0	213	0	69.4766	-12.165	165.784	0.395062	0.175675	-0.901701	10.299	7.287	-49	-10000	0	4	1	A	0	18052	0	1.38713	-1	0	0	-10000	-1048,-49	3001372	N\A	N\A	N\A	N\A
P	0	216	0	75.4107	-12.3273	151.691	-0.0453132	0.812556	0.581118	5.292	0.174	-10000	-10000	0	4	1	A	0	18052	0	-10000	-1	0	0	-10000	-1963,-962	3001372	N\A	N\A	N\A	N\A
P	0	217	0	63.5851	-28.0533	175.731	-0.544988	0.661775	-0.514822	21.756	8.196	-77	-10000	0	4	1	A	0	18052	0	2.81577	-1	0	0	-10000	-1725,-1683,-1553,-1153,-1065,-1022,-1016,-967,-715,-683,-599,-130,-125,-88,-77,31,68,453,463,480	3009705	N\A	N\A	N\A	N\A
P	0	219	0	58.5617	-20.0827	182.678	-0.159694	-0.0183199	-0.986996	13.989	2.481	-70	-10000	0	4	1	A	0	18052	0	1.36844	-1	0	0	-10000	-1881,-1816,-1805,-1793,-1649,-1162,-1064,-70,31	3009705	N\A	N\A	N\A	N\A
P	0	225	0	55.3538	-26.3357	161.987	0.436365	-0.117157	0.89211	10.443	3.669	-61	-10000	0	4	1	A	0	18052	0	0.991325	-1	0	0	-10000	-1958,-1763,-1737,-1724,-1710,-1636,-1599,-1556,-1169,-1117,-1053,-1032,-130,-61,54,492	3009705	N\A	N\A	N\A	N\A
P	0	227	0	60.1021	-24.0184	175.209	-0.575335	0.662423	-0.479776	20.643	6.639	-80	-10000	0	4	1	A	0	18052	0	2.15623	-1	0	0	-10000	-1921,-1911,-1894,-1789,-1640,-1560,-1473,-1442,-1320,-1192,-1187,-1148,-1137,-1060,-983,-723,-131,-126,-90,-80,67,311,377,448,477	3012079	N\A	N\A	N\A	N\A
P	0	229	0	55.0326	-15.3857	182.578	-0.27322	-0.0709796	-0.959329	13.068	2.304	-74	-10000	0	4	1	A	0	18052	0	1.27752	-1	0	0	-10000	-1873,-1132,-743,-74	3012079	N\A	N\A	N\A	N\A
P	0	235	0	55.7782	-22.8815	162.417	-0.804435	0.591212	0.0579024	10.713	4.542	-61	-10000	0	4	1	A	0	18052	0	1.24846	-1	0	0	-10000	-1882,-1850,-1842,-1831,-1126,-1119,-68,-61	3012079	N\A	N\A	N\A	N\A
P	0	237	0	63.5568	-27.0972	175.565	-0.937189	0.346219	0.0425293	9.609	7.074	-80	-10000	0	4	1	A	0	18052	0	0.862293	-1	0	0	-10000	-1082,-1055,-1008,-87,-80,-54,-9	3018778	N\A	N\A	N\A	N\A
P	0	239	0	58.1145	-20.456	186.756	-0.19692	0.0425647	-0.979495	21.453	6.291	-75	-10000	0	4	1	A	0	18052	0	3.3684	-1	0	0	-10000	-1998,-1477,-1077,-887,-75	3018778	N\A	N\A	N\A	N\A
P	0	240	0	55.3395	-19.9331	179.423	-0.49913	0.0886244	-0.861983	12.651	2.916	-73	-10000	0	4	1	A	0	18052	0	0.882486	-1	0	0	-10000	-1076,-812,-782,-73	3018778	N\A	N\A	N\A	N\A
P	0	241	0	42.7357	-12.0413	179.846	0.733884	-0.466467	-0.493784	15.255	8.013	-68	-10000	0	4	1	A	0	18052	0	3.63996	-1	0	0	-10000	-1071,-835,-605,-462,-132,-68	3018778	N\A	N\A	N\A	N\A
P	0	243	0	39.3485	-16.8745	174.309	0.982311	-0.157757	-0.100883	17.655	3.78	-71	-10000	0	4	1	A	0	18052	0	1.67131	-1	0	0	-10000	-1090,-1074,-922,-892,-835,-655,-132,-99,-71,46,79,335	3018778	N\A	N\A	N\A	N\A
P	0	244	0	47.1663	-18.4009	174.041	0.973973	-0.224148	0.0336846	12.651	1.689	-73	-10000	0	4	1	A	0	18052	0	1.29463	-1	0	0	-10000	-1074,-132,-73,325	3018778	N\A	N\A	N\A	N\A
P	0	245	0	56.1738	-21.0791	162.927	-0.555069	-0.358762	0.750459	10.056	4.254	-63	-10000	0	4	1	A	0	18052	0	0.795948	-1	0	0	-10000	-1468,-1073,-132,-63	3018778	N\A	N\A	N\A	N\A
P	0	246	0	53.2333	-21.5138	169.595	-0.200133	0.240398	0.949819	12.951	3.558	-71	-10000	0	4	1	A	0	18052	0	1.41571	-1	0	0	-10000	-1748,-1073,-132,-71	3018778	N\A	N\A	N\A	N\A
P	0	247	0	62.7071	-25.9216	175.599	-0.881461	0.470218	-0.0438248	10.35	7.833	-80	-10000	0	4	1	A	0	18052	0	0.890156	-1	0	0	-10000	-1088,-1080,-1055,-1011,-87,-80,-54,-10,38,52	3020779	N\A	N\A	N\A	N\A
P	0	249	0	56.3441	-19.1709	187.121	-0.125723	0.10808	-0.98616	23.151	7.35	-75	-10000	0	4	1	A	0	18052	0	4.11808	-1	0	0	-10000	-1075,-689,-75,44,71	3020779	N\A	N\A	N\A	N\A
P	0	250	0	54.7014	-17.8227	179.468	-0.285521	0.229449	-0.9305	13.623	2.949	-72	-10000	0	4	1	A	0	18052	0	0.927605	-1	0	0	-10000	-1073,-72,-66,34,429	3020779	N\A	N\A	N\A	N\A
P	0	251	0	41.9071	-10.9494	179.073	0.819092	-0.343879	-0.459169	6.963	6.504	-68	-10000	0	4	1	A	0	18052	0	1.44993	-1	0	0	-10000	-1132,-1069,-754,-739,-636,-131,-114,-76,-68,-59,-45,33,68,311,390	3020779	N\A	N\A	N\A	N\A
P	0	253	0	39.5885	-15.9855	174.594	0.982145	-0.00789134	-0.187962	18.612	4.734	-71	-10000	0	4	1	A	0	18052	0	2.03796	-1	0	0	-10000	-1955,-1922,-1666,-1132,-1071,-956,-927,-131,-126,-71,34,44,53	3020779	N\A	N\A	N\A	N\A
P	0	254	0	47.4909	-16.3336	173.86	0.99685	-0.0792185	0.00391699	13.692	1.875	-73	-10000	0	4	1	A	0	18052	0	1.53363	-1	0	0	-10000	-1676,-1132,-1073,-131,-73,68,324,429	3020779	N\A	N\A	N\A	N\A
P	0	255	0	56.1187	-19.5915	163.02	-0.560508	-0.350835	0.750163	10.356	4.962	-64	-10000	0	4	1	A	0	18052	0	0.897804	-1	0	0	-10000	-1132,-1064,-131,-64,-10,44,253,260,294,374	3020779	N\A	N\A	N\A	N\A
P	0	256	0	53.4093	-19.4241	169.491	-0.144293	0.381308	0.913118	13.833	4.065	-71	-10000	0	4	1	A	0	18052	0	1.66048	-1	0	0	-10000	-1132,-1072,-131,-123,-71,-10,33,48	3020779	N\A	N\A	N\A	N\A
P	0	267	0	34.5328	-14.4993	179.402	0.373261	0.911536	-0.172564	24.846	9.156	-63	-10000	0	4	1	A	0	18052	0	4.53969	-1	0	0	-10000	-1991,-1957,-1835,-1817,-1544,-1186,-1169,-1157,-1121,-986,-678,-669,-594,-125,-63,55,82,356,382	3036204	N\A	N\A	N\A	N\A
P	0	268	0	38.0767	-7.51489	177.948	0.513561	0.836451	-0.191322	11.193	2.301	-60	-10000	0	4	1	A	0	18052	0	1.39396	-1	0	0	-10000	-1954,-1551,-1185,-1118,-129,-124,-60	3036204	N\A	N\A	N\A	N\A
P	0	269	0	50.747	2.04463	184.351	-0.716933	-0.362107	-0.595723	19.71	6.159	-55	-10000	0	4	1	A	0	18052	0	3.60258	-1	0	0	-10000	-1949,-1113,-1017,-55,72	3036204	N\A	N\A	N\A	N\A
P	0	271	0	41.3383	10.0136	179.511	0.0862779	-0.926806	-0.365495	7.221	3.759	-45	-10000	0	4	1	A	0	18052	0	1.01203	-1	0	0	-10000	-1944,-1938,-1903,-1898,-1108,-1101,-1071,-1068,-1060,-50,-45,-5,262	3036204	N\A	N\A	N\A	N\A
P	0	275	0	28.9301	0.340582	172.158	0.96819	-0.0720628	0.239616	12.21	5.418	-46	-10000	0	4	1	A	0	18052	0	2.05767	-1	0	0	-10000	-1940,-1797,-1190,-1186,-1102,-848,-129,-46	3036204	N\A	N\A	N\A	N\A
P	0	277	0	61.6312	-29.3523	181.536	-0.854642	0.472365	-0.215544	18.03	4.62	-77	-10000	0	4	1	A	0	18052	0	2.18654	-1	0	0	-10000	-1597,-1503,-1396,-1342,-914,-832,-88,-77	3042772	N\A	N\A	N\A	N\A
P	0	278	0	55.0006	-25.2046	179.931	-0.803843	0.565064	-0.185844	16.788	4.935	-81	-10000	0	4	1	A	0	18052	0	1.2122	-1	0	0	-10000	-1507,-837,-81	3042772	N\A	N\A	N\A	N\A
P	0	279	0	56.3579	-13.0313	186.092	-0.0383224	-0.633776	-0.772567	20.433	9.045	-71	-10000	0	4	1	A	0	18052	0	3.80056	-1	0	0	-10000	-1560,-1498,-1431,-1023,-889,-827,-724,-686,-607,-587,-363,-253,-163,-71,-15,-3,37,293,314,364	3042772	N\A	N\A	N\A	N\A
P	0	280	0	53.9173	-18.259	181.374	-0.576864	-0.694506	-0.429988	14.808	5.211	-75	-10000	0	4	1	A	0	18052	0	1.10855	-1	0	0	-10000	-1560,-1502,-889,-831,-135,-75	3042772	N\A	N\A	N\A	N\A
P	0	281	0	45.0329	-10.3408	183.139	0.42995	-0.803609	-0.411529	14.817	7.446	-73	-10000	0	4	1	A	0	18052	0	2.5394	-1	0	0	-10000	-1560,-1499,-889,-884,-828,-135,-73	3042772	N\A	N\A	N\A	N\A
P	0	282	0	48.3959	-17.0062	180.335	0.411452	-0.864001	-0.290189	14.445	9.207	-75	-10000	0	4	1	A	0	18052	0	1.89552	-1	0	0	-10000	-1570,-1560,-1501,-889,-830,-135,-75	3042772	N\A	N\A	N\A	N\A
P	0	283	0	37.8739	-18.1165	180.229	0.91395	-0.373371	-0.159029	22.413	18.78	-72	-10000	0	4	1	A	0	18052	0	5.62344	-1	0	0	-10000	-1900,-1560,-1556,-1498,-1390,-1387,-1374,-889,-885,-826,-719,-237,-135,-130,-72,37,74,280,467	3042772	N\A	N\A	N\A	N\A
P	0	284	0	45.3612	-20.5953	179.044	0.959267	-0.246868	-0.137341	21.132	5.154	-79	-10000	0	4	1	A	0	18052	0	2.65967	-1	0	0	-10000	-1970,-1560,-1506,-889,-884,-835,-135,-79,297	3042772	N\A	N\A	N\A	N\A
P	0	285	0	59.1999	-30.0754	182.808	-0.624514	0.395868	-0.673255	15.69	13.086	-135	-10000	0	4	1	A	0	18052	0	1.16335	-1	0	0	-10000	-1560,-1523,-1513,-1486,-1442,-889,-884,-852,-843,-815,-786,-766,-135,-97,-88,-59,-10	3042772	N\A	N\A	N\A	N\A
P	0	286	0	53.9261	-25.8396	179.356	-0.709766	0.674296	-0.203854	16.782	2.514	-87	-10000	0	4	1	A	0	18052	0	1.23247	-1	0	0	-10000	-1964,-1932,-1560,-1520,-1336,-889,-884,-842,-765,-653,-135,-87,-14	3042772	N\A	N\A	N\A	N\A
P	0	287	0	60.5886	-27.9937	181.906	-0.850308	0.4811	-0.213352	18.837	4.866	-75	-10000	0	4	1	A	0	18052	0	2.31663	-1	0	0	-10000	-1687,-1605,-861,-850,-86,-75	3043545	N\A	N\A	N\A	N\A
P	0	288	0	53.9911	-23.7867	180.316	-0.799867	0.571127	-0.184464	17.391	4.983	-79	-10000	0	4	1	A	0	18052	0	1.26392	-1	0	0	-10000	-1610,-854,-79	3043545	N\A	N\A	N\A	N\A
P	0	289	0	55.3901	-11.3297	186.332	-0.0766853	-0.656187	-0.750692	23.709	11.541	-69	-10000	0	4	1	A	0	18052	0	4.48226	-1	0	0	-10000	-1796,-1662,-1600,-1497,-1459,-1380,-1360,-1136,-1026,-936,-844,-788,-776,-736,-480,-459,-409,-132,-69,0,41,107,294,431,457	3043545	N\A	N\A	N\A	N\A
P	0	290	0	52.8526	-16.7267	181.724	-0.562757	-0.711822	-0.420256	15.957	5.331	-73	-10000	0	4	1	A	0	18052	0	1.22355	-1	0	0	-10000	-1662,-1604,-908,-848,-132,-73	3043545	N\A	N\A	N\A	N\A
P	0	291	0	44.0199	-8.82804	183.355	0.428417	-0.815703	-0.388701	15.612	7.737	-71	-10000	0	4	1	A	0	18052	0	2.58653	-1	0	0	-10000	-1662,-1657,-1601,-908,-846,-132,-71	3043545	N\A	N\A	N\A	N\A
P	0	292	0	47.3881	-15.5516	180.683	0.414124	-0.866169	-0.279736	15.093	9.426	-73	-10000	0	4	1	A	0	18052	0	1.9862	-1	0	0	-10000	-1662,-1603,-908,-848,-132,-73	3043545	N\A	N\A	N\A	N\A
P	0	293	0	36.9421	-16.4477	180.592	0.908398	-0.387182	-0.157807	23.526	19.299	-70	-10000	0	4	1	A	0	18052	0	5.89902	-1	0	0	-10000	-1662,-1658,-1599,-1492,-1010,-908,-903,-845,-736,-699,-493,-306,-146,-132,-128,-70,41,58,70,304	3043545	N\A	N\A	N\A	N\A
P	0	294	0	44.3892	-19.0569	179.425	0.954702	-0.265633	-0.134105	21.906	4.458	-77	-10000	0	4	1	A	0	18052	0	2.71066	-1	0	0	-10000	-1662,-1657,-1608,-908,-852,-476,-132,-77	3043545	N\A	N\A	N\A	N\A
P	0	295	0	58.1809	-28.8205	182.969	-0.63242	0.417915	-0.65222	15.705	13.188	-132	-10000	0	4	1	A	0	18052	0	1.37535	-1	0	0	-10000	-1662,-1657,-1625,-1616,-1588,-1559,-1539,-908,-870,-861,-832,-783,-132,-127,-95,-86,-57,-8	3043545	N\A	N\A	N\A	N\A
P	0	296	0	52.9004	-24.4491	179.665	-0.703061	0.68619	-0.186676	17.7	2.715	-85	-10000	0	4	1	A	0	18052	0	1.34308	-1	0	0	-10000	-1662,-1657,-1615,-1538,-1426,-908,-860,-787,-132,-127,-85,-13	3043545	N\A	N\A	N\A	N\A
P	0	313	0	30.2882	-7.44611	165.261	0.839265	0.406963	-0.360576	11.748	2.334	-52	-10000	0	4	1	A	0	18052	0	0.886189	-1	0	0	-10000	-1128,-1076,-1051,-131,-128,-76,-52	3057926	N\A	N\A	N\A	N\A
P	0	317	0	75.9183	-6.0469	134.905	0.551672	0.667987	0.499451	4.719	0.108	40	-10000	0	4	1	A	0	18052	0	0.0389818	-1	0	0	-10000	-1819,-815,40	3072931	N\A	N\A	N\A	N\A
P	0	319	0	71.1534	13.6675	132.433	0.639712	-0.39928	0.656768	6.465	0.372	-2	-10000	0	4	1	A	0	18052	0	0.0503235	-1	0	0	-10000	-1949,-1938,-1913,-1855,-1800,-1786,-1646,-1325,-933,-912,-856,-80,-59,-2	3072931	N\A	N\A	N\A	N\A
P	0	321	0	76.3686	10.5092	151.738	-0.444285	-0.402258	-0.8005	15.828	6.045	-9	-10000	0	4	1	A	0	18052	0	2.52246	-1	0	0	-10000	-1863,-1760,-984,-863,-132,-9	3072931	N\A	N\A	N\A	N\A
P	0	322	0	75.4122	7.42183	145.035	0.194792	-0.382984	-0.902983	8.265	1.542	-8	-10000	0	4	1	A	0	18052	0	0.390732	-1	0	0	-10000	-1884,-1863,-1851,-883,-862,-851,-29,-8,4	3072931	N\A	N\A	N\A	N\A
P	0	329	0	70.1402	22.2716	132.356	0.245339	-0.86799	0.431742	9.087	0.276	-31	-10000	0	4	1	A	0	18052	0	0.100004	-1	0	0	-10000	-1768,-1758,-1737,-1131,-1120,-1095,-51,-31	3078680	N\A	N\A	N\A	N\A
P	0	332	0	72.9148	14.8973	144.401	-0.457242	-0.48128	-0.747863	9.306	1.992	-22	-10000	0	4	1	A	0	18052	0	0.840282	-1	0	0	-10000	-1711,-1703,-1151,-1143,-1138,-1128,-1114,-22,-4,75	3078680	N\A	N\A	N\A	N\A
P	0	333	0	68.5551	3.805	151.037	0.219985	0.611012	-0.760441	9.225	3.141	-45	-10000	0	4	1	A	0	18052	0	1.39807	-1	0	0	-10000	-1818,-1743,-1738,-1726,-1179,-1168,-959,-45,-36,300,308	3078680	N\A	N\A	N\A	N\A
P	0	357	0	27.4584	6.03884	176.392	0.322254	0.108923	-0.940366	12.855	3.312	-52	-10000	0	4	1	A	0	18052	0	2.375	-1	0	0	-10000	-1843,-1748,-1503,-1125,-1035,-121,-52	3095250	N\A	N\A	N\A	N\A
P	0	359	0	33.0377	18.8589	173.845	-0.0233808	-0.711316	-0.702484	7.482	5.013	-60	-10000	0	4	1	A	0	18052	0	0.27932	-1	0	0	-10000	-1907,-1033,-1020,-1011,-60,-26,-11	3095250	N\A	N\A	N\A	N\A
P	0	365	0	23.7845	-0.354375	161.745	0.79548	0.605259	-0.0295534	11.817	1.68	-50	-10000	0	4	1	A	0	18052	0	1.206	-1	0	0	-10000	-1810,-1123,-1024,-125,-121,-50	3095250	N\A	N\A	N\A	N\A
P	0	367	0	27.2053	7.95091	177.216	0.250549	0.107599	-0.962106	10.584	3.9	-41	-10000	0	4	1	A	0	18052	0	2.09196	-1	0	0	-10000	-1041,-127,-41,51	3098258	N\A	N\A	N\A	N\A
P	0	369	0	32.9846	20.9826	174.065	-0.140469	-0.689276	-0.710751	7.716	2.844	-18	-10000	0	4	1	A	0	18052	0	0.191139	-1	0	0	-10000	-1032,-1018,-126,-18	3098258	N\A	N\A	N\A	N\A
P	0	375	0	23.9059	0.223285	162.192	0.644232	0.763974	0.0361792	10.827	4.38	-29	-10000	0	4	1	A	0	18052	0	2.01262	-1	0	0	-10000	-1128,-1030,-127,-29,444	3098258	N\A	N\A	N\A	N\A
P	0	380	0	29.3955	16.2669	168.915	-0.00926968	-0.784457	-0.620114	6.129	3.615	-11	-10000	0	4	1	A	0	18052	0	1.39315	-1	0	0	-10000	-1659,-1547,-1334,-1168,-1161,-1147,-864,-42,-11,5,18,479,488,496	3113664	N\A	N\A	N\A	N\A
P	0	385	0	24.7822	-0.0133468	168.94	0.348049	0.720108	-0.600255	13.617	7.458	-18	-10000	0	4	1	A	0	18052	0	2.77943	-1	0	0	-10000	-1622,-1156,-1148,-1143,-1135,-105,-18	3113664	N\A	N\A	N\A	N\A
P	0	397	0	31.0678	6.03932	179.002	0.0232994	0.277421	-0.960466	9.393	1.389	-50	-10000	0	4	1	A	0	18052	0	1.31243	-1	0	0	-10000	-1630,-1624,-1211,-1183,-1107,-1048,-1024,-964,-868,-50,456	3132861	N\A	N\A	N\A	N\A
P	0	398	0	31.5263	8.53975	171.431	0.0913611	0.347936	-0.933056	7.857	1.371	-40	-10000	0	4	1	A	0	18052	0	0.573664	-1	0	0	-10000	-1827,-1648,-1638,-1632,-1547,-1188,-1098,-1041,-835,-40,260,449,464	3132861	N\A	N\A	N\A	N\A
P	0	399	0	26.5985	18.3695	175.879	0.409198	-0.560657	-0.719875	16.416	6.114	-35	-10000	0	4	1	A	0	18052	0	2.24352	-1	0	0	-10000	-1630,-1547,-1173,-1165,-1081,-1075,-1041,-1008,-832,-494,-128,-35,364,379,438,472,481	3132861	N\A	N\A	N\A	N\A
P	0	400	0	29.9466	13.8608	170.183	0.427855	-0.566558	-0.704238	8.043	1.947	-34	-10000	0	4	1	A	0	18052	0	1.15636	-1	0	0	-10000	-1831,-1654,-1646,-1547,-1518,-1190,-1178,-1172,-1090,-1031,-1014,-777,-715,-568,-130,-34,202,299,455,472	3132861	N\A	N\A	N\A	N\A
P	0	401	0	26.1568	19.9281	162.756	0.503387	-0.699204	-0.507656	9.144	3.012	-15	-10000	0	4	1	A	0	18052	0	1.05376	-1	0	0	-10000	-1672,-1639,-1174,-1154,-1078,-1036,-835,-75,-15,206,406,478,487	3132861	N\A	N\A	N\A	N\A
P	0	402	0	29.7732	14.5882	163.073	0.444284	-0.697787	0.561876	5.499	2.601	-30	-10000	0	4	1	A	0	18052	0	0.981038	-1	0	0	-10000	-1660,-1178,-1161,-1074,-1014,-961,-126,-30,-24,-3,476,489	3132861	N\A	N\A	N\A	N\A
P	0	405	0	25.9573	-1.21407	164.601	0.507761	0.849828	-0.141321	12.717	4.485	-37	-10000	0	4	1	A	0	18052	0	2.08735	-1	0	0	-10000	-1641,-1559,-1179,-1157,-1041,-1008,-961,-129,-37	3132861	N\A	N\A	N\A	N\A
P	0	407	0	53.1339	16.617	131.307	-0.859688	0.172651	0.480758	2.673	0.411	-131	-10000	0	4	1	A	0	18052	0	0.223779	-1	0	0	-10000	-1994,-1955,-1663,-1647,-1536,-1183,-1159,-1062,-862,-834,-131,-122,-8,14	3150854	N\A	N\A	N\A	N\A
P	0	410	0	46.3146	24.0039	136.688	-0.769784	-0.593345	0.235319	11.583	6.045	-1	-10000	0	4	1	A	0	18052	0	3.22842	-1	0	0	-10000	-1673,-1665,-1659,-1558,-1178,-1031,-842,-16,-1,72,425	3150854	N\A	N\A	N\A	N\A
P	0	423	0	32.0394	-2.46661	153.693	0.272603	0.715593	-0.643129	7.17	1.26	-35	-10000	0	4	1	A	0	18052	0	0.402119	-1	0	0	-10000	-1521,-1127,-1035,-126,-35	3161129	N\A	N\A	N\A	N\A
P	0	433	0	43.7723	36.4784	124.022	0.335557	-0.35841	-0.871174	10.38	2.868	-14	-10000	0	4	1	A	0	18052	0	0.77763	-1	0	0	-10000	-1712,-1686,-1641,-1627,-1621,-1599,-862,-836,-773,-111,-69,-14,12,64,74	3172964	N\A	N\A	N\A	N\A
P	0	435	0	46.7118	29.4176	137.222	-0.184824	-0.12851	-0.974333	7.716	1.845	8	-10000	0	4	1	A	0	18052	0	0.691586	-1	0	0	-10000	-1707,-1688,-1673,-1140,-857,-839,-823,-9,8,26	3172964	N\A	N\A	N\A	N\A
P	0	443	0	44.8609	38.2595	124.666	-0.215326	-0.377813	-0.900496	6.9	3.288	-27	-10000	0	4	1	A	0	18052	0	0.590985	-1	0	0	-10000	-1813,-1716,-1691,-1628,-967,-870,-851,-842,-783,-124,-82,-27,-8,0,60	3175505	N\A	N\A	N\A	N\A
P	0	451	0	48.2878	35.1174	113.301	-0.405231	-0.42347	0.810223	4.92	1.578	-36	-10000	0	7	1	A	0	18052	0	0.155049	-1	0	0	-10000	-1814,-1710,-1666,-1647,-1626,-971,-868,-858,-824,-804,-134,-36,19,40	3176349	N\A	N\A	N\A	N\A
P	0	453	0	45.5707	40.1213	124.975	-0.0518612	-0.472574	-0.879764	9.177	3.033	-34	-10000	0	7	1	A	0	18052	0	0.707983	-1	0	0	-10000	-1811,-1714,-1695,-1686,-1627,-968,-926,-871,-852,-844,-784,-131,-34,-9,53	3176349	N\A	N\A	N\A	N\A
P	0	458	0	48.9187	19.033	134.698	-0.719362	0.690219	-0.0782124	3.888	2.985	17	-10000	0	4	1	A	0	18052	0	0.796526	-1	0	0	-10000	-1130,-995,-983,-129,17	3191146	N\A	N\A	N\A	N\A
P	0	459	0	51.9565	29.8453	127.633	-0.858175	0.035899	0.512101	8.265	4.278	-8	-10000	0	4	1	A	0	18052	0	1.69507	-1	0	0	-10000	-1048,-1013,-48,-8	3191146	N\A	N\A	N\A	N\A
P	0	464	0	39.6665	24.2968	134.753	0.903075	-0.394485	-0.169816	3.366	1.734	16	-10000	0	4	1	A	0	18052	0	0.57519	-1	0	0	-10000	-1130,-1010,-129,16	3191146	N\A	N\A	N\A	N\A
P	0	466	0	42.7684	25.2413	137.598	0.385776	-0.658842	-0.645836	6.858	3.747	9	-10000	0	4	1	A	0	18052	0	1.32814	-1	0	0	-10000	-1565,-1015,9	3191146	N\A	N\A	N\A	N\A
P	0	468	0	50.573	17.8429	135.721	-0.785767	0.593484	-0.174205	7.305	0.996	-8	-10000	0	4	1	A	0	18052	0	0.461023	-1	0	0	-10000	-1922,-1067,-941,-922,-66,-29,-15,-8	3194086	N\A	N\A	N\A	N\A
P	0	469	0	53.2424	28.1475	131.763	-0.944193	0.141313	-0.29754	12.18	4.404	-76	-10000	0	4	1	A	0	18052	0	1.53899	-1	0	0	-10000	-1987,-1948,-986,-948,-76,61,302,412	3194086	N\A	N\A	N\A	N\A
P	0	473	0	34.1009	26.1052	136.282	0.886973	-0.362021	-0.286739	6.963	1.599	-66	-10000	0	4	1	A	0	18052	0	0.0204604	-1	0	0	-10000	-1948,-1936,-1922,-1067,-936,-922,-66	3194086	N\A	N\A	N\A	N\A
P	0	476	0	43.6165	23.8882	137.23	0.483745	-0.730983	-0.481305	11.355	11.841	-41	-10000	0	4	1	A	0	18052	0	1.96754	-1	0	0	-10000	-1930,-930,-66,-58,-41,-27	3194086	N\A	N\A	N\A	N\A
P	0	478	0	47.1932	13.3131	167.671	0.382965	-0.11038	-0.917145	4.971	1.557	-37	-10000	0	4	1	A	0	18052	0	0.679041	-1	0	0	-10000	-1710,-1377,-1208,-1202,-1184,-1073,-229,-45,-37,-31,237	3205070	N\A	N\A	N\A	N\A
P	0	479	0	45.7671	25.4399	166.302	0.238164	-0.917203	-0.3194	10.155	3.894	-23	-10000	0	4	1	A	0	18052	0	2.49562	-1	0	0	-10000	-1733,-1395,-1181,-825,-23,385	3205070	N\A	N\A	N\A	N\A
P	0	488	0	48.0694	14.8067	169.812	0.517426	-0.32183	-0.792904	4.974	2.967	-11	-10000	0	4	1	A	0	18052	0	0.371185	-1	0	0	-10000	-1386,-1372,-1187,-852,-844,-834,-25,-11	3209411	N\A	N\A	N\A	N\A
P	0	489	0	48.4761	26.2978	168.576	0.148241	-0.953815	-0.26127	8.841	3.633	-8	-10000	0	4	1	A	0	18052	0	1.98045	-1	0	0	-10000	-1473,-1468,-1459,-1367,-1142,-1127,-867,-700,-676,-574,-113,-108,-8,191,382,433,474	3209411	N\A	N\A	N\A	N\A
P	0	490	0	49.892	18.6653	166.672	0.205806	-0.954734	-0.214771	4.941	2.043	-10	-10000	0	4	1	A	0	18052	0	0.947761	-1	0	0	-10000	-1468,-1463,-1369,-1340,-851,-10	3209411	N\A	N\A	N\A	N\A
P	0	498	0	43.2537	9.6845	171.904	0.418045	-0.539023	-0.731227	3.411	3.057	-35	-10000	0	4	1	A	0	18052	0	0.495354	-1	0	0	-10000	-1601,-1594,-1587,-1083,-1071,-1058,-970,-593,-486,-65,-45,-35,-20,74,466,482,492	3217026	N\A	N\A	N\A	N\A
P	0	499	0	48.2656	19.9875	170.753	-0.0946531	-0.952067	-0.290877	7.263	2.505	-46	-10000	0	4	1	A	0	18052	0	1.17927	-1	0	0	-10000	-1584,-1503,-1488,-1136,-1053,-1020,-955,-886,-46,5,81,244,423,493	3217026	N\A	N\A	N\A	N\A
P	0	500	0	46.9746	12.3584	168.891	-0.228429	-0.957644	-0.175323	5.838	2.502	-50	-10000	0	4	1	A	0	18052	0	1.01591	-1	0	0	-10000	-1585,-1106,-1059,-1050,-50,-42,448,491,499	3217026	N\A	N\A	N\A	N\A
P	0	517	0	53.1256	25.8415	152.822	-0.928041	0.265892	-0.260846	15.168	7.392	-16	-10000	0	4	1	A	0	18052	0	1.74421	-1	0	0	-10000	-1949,-1944,-1829,-1619,-1603,-1215,-1210,-1119,-890,-130,-16,434,441,447,463	3259893	N\A	N\A	N\A	N\A
P	0	518	0	46.5859	29.5904	151.268	-0.723226	0.677866	-0.132066	8.361	1.236	-8	-10000	0	4	1	A	0	18052	0	0.774025	-1	0	0	-10000	-1957,-1833,-1223,-129,-8,441,471	3259893	N\A	N\A	N\A	N\A
P	0	519	0	51.4088	29.2314	141.049	-0.668697	0.338013	0.662262	12.699	3.21	-24	-10000	0	4	1	A	0	18052	0	0.775455	-1	0	0	-10000	-1945,-1939,-1927,-1829,-1211,-1205,-1192,-129,-24,208,318,454,460,465	3259893	N\A	N\A	N\A	N\A
P	0	520	0	46.1868	31.864	146.502	-0.63697	0.32022	0.701233	10.002	2.967	-16	-10000	0	4	1	A	0	18052	0	0.613756	-1	0	0	-10000	-1953,-1753,-1223,-1217,-746,-129,-16,447	3259893	N\A	N\A	N\A	N\A
P	0	521	0	36.912	30.5733	138.632	0.447304	0.347631	0.824058	12.216	8.997	-6	-10000	0	4	1	A	0	18052	0	3.19577	-1	0	0	-10000	-1952,-1536,-1515,-1363,-1220,-1120,-816,-745,-129,-6,441	3259893	N\A	N\A	N\A	N\A
P	0	522	0	40.3196	32.7739	145.485	0.405562	0.203219	0.891191	8.721	6.747	-17	-10000	0	4	1	A	0	18052	0	2.4663	-1	0	0	-10000	-1961,-1833,-1478,-1407,-1227,-1106,-850,-129,-17,-8,434,441,473	3259893	N\A	N\A	N\A	N\A
P	0	523	0	29.9369	30.7017	148.024	0.794805	0.386974	0.467479	13.59	8.805	0	-10000	0	4	1	A	0	18052	0	2.21345	-1	0	0	-10000	-1967,-1957,-1833,-1790,-1750,-1582,-1499,-1459,-1378,-1235,-1223,-1218,-1106,-1095,-1072,-1056,-707,-628,-129,-13,0,84,91,181,355,441	3259893	N\A	N\A	N\A	N\A
P	0	524	0	36.9951	32.7985	150.177	0.986464	0.143937	0.0785571	8.622	2.763	-5	-10000	0	4	1	A	0	18052	0	0.636901	-1	0	0	-10000	-1974,-1967,-1953,-1925,-1865,-1845,-1807,-1519,-1246,-1241,-1234,-1219,-1201,-1129,-1119,-23,-15,-5,431	3259893	N\A	N\A	N\A	N\A
P	0	525	0	41.3021	37.0667	163.156	0.103028	-0.353408	-0.929779	15.027	4.995	-7	-10000	0	4	1	A	0	18052	0	1.97847	-1	0	0	-10000	-1962,-1957,-1529,-1390,-1225,-7,2,334,405,411,442	3259893	N\A	N\A	N\A	N\A
P	0	526	0	41.9875	34.4398	155.636	0.0683704	-0.303443	-0.950393	11.484	6.291	-9	-10000	0	4	1	A	0	18052	0	1.55977	-1	0	0	-10000	-1972,-1961,-1833,-1570,-1519,-1236,-1225,-1111,-749,-9,-1,419,430,461	3259893	N\A	N\A	N\A	N\A
P	0	527	0	47.3122	25.0936	164.484	-0.485704	0.145091	-0.861998	10.728	1.536	-55	-10000	0	4	1	A	0	18052	0	0.597345	-1	0	0	-10000	-1999,-1687,-1567,-1193,-1185,-1041,-969,-831,-649,-55,-47,-23,39,48,131,202,279,366,387,488	3273932	N\A	N\A	N\A	N\A
P	0	528	0	42.8303	27.7913	158.93	-0.646456	0.534472	-0.544458	9.555	1.938	-57	-10000	0	4	1	A	0	18052	0	0.508646	-1	0	0	-10000	-1689,-1676,-1182,-1175,-977,-57,-48,48,115,288,307,362	3273932	N\A	N\A	N\A	N\A
P	0	529	0	47.1536	35.4438	146.535	-0.504202	-0.223905	0.834055	10.368	2.76	-40	-10000	0	4	1	A	0	18052	0	2.15003	-1	0	0	-10000	-1690,-1676,-1665,-1269,-1165,-1002,-845,-40,48,55,319,365,375,400,487	3273932	N\A	N\A	N\A	N\A
P	0	530	0	42.6264	33.0139	152.55	-0.630524	-0.384986	0.673962	10.386	5.598	-42	-10000	0	4	1	A	0	18052	0	1.19333	-1	0	0	-10000	-1699,-1694,-1676,-1665,-1575,-1074,-42,40,48,56,119,178,299,302,373,398,493	3273932	N\A	N\A	N\A	N\A
P	0	531	0	31.0977	31.6946	145.575	0.487719	0.17847	0.854564	8.235	7.626	-32	-10000	0	4	1	A	0	18052	0	2.06008	-1	0	0	-10000	-1697,-1683,-1153,-1148,-1141,-490,-85,-32,-23,115,182,228,322,373,482	3273932	N\A	N\A	N\A	N\A
P	0	532	0	35.5708	31.8795	152.001	0.635901	-0.131099	0.760555	9.201	2.895	-39	-10000	0	4	1	A	0	18052	0	0.980221	-1	0	0	-10000	-1832,-1814,-1709,-1702,-1693,-1677,-1664,-1569,-1555,-1486,-1342,-1163,-1062,-978,-945,-836,-752,-435,-382,-335,-39,-25,59,144,186,223,244,281,371,392	3273932	N\A	N\A	N\A	N\A
P	0	533	0	27.9283	26.7836	150.192	0.619382	0.489834	0.613538	9.918	9.714	-27	-10000	0	4	1	A	0	18052	0	1.91461	-1	0	0	-10000	-1973,-1922,-1694,-1682,-1674,-1556,-1177,-1151,-457,-385,-328,-296,-115,-85,-27,-14,-4,5,28,56,108,189,195,418,427	3273932	N\A	N\A	N\A	N\A
P	0	534	0	33.9248	29.5725	154.217	0.890428	0.214199	0.401567	10.83	10.728	-37	-10000	0	4	1	A	0	18052	0	2.84844	-1	0	0	-10000	-1688,-1682,-1568,-1162,-385,-85,-37,56,119,195,231	3273932	N\A	N\A	N\A	N\A
P	0	535	0	38.1142	37.9908	166.679	0.0511661	-0.642638	-0.764459	15.129	11.304	-31	-10000	0	4	1	A	0	18052	0	3.3849	-1	0	0	-10000	-1866,-1802,-1795,-1669,-1567,-1157,-1124,-1117,-866,-42,-31,-6,49,55,72,115,215,273,280,299,357	3273932	N\A	N\A	N\A	N\A
P	0	536	0	38.5794	33.0231	160.431	0.0651471	-0.599465	-0.797745	12.645	7.377	-43	-10000	0	4	1	A	0	18052	0	1.47878	-1	0	0	-10000	-1956,-1936,-1682,-1569,-1556,-1365,-1345,-1289,-1169,-1162,-1062,-938,-848,-832,-526,-122,-43,38,55,202,248,281,298,303,356,368,492	3273932	N\A	N\A	N\A	N\A
P	0	537	0	38.0259	-18.859	150.496	0.308876	0.720838	-0.620474	6.954	0.756	-61	-10000	0	4	1	A	0	18052	0	0.249513	-1	0	0	-10000	-1130,-1126,-1084,-1061,-129,-125,-77,-61,-46,160	3280599	N\A	N\A	N\A	N\A
P	0	545	0	31.2752	-9.69581	134.18	0.891724	0.185209	0.412948	3.141	1.407	-13	-10000	0	4	1	A	0	18052	0	0.153359	-1	0	0	-10000	-1980,-1967,-1711,-1127,-1029,-1008,-968,-963,-750,-126,-76,-28,-13,3,20,35,159	3280599	N\A	N\A	N\A	N\A
P	0	547	0	35.2566	-24.3437	149.947	0.429009	0.733842	-0.526714	6.852	0.546	-58	-10000	0	4	1	A	0	18052	0	0.319737	-1	0	0	-10000	-1842,-1127,-1059,-996,-971,-126,-58,32,36	3282601	N\A	N\A	N\A	N\A
P	0	548	0	38.4126	-18.2776	145.814	0.360249	0.783155	-0.506842	4.635	0.183	-129	-10000	0	4	1	A	0	18052	0	0.0874427	-1	0	0	-10000	-1130,-1126,-1049,-129,-124	3282601	N\A	N\A	N\A	N\A
P	0	549	0	35.3671	-16.5503	155.507	0.377623	0.16907	-0.910393	6.09	0.153	-132	-10000	0	4	1	A	0	18052	0	-10000	-1	0	0	-10000	-1130,-1044,-132,-125,381	3282601	N\A	N\A	N\A	N\A
P	0	550	0	38.362	-14.937	148.273	0.371242	0.234321	-0.898484	4.587	0.123	-129	-10000	0	4	1	A	0	18052	0	0.102497	-1	0	0	-10000	-1130,-1126,-1066,-129,-124,69,258	3282601	N\A	N\A	N\A	N\A
P	0	551	0	31.9409	-3.53737	146.492	0.654586	-0.669755	-0.350636	2.811	0.105	-129	-10000	0	4	1	A	0	18052	0	0.057384	-1	0	0	-10000	-1992,-1130,-992,-129,417	3282601	N\A	N\A	N\A	N\A
P	0	552	0	36.9765	-9.29915	144.347	0.606398	-0.772947	-0.186638	3.33	0.054	-129	-10000	0	4	1	A	0	18052	0	0.0773514	-1	0	0	-10000	-1130,-129,-124,257	3282601	N\A	N\A	N\A	N\A
P	0	555	0	29.1697	-16.8428	136.412	0.869793	0.381835	0.312508	2.7	0.363	-14	-10000	0	4	1	A	0	18052	0	0.109694	-1	0	0	-10000	-1999,-1982,-1967,-1843,-1133,-1127,-1028,-1015,-999,-983,-967,-126,-28,-14,32,35,307,405	3282601	N\A	N\A	N\A	N\A
P	0	557	0	27.6423	-22.6302	153.485	0.541846	0.420598	-0.727668	8.277	0.771	-41	-10000	0	7	1	A	0	18052	0	0.305099	-1	0	0	-10000	-1188,-1137,-1110,-873,-127,-77,-41,-33	3294973	N\A	N\A	N\A	N\A
P	0	565	0	25.791	-12.4991	136.957	0.828756	-0.304895	0.469258	2.982	0.807	22	-10000	0	7	1	A	0	18052	0	0.171221	-1	0	0	-10000	-1098,-127,-28,-7,22,33	3294973	N\A	N\A	N\A	N\A
P	0	568	0	28.8275	-9.70607	147.781	0.430806	0.39596	-0.810939	9.384	1.191	16	-10000	0	4	1	A	0	18052	0	0.262749	-1	0	0	-10000	-1595,-1591,-594,-590,-197,-30,16,86,96,109,447,496	3301442	N\A	N\A	N\A	N\A
P	0	576	0	28.7263	-5.89841	139.254	0.52003	-0.362967	0.773191	3.858	0.546	44	-10000	0	7	1	A	0	18052	0	0.260297	-1	0	0	-10000	-1595,-1591,-1479,-594,-590,-479,44,73,80,92,393	3301442	N\A	N\A	N\A	N\A
P	0	577	0	11.437	12.0319	148.059	0.778879	-0.61878	0.102263	6.873	3.261	-35	-10000	0	4	1	A	0	18052	0	1.00607	-1	0	0	-10000	-1585,-1534,-1050,-87,-35,-25,459	3319864	N\A	N\A	N\A	N\A
P	0	585	0	13.9447	8.57922	140.07	0.66724	-0.389214	0.635062	6.363	1.008	-53	-10000	0	4	1	A	0	18052	0	0.98902	-1	0	0	-10000	-1564,-1556,-53,-24	3319864	N\A	N\A	N\A	N\A
P	0	586	0	19.4887	6.53416	145.313	0.722943	-0.124097	0.679672	5.628	0.648	-51	-10000	0	4	1	A	0	18052	0	0.219321	-1	0	0	-10000	-1577,-1551,-1066,-537,-123,-51,-32	3319864	N\A	N\A	N\A	N\A
P	0	587	0	5.82538	-15.8585	139.858	0.971837	-0.138919	-0.190353	6.111	5.175	34	-10000	0	4	1	A	0	18052	0	1.35999	-1	0	0	-10000	-1916,-1904,-1246,-1238,-1230,-1214,-1204,-1116,-1065,6,34	3343618	N\A	N\A	N\A	N\A
P	0	588	0	13.6468	-16.9008	138.571	0.98382	-0.121697	-0.131486	9.858	7.035	27	-10000	0	4	1	A	0	18052	0	1.54536	-1	0	0	-10000	-1928,-1919,-1912,-1902,-1879,-1620,-1596,-1367,-1248,-1241,-1231,-1222,-1203,-683,1,13,27,497	3343618	N\A	N\A	N\A	N\A
P	0	589	0	10.2656	-8.85362	143.791	0.643708	-0.669095	-0.371418	5.154	5.352	36	-10000	0	4	1	A	0	18052	0	1.31087	-1	0	0	-10000	-1896,-1881,-1869,-1218,-1202,1,36	3343618	N\A	N\A	N\A	N\A
P	0	590	0	15.4784	-13.8547	140.411	0.660471	-0.582164	-0.474197	5.988	4.509	28	-10000	0	4	1	A	0	18052	0	1.26618	-1	0	0	-10000	-1913,-1898,-1884,-1879,-1230,-1220,28	3343618	N\A	N\A	N\A	N\A
P	0	595	0	7.83728	-18.9201	130.458	0.885589	0.0648818	0.459915	6.3	0.702	12	-10000	0	4	1	A	0	18052	0	0.39128	-1	0	0	-10000	-1919,-1904,-1246,-1240,-1234,-1200,12,17,31,38	3343618	N\A	N\A	N\A	N\A
P	0	596	0	14.699	-18.243	134.483	0.830698	0.104466	0.546835	4.182	1.452	13	-10000	0	4	1	A	0	18052	0	0.271125	-1	0	0	-10000	-1927,-1918,-1904,-1896,-1879,-1264,-1253,-1233,-1222,-1213,-1203,-113,-108,1,13,30	3343618	N\A	N\A	N\A	N\A
P	0	597	0	7.14756	4.27969	152.265	0.702814	-0.710829	-0.0278267	8.463	2.811	12	-10000	0	4	1	A	0	18052	0	1.55798	-1	0	0	-10000	-1762,-1707,-1206,-1143,-1138,12	3359017	N\A	N\A	N\A	N\A
P	0	605	0	5.86532	-0.167845	146.794	0.800298	-0.444842	0.402043	2.934	1.329	9	-10000	0	4	1	A	0	18052	0	0.244959	-1	0	0	-10000	-1774,-1728,-1720,-1711,-1219,-1156,-1144,-27,-8,9,21	3359017	N\A	N\A	N\A	N\A
P	0	607	0	6.67212	19.9819	146.016	0.36285	-0.674105	-0.643368	3.279	0.204	-10000	-10000	0	4	1	A	0	18052	0	-10000	-1	0	0	-10000	-1268,-1001	3373050	N\A	N\A	N\A	N\A
P	0	613	0	2.32281	5.15446	138.956	0.764944	0.384682	-0.516605	4.005	0.801	11	-10000	0	4	1	A	0	18052	0	0.503696	-1	0	0	-10000	-1979,-1638,-1608,-1183,-1103,-914,-6,11,18	3373050	N\A	N\A	N\A	N\A
P	0	614	0	8.19779	7.39616	139.368	0.778196	0.209464	0.592061	2.52	0.312	-127	-10000	0	4	1	A	0	18052	0	0.11935	-1	0	0	-10000	-1996,-1980,-1645,-1624,-1608,-1167,-127	3373050	N\A	N\A	N\A	N\A
P	0	615	0	0.65042	15.1159	145.308	0.854856	-0.468204	-0.223621	2.811	0.555	-5	-10000	0	4	1	A	0	18052	0	0.251132	-1	0	0	-10000	-2000,-1986,-1884,-1631,-1608,-1238,-1231,-1160,-1040,-127,-27,-5	3373050	N\A	N\A	N\A	N\A
P	0	616	0	7.51565	11.3309	143.734	0.861663	-0.478146	-0.17004	2.841	0.354	19	-10000	0	4	1	A	0	18052	0	0.233763	-1	0	0	-10000	-1998,-1643,-1232,-1150,-127,19,499	3373050	N\A	N\A	N\A	N\A
P	0	617	0	9.40326	23.3917	147.055	0.0816696	-0.498418	-0.863082	3.744	0.339	49	-10000	0	4	1	A	0	18052	0	0.0248748	-1	0	0	-10000	-1843,-1045,49,281	3383504	N\A	N\A	N\A	N\A
P	0	623	0	-3.04953	7.66879	140.597	0.906674	0.396432	-0.144166	2.811	0.261	21	-10000	0	4	1	A	0	18052	0	0.203595	-1	0	0	-10000	-1954,-1905,-1891,-1831,-1350,-1065,-831,-4,21,169	3383504	N\A	N\A	N\A	N\A
P	0	624	0	4.29453	10.3161	140.861	0.939916	0.269671	0.209369	2.571	0.159	-125	-10000	0	4	1	A	0	18052	0	0.0964466	-1	0	0	-10000	-1896,-1658,-1539,-1061,-125	3383504	N\A	N\A	N\A	N\A
P	0	626	0	5.26599	15.0978	144.202	0.734872	-0.574368	-0.360644	2.967	0.261	-125	-10000	0	4	1	A	0	18052	0	0.0991444	-1	0	0	-10000	-1870,-1865,-1854,-1041,-125	3383504	N\A	N\A	N\A	N\A
P	0	637	0	27.2019	-0.418475	175.58	-0.0294391	-0.740843	-0.671033	10.707	2.073	-47	-10000	0	4	1	A	0	18052	0	1.35303	-1	0	0	-10000	-1724,-1715,-1704,-1697,-1686,-1153,-1146,-125,-47	3407491	N\A	N\A	N\A	N\A
P	0	643	0	26.1117	-12.7064	154.27	-0.438224	0.505192	0.743465	9.309	3.978	-38	-10000	0	4	1	A	0	18052	0	0.745228	-1	0	0	-10000	-1752,-1701,-1674,-1655,-1288,-1261,-1237,-1229,-1212,-1201,-1188,-1175,-1144,-126,-65,-52,-38,419	3407491	N\A	N\A	N\A	N\A
P	0	644	0	26.0667	-10.2531	160.638	0.409115	0.137577	0.902052	11.067	2.739	-43	-10000	0	4	1	A	0	18052	0	1.12521	-1	0	0	-10000	-1719,-1212,-1192,-1181,-1150,-126,-75,-65,-53,-43	3407491	N\A	N\A	N\A	N\A
P	0	645	0	20.4424	-1.05932	160.251	0.479606	-0.679224	0.555547	10.992	11.259	-26	-10000	0	4	1	A	0	18052	0	2.2894	-1	0	0	-10000	-1761,-1708,-1705,-1238,-1192,-1182,-1176,-1157,-128,-52,-26	3407491	N\A	N\A	N\A	N\A
P	0	646	0	24.9881	-6.34679	163.999	0.659478	-0.646093	0.384255	14.874	15.057	-43	-10000	0	4	1	A	0	18052	0	3.8825	-1	0	0	-10000	-1924,-1727,-1716,-1531,-1254,-1182,-1157,-1149,-128,-66,-43,55,409	3407491	N\A	N\A	N\A	N\A
P	0	647	0	26.844	6.44209	172.366	-0.302046	-0.712084	-0.633802	10.56	2.259	-41	-10000	0	4	1	A	0	18052	0	1.88969	-1	0	0	-10000	-1541,-1491,-859,-833,-41	3417128	N\A	N\A	N\A	N\A
P	0	648	0	24.4194	1.46824	166.69	-0.305467	-0.534432	-0.788082	10.482	1.326	-34	-10000	0	4	1	A	0	18052	0	1.46651	-1	0	0	-10000	-1972,-1617,-1545,-1396,-1024,-863,-853,-706,-347,-230,-34,474	3417128	N\A	N\A	N\A	N\A
P	0	653	0	16.0018	-1.243	150.86	0.51447	-0.0302289	0.856976	5.295	6.282	7	-10000	0	4	1	A	0	18052	0	0.680193	-1	0	0	-10000	-1963,-1529,-1516,-1496,-1417,-1400,-1034,-1017,-941,-861,-847,-843,-740,-723,-363,-333,-35,7,83,467	3417128	N\A	N\A	N\A	N\A
P	0	654	0	20.0728	-1.68819	157.728	0.503372	-0.0810783	0.860257	9.501	6.843	-26	-10000	0	4	1	A	0	18052	0	1.66088	-1	0	0	-10000	-1634,-1600,-1540,-1496,-868,-853,-846,-844,-131,-26	3417128	N\A	N\A	N\A	N\A
P	0	655	0	15.7353	7.54634	157	0.511473	-0.70609	0.489727	6.033	6.102	-6	-10000	0	4	1	A	0	18052	0	1.05462	-1	0	0	-10000	-1524,-900,-853,-131,-6,5,11,94	3417128	N\A	N\A	N\A	N\A
P	0	656	0	19.8809	1.77815	160.665	0.525131	-0.736255	0.426809	14.715	16.962	-27	-10000	0	4	1	A	0	18052	0	3.72875	-1	0	0	-10000	-1634,-1609,-1540,-897,-859,-131,-27	3417128	N\A	N\A	N\A	N\A
P	0	657	0	26.0615	1.26207	173.303	-0.310394	-0.451515	-0.836534	9.471	2.661	-40	-10000	0	4	1	A	0	18052	0	1.69083	-1	0	0	-10000	-1708,-1694,-1684,-1664,-40	3431043	N\A	N\A	N\A	N\A
P	0	658	0	23.5745	-1.78702	166.373	-0.311944	-0.311564	-0.897563	11.031	2.166	-31	-10000	0	4	1	A	0	18052	0	2.07141	-1	0	0	-10000	-1698,-1226,-1181,-130,-31	3431043	N\A	N\A	N\A	N\A
P	0	663	0	14.1896	-0.997972	151.044	0.604677	-0.220816	0.765249	4.023	3.093	8	-10000	0	4	1	A	0	18052	0	0.762116	-1	0	0	-10000	-1886,-1753,-1749,-1731,-1668,-1661,-1569,-1157,-1141,-1134,-1125,-690,-27,8	3431043	N\A	N\A	N\A	N\A
P	0	664	0	18.8689	-2.93186	157.232	0.565323	-0.262724	0.781912	5.355	2.58	-11	-10000	0	4	1	A	0	18052	0	0.215542	-1	0	0	-10000	-1734,-1681,-1154,-713,-127,-53,-11,460	3431043	N\A	N\A	N\A	N\A
P	0	665	0	14.5598	5.7079	157.069	0.528158	-0.743898	0.409469	6.036	4.692	8	-10000	0	4	1	A	0	18052	0	0.553696	-1	0	0	-10000	-1743,-1667,-1658,-1576,-1214,-1138,2,8	3431043	N\A	N\A	N\A	N\A
P	0	666	0	18.8678	-0.289159	160.136	0.548987	-0.755569	0.357392	8.664	11.31	-22	-10000	0	4	1	A	0	18052	0	1.96038	-1	0	0	-10000	-1736,-1682,-1166,-1157,-1019,-22	3431043	N\A	N\A	N\A	N\A
P	0	667	0	22.2381	-0.91202	158.627	0.207858	-0.756455	-0.620137	9.711	3.321	-62	-10000	0	4	1	A	0	18052	0	1.73569	-1	0	0	-10000	-1706,-1666,-622,-536,-142,-62,-48,395,405,483,493	3438723	N\A	N\A	N\A	N\A
P	0	674	0	24.023	-11.3341	144.682	0.352486	0.0913457	0.931348	7.107	2.058	-98	-10000	0	4	1	A	0	18052	0	0.492234	-1	0	0	-10000	-1595,-622,-535,-98,-82,-71,-65	3438723	N\A	N\A	N\A	N\A
P	0	676	0	22.47	-7.61338	148.022	0.592667	-0.69529	0.406593	8.322	2.154	-113	-10000	0	4	1	A	0	18052	0	0.639915	-1	0	0	-10000	-1857,-1657,-1618,-1534,-1178,-1112,-524,-518,-513,-358,-291,-289,-119,-113,-95,-72,-65	3438723	N\A	N\A	N\A	N\A
P	0	677	0	20.5689	-4.96746	159.188	0.354811	-0.63141	-0.689515	8.085	3.099	-25	-10000	0	4	1	A	0	18052	0	1.02826	-1	0	0	-10000	-1741,-1128,-1025,-1016,-126,-25,-16	3442851	N\A	N\A	N\A	N\A
P	0	684	0	23.7628	-13.8054	144.288	0.324644	0.0799744	0.942449	4.599	2.037	1	-10000	0	4	1	A	0	18052	0	0.432889	-1	0	0	-10000	-1028,-1000,-985,-126,-27,1,16	3442851	N\A	N\A	N\A	N\A
P	0	685	0	16.8465	-4.68917	145.314	0.556798	-0.754412	0.34762	9.852	10.83	10	-10000	0	4	1	A	0	18052	0	2.79746	-1	0	0	-10000	-991,10	3442851	N\A	N\A	N\A	N\A
P	0	686	0	21.7265	-10.383	148.028	0.664107	-0.670182	0.331388	4.542	2.427	4	-10000	0	4	1	A	0	18052	0	0.562063	-1	0	0	-10000	-1967,-1621,-1032,-1008,-997,-992,-981,-538,-31,-8,4,9,19	3442851	N\A	N\A	N\A	N\A
P	0	687	0	31.1147	-14.6828	167.897	0.151277	-0.615405	-0.773558	12.765	4.749	-38	-10000	0	4	1	A	0	18052	0	1.95963	-1	0	0	-10000	-1988,-1977,-1968,-1882,-1458,-1439,-1103,-921,-800,-113,-38	3446419	N\A	N\A	N\A	N\A
P	0	693	0	32.0392	-21.0175	143.253	-0.0413246	-0.0922373	0.994879	5.01	0.618	-11	-10000	0	4	1	A	0	18052	0	0.118723	-1	0	0	-10000	-1882,-1382,-1375,-822,-796,-777,-110,-11,1	3446419	N\A	N\A	N\A	N\A
P	0	696	0	29.8433	-18.8752	156.963	0.735182	-0.676212	-0.0473812	8.385	0.57	-48	-10000	0	4	1	A	0	18052	0	0.305214	-1	0	0	-10000	-1926,-1911,-1806,-1446,-1437,-1421,-1411,-1266,-1237,-1013,-888,-856,-110,-66,-48,-27	3446419	N\A	N\A	N\A	N\A
P	0	697	0	34.633	-15.4482	169.51	0.362386	-0.674467	-0.643251	10.386	2.145	-59	-10000	0	4	1	A	0	18052	0	0.901796	-1	0	0	-10000	-1831,-1825,-835,-558,-67,-59,-44	3452804	N\A	N\A	N\A	N\A
P	0	706	0	35.3698	-21.0605	159.905	0.896569	-0.438681	-0.0610168	10.5	0.219	-49	-10000	0	4	1	A	0	18052	0	0.0779618	-1	0	0	-10000	-1804,-1777,-1011,-910,-824,-813,-110,-100,-70,-59,-49,468	3452804	N\A	N\A	N\A	N\A
P	0	707	0	61.0293	-34.0309	183.045	0.226414	0.499529	-0.836186	15.813	7.326	-73	-10000	0	4	1	A	0	18052	0	1.96721	-1	0	0	-10000	-1698,-1130,-1075,-691,-129,-73,32,299,393	3461345	N\A	N\A	N\A	N\A
P	0	709	0	51.5629	-25.9368	178.646	0.815442	-0.224692	-0.533449	13.857	4.17	-74	-10000	0	4	1	A	0	18052	0	1.79946	-1	0	0	-10000	-1689,-1130,-1075,-168,-74	3461345	N\A	N\A	N\A	N\A
P	0	711	0	50.5644	-29.5137	169.687	0.993529	0.00374862	0.113513	12.675	5.97	-70	-10000	0	4	1	A	0	18052	0	2.19699	-1	0	0	-10000	-1991,-1731,-1130,-1071,-767,-758,-547,-70	3461345	N\A	N\A	N\A	N\A
P	0	715	0	59.6144	-36.0982	180.086	0.57921	0.548468	-0.603074	18.744	6.063	-85	-10000	0	4	1	A	0	18052	0	1.67511	-1	0	0	-10000	-1588,-1130,-1125,-1095,-1086,-129,-124,-85	3461345	N\A	N\A	N\A	N\A
P	0	716	0	62.8826	-30.8121	175.409	0.244721	0.781165	-0.574362	13.872	1.959	-71	-10000	0	4	1	A	0	18052	0	0.781094	-1	0	0	-10000	-1885,-1668,-1130,-1125,-1072,-731,-694,-129,-124,-71	3461345	N\A	N\A	N\A	N\A
P	0	717	0	61.0956	-27.7068	181.401	0.314426	0.589562	-0.744012	11.55	6.543	-25	-10000	0	4	1	A	0	18052	0	1.00746	-1	0	0	-10000	-1895,-1878,-1855,-1625,-1515,-1002,-894,-877,-838,-618,-511,-57,-52,-35,-25,96,346,419,435	3465276	N\A	N\A	N\A	N\A
P	0	719	0	52.8343	-21.7351	177.673	0.855285	0.0220465	-0.517689	13.434	4.29	-45	-10000	0	4	1	A	0	18052	0	1.99703	-1	0	0	-10000	-1002,-45,-36,95	3465276	N\A	N\A	N\A	N\A
P	0	720	0	59.7856	-20.6206	174.088	0.88783	0.257019	-0.381705	11.109	0.378	-43	-10000	0	4	1	A	0	18052	0	0.251688	-1	0	0	-10000	-1015,-43	3465276	N\A	N\A	N\A	N\A
P	0	721	0	54.0359	-26.2738	166.801	0.866424	0.367314	0.338215	11.856	4.908	-65	-10000	0	4	1	A	0	18052	0	1.29632	-1	0	0	-10000	-2000,-999,-855,-65,-48,-15,12,393	3465276	N\A	N\A	N\A	N\A
P	0	723	0	67.8125	-31.0529	165.332	-0.0926493	0.90851	0.407463	9.51	1.293	-12	-10000	0	4	1	A	0	18052	0	0.445874	-1	0	0	-10000	-1989,-1006,-988,-48,-12	3465276	N\A	N\A	N\A	N\A
P	0	725	0	62.2417	-30.0215	178.958	0.455468	0.689629	-0.562993	17.628	7.092	-48	-10000	0	4	1	A	0	18052	0	2.89555	-1	0	0	-10000	-1829,-1058,-1006,-844,-838,-57,-48	3465276	N\A	N\A	N\A	N\A
P	0	726	0	64.6692	-23.9574	174.602	0.154977	0.832976	-0.531161	12.861	2.463	-48	-10000	0	4	1	A	0	18052	0	0.814981	-1	0	0	-10000	-1058,-1016,-57,-48	3465276	N\A	N\A	N\A	N\A
P	0	734	0	28.3576	1.64636	126.588	0.518267	-0.672712	0.52807	1.443	0.063	-131	-10000	0	4	1	A	0	18052	0	0.0288834	-1	0	0	-10000	-1931,-1927,-1192,-1047,-868,-358,-131,-126	3482061	N\A	N\A	N\A	N\A
P	0	742	0	27.4149	-7.70935	131.861	0.410361	-0.911883	0.00860295	1.719	0.081	8	-10000	0	4	1	A	0	18052	0	0.041235	-1	0	0	-10000	-1133,-1128,-993,-406,8	3489068	N\A	N\A	N\A	N\A
P	0	744	0	26.6237	-9.90136	128.15	0.600842	-0.523377	0.604206	1.704	0.105	-132	-10000	0	4	1	A	0	18052	0	0.0504821	-1	0	0	-10000	-1922,-1133,-1128,-922,-910,-132,-127,8	3489068	N\A	N\A	N\A	N\A
P	0	754	0	31.9551	-8.6287	131.504	0.636257	-0.618144	0.461601	1.836	0.066	10	-10000	0	4	1	A	0	18052	0	0.0241351	-1	0	0	-10000	-1991,-1911,-1891,-1879,-1157,-1107,-944,-896,-883,-131,10	3493070	N\A	N\A	N\A	N\A
P	0	756	0	31.4178	-12.3873	130.148	0.663361	-0.00605124	0.748275	1.962	0.153	-131	-10000	0	4	1	A	0	18052	0	0.0292354	-1	0	0	-10000	-1990,-1504,-1467,-1131,-1108,-1093,-1080,-1024,-1012,-1002,-607,-493,-131,-124,-17,46,55,67,78,95	3493070	N\A	N\A	N\A	N\A
P	0	757	0	39.3878	8.92363	122.111	0.463764	-0.868937	0.172831	1.431	0.054	-132	-10000	0	4	1	A	0	18052	0	0.0190334	-1	0	0	-10000	-1534,-1132,-983,-132	3500077	N\A	N\A	N\A	N\A
P	0	758	0	43.7906	2.63775	123.997	0.639944	-0.707525	0.2998	1.644	0.069	-132	-10000	0	4	1	A	0	18052	0	0.014272	-1	0	0	-10000	-1993,-1132,-132	3500077	N\A	N\A	N\A	N\A
P	0	760	0	48.5253	3.29122	128.834	-0.200274	-0.788966	-0.580881	2.076	0.096	-129	-10000	0	4	1	A	0	18052	0	0.159781	-1	0	0	-10000	-1993,-1130,-991,-970,-129,-120,5,11	3500077	N\A	N\A	N\A	N\A
P	0	767	0	18.0489	-21.2486	114.302	0.360081	-0.0249548	0.932587	4.698	0.939	40	-10000	0	7	1	A	0	18052	0	0.258949	-1	0	0	-10000	-1961,-1928,-1541,-961,-928,-514,-111,40,74	3536919	N\A	N\A	N\A	N\A
P	0	769	0	24.8615	-25.9151	115.01	-0.249889	0.229789	0.940613	2.478	0.345	-111	-10000	0	4	1	A	0	18052	0	0.107857	-1	0	0	-10000	-1964,-1954,-1946,-1112,-1107,-963,-955,-946,-161,-111,-106,38,48	3536919	N\A	N\A	N\A	N\A
P	0	770	0	23.0025	-23.5602	122.399	-0.215247	0.359332	0.908047	3.75	0.288	57	-10000	0	4	1	A	0	18052	0	0.138816	-1	0	0	-10000	-1972,-1964,-1951,-1944,-1112,-972,-964,-951,-944,-111,-106,29,38,51,57	3536919	N\A	N\A	N\A	N\A
P	0	772	0	23.4836	-24.6048	123.933	-0.368187	0.53667	0.759226	4.275	1.338	-111	-10000	0	7	1	A	0	18052	0	0.0594535	-1	0	0	-10000	-2000,-1964,-1951,-1945,-1902,-1716,-1112,-1058,-979,-964,-951,-945,-902,-111,-95,-45,51,56,92	3536919	N\A	N\A	N\A	N\A
P	0	773	0	12.8403	-14.5337	134.93	0.668577	-0.539507	-0.511798	5.865	0.837	9	-10000	0	4	1	A	0	18052	0	0.335135	-1	0	0	-10000	-2000,-1970,-1902,-999,-983,-970,-106,9,31,86	3536919	N\A	N\A	N\A	N\A
P	0	774	0	18.1067	-18.7627	130.65	0.648187	-0.517864	-0.558274	3.843	0.264	31	-10000	0	4	1	A	0	18052	0	0.0878296	-1	0	0	-10000	-1971,-1112,-1107,-1007,-971,-111,-106,-5,31	3536919	N\A	N\A	N\A	N\A
P	0	780	0	32.931	-18.3316	125.237	-0.489947	0.316007	0.81246	2.199	0.705	45	-10000	0	4	1	A	0	18052	0	0.121289	-1	0	0	-10000	-1133,-1128,-1117,-1067,-1042,-1029,-133,-19,36,45,55	3549674	N\A	N\A	N\A	N\A
P	0	781	0	39.9861	-21.9874	124.95	-0.71316	0.0575635	0.698634	2.028	0.168	51	-10000	0	4	1	A	0	18052	0	0.0524981	-1	0	0	-10000	-1926,-1133,-1054,-20,51	3549674	N\A	N\A	N\A	N\A
P	0	783	0	18.9329	-16.69	137.391	0.862162	-0.113889	-0.493666	4.398	0.9	-8	-10000	0	4	1	A	0	18052	0	0.180523	-1	0	0	-10000	-1128,-1095,-1077,-1070,-1061,-127,-26,-8,10,13	3549674	N\A	N\A	N\A	N\A
P	0	790	0	34.3847	-12.4119	124.318	-0.583841	0.14939	0.798005	2.034	0.906	56	-10000	0	7	1	A	0	18052	0	0.114293	-1	0	0	-10000	-1966,-1955,-1946,-1133,-956,-945,-132,-20,45,56	3552676	N\A	N\A	N\A	N\A
P	0	791	0	41.1456	-15.9113	124.035	-0.664527	-0.0430537	0.746023	2.115	0.186	-14	-10000	0	4	1	A	0	18052	0	0.126798	-1	0	0	-10000	-1950,-1133,-1125,-950,-132,-14,51	3552676	N\A	N\A	N\A	N\A
P	0	793	0	19.8639	-13.0656	136.213	0.874436	0.0798111	-0.478532	4.497	0.936	-9	-10000	0	7	1	A	0	18052	0	0.184223	-1	0	0	-10000	-1992,-1128,-1027,-1009,-991,-127,-27,-9,9,19	3552676	N\A	N\A	N\A	N\A
P	0	795	0	20.135	-18.3643	123.819	0.767428	0.589087	0.253042	5.43	1.149	-11	-10000	0	7	1	A	0	18052	0	0.328509	-1	0	0	-10000	-1992,-1972,-1965,-1133,-1128,-1011,-990,-984,-971,-965,-127,-11,10,16,30,35	3552676	N\A	N\A	N\A	N\A
P	0	799	0	80.361	-5.35241	141.33	-0.676624	-0.366551	-0.638609	4.944	0.171	-77	-10000	0	4	1	A	0	18052	0	0.141382	-1	0	0	-10000	-1072,-77	3568798	N\A	N\A	N\A	N\A
P	0	800	0	74.4201	-7.7851	136.656	-0.81117	-0.242867	-0.531995	4.236	0.156	-128	-10000	0	4	1	A	0	18052	0	0.724328	-1	0	0	-10000	-1950,-1129,-947,-128,33,53	3568798	N\A	N\A	N\A	N\A
P	0	804	0	64.5639	-10.3919	133.182	0.980101	0.117315	0.16012	3.126	0.381	-128	-10000	0	8	1	A	0	18052	0	0.293041	-1	0	0	-10000	-1964,-1129,-962,-935,-128,39,65	3568798	N\A	N\A	N\A	N\A
P	0	808	0	63.199	-6.85895	131.859	0.86498	0.120608	0.487097	3	0.864	-130	-10000	0	8	1	A	0	18052	0	0.227461	-1	0	0	-10000	-1960,-1951,-1131,-1002,-968,-958,-951,-130,42,50	3580810	N\A	N\A	N\A	N\A
P	0	809	0	79.3558	-2.43643	137.643	-0.65744	-0.660555	-0.362547	4.62	0.114	-79	-10000	0	4	1	A	0	18052	0	0.117714	-1	0	0	-10000	-1080,-79	3580810	N\A	N\A	N\A	N\A
P	0	810	0	72.9698	-5.62986	135.301	-0.960259	-0.154045	-0.232752	4.005	0.411	-130	-10000	0	8	1	A	0	18052	0	0.572847	-1	0	0	-10000	-1968,-1131,-1122,-1021,-967,-130,-121,-20,34	3580810	N\A	N\A	N\A	N\A
P	0	811	0	77.4838	-11.2833	142.187	-0.60744	0.465077	-0.643988	4.299	0.096	-10000	-10000	0	4	1	A	0	18052	0	-10000	-1	0	0	-10000	-10000	3580810	N\A	N\A	N\A	N\A
P	0	812	0	72.1544	-7.76612	137.425	-0.726247	0.415171	-0.547904	3.858	0.165	37	-10000	0	4	1	A	0	18052	0	0.0147235	-1	0	0	-10000	-1967,-1049,-967,37	3580810	N\A	N\A	N\A	N\A
P	0	820	0	68.4832	-11.2606	134.459	-0.754843	-0.245526	0.608218	3.672	0.123	-131	-10000	0	4	1	A	0	18052	0	0.536483	-1	0	0	-10000	-1974,-1131,-1123,-975,-417,-396,-382,-131,-122,27	3593822	N\A	N\A	N\A	N\A
P	0	821	0	76.2903	-16.4692	142.22	-0.726293	0.416816	-0.546592	4.155	0.087	-10000	-10000	0	4	1	A	0	18052	0	-10000	-1	0	0	-10000	-421,-404	3593822	N\A	N\A	N\A	N\A
P	0	822	0	69.8388	-13.48	138.833	-0.892393	0.333529	-0.303962	3.747	0.189	-31	-10000	0	4	1	A	0	18052	0	0.0564718	-1	0	0	-10000	-1974,-1950,-1927,-1897,-1485,-1050,-896,-850,-800,-418,-400,-390,-31,28	3593822	N\A	N\A	N\A	N\A
P	0	831	0	76.246	-13.5291	142.654	-0.682068	0.471227	-0.559222	4.062	0.102	67	-10000	0	4	1	A	0	18052	0	0.0190268	-1	0	0	-10000	-1027,-971,-950,-836,-698,50,67,474	3600828	N\A	N\A	N\A	N\A
P	0	832	0	70.0105	-10.2345	139.228	-0.88391	0.356787	-0.302335	3.582	0.213	63	-10000	0	4	1	A	0	18052	0	0.034689	-1	0	0	-10000	-1343,-1022,-1012,-507,-446,-429,-377,29,38,44,63,83,181	3600828	N\A	N\A	N\A	N\A
P	0	838	0	63.459	-8.74979	134.669	0.416396	0.430262	-0.80093	3.282	0.447	56	-10000	0	4	1	A	0	18052	0	0.0513813	-1	0	0	-10000	-1950,-1942,-1934,-1929,-950,-941,56,81	3608812	N\A	N\A	N\A	N\A
P	0	840	0	69.6819	-6.16048	134.477	-0.742862	-0.014878	-0.669279	3.762	0.366	-107	-10000	0	4	1	A	0	18052	0	0.589414	-1	0	0	-10000	-1951,-1946,-1913,-1871,-1108,-1100,-999,-951,-946,-107,-99,-20,50	3608812	N\A	N\A	N\A	N\A
P	0	842	0	68.7392	-7.43951	135.008	-0.639595	0.372081	-0.672662	3.6	0.144	-46	-10000	0	4	1	A	0	18052	0	0.0573504	-1	0	0	-10000	-1878,-1855,-1828,-1804,-1690,-1355,-1006,-951,-383,-46,50	3608812	N\A	N\A	N\A	N\A
P	0	844	0	60.9592	-7.1379	134.322	0.779751	0.281775	-0.559098	3.189	0.222	-107	-10000	0	4	1	A	0	18052	0	0.275422	-1	0	0	-10000	-1555,-107,60,100	3608812	N\A	N\A	N\A	N\A
P	0	848	0	66.4384	-16.2824	142.625	-0.511564	0.802115	-0.308082	3.894	0.054	-10000	-10000	0	4	1	A	0	18052	0	-10000	-1	0	0	-10000	-1801,-1776,-812	3624219	N\A	N\A	N\A	N\A
P	0	853	0	56.585	-22.5339	144.215	0.134639	0.693756	-0.707513	3.918	0.129	-20	-10000	0	4	1	A	0	18052	0	0.105125	-1	0	0	-10000	-1101,-1037,-1031,-931,-20	3624219	N\A	N\A	N\A	N\A
P	0	856	0	66.8904	-16.1531	141.923	-0.697497	0.664949	-0.267097	3.669	0.042	-10000	-10000	0	4	1	A	0	18052	0	-10000	-1	0	0	-10000	-1951,-1901,-1048,-1037,-1034,-427,-246	3624219	N\A	N\A	N\A	N\A
P	0	860	0	66.1093	-12.2185	146.464	-0.25375	0.490169	-0.833874	4.311	0.081	-10000	-10000	0	4	1	A	0	18052	0	-10000	-1	0	0	-10000	-1027	3626220	N\A	N\A	N\A	N\A
P	0	861	0	60.8597	-20.0433	149.654	0.0767306	0.758996	-0.646558	4.959	0.153	-108	-10000	0	4	1	A	0	18052	0	0.404759	-1	0	0	-10000	-108	3626220	N\A	N\A	N\A	N\A
P	0	862	0	62.574	-14.0474	144.82	0.352767	0.745091	-0.566034	4.092	0.084	-31	-10000	0	4	1	A	0	18052	0	0.0418392	-1	0	0	-10000	-31	3626220	N\A	N\A	N\A	N\A
P	0	863	0	57.1087	-19.3685	143.169	0.484211	0.517852	-0.705244	3.903	0.162	-29	-10000	0	4	1	A	0	18052	0	0.100504	-1	0	0	-10000	-1032,-1020,-995,-29,-18,-11,7	3626220	N\A	N\A	N\A	N\A
P	0	864	0	61.4917	-14.3679	140.789	0.640267	0.76395	0.0802396	3.708	0.06	-10000	-10000	0	4	1	A	0	18052	0	-10000	-1	0	0	-10000	-10000	3626220	N\A	N\A	N\A	N\A
P	0	865	0	73.77	-18.1964	145.889	-0.505755	0.599868	-0.619976	4.38	0.093	-10000	-10000	0	4	1	A	0	18052	0	-10000	-1	0	0	-10000	-10000	3626220	N\A	N\A	N\A	N\A
P	0	866	0	68.8781	-13.2938	142.366	-0.725007	0.63432	-0.268332	3.882	0.057	-10000	-10000	0	4	1	A	0	18052	0	-10000	-1	0	0	-10000	-10000	3626220	N\A	N\A	N\A	N\A
P	0	867	0	74.6415	-6.82936	148.894	-0.555565	0.551207	-0.62251	5.052	0.201	-21	-10000	0	4	1	A	0	18052	0	0.140097	-1	0	0	-10000	-21	3629245	N\A	N\A	N\A	N\A
P	0	868	0	69.582	-2.40892	144.706	-0.712328	0.556734	-0.427359	4.893	0.135	-10000	-10000	0	4	1	A	0	18052	0	-10000	-1	0	0	-10000	-1126	3629245	N\A	N\A	N\A	N\A
P	0	873	0	65.4849	-11.6132	136.854	0.43339	0.894318	0.11121	3.666	0.15	30	-10000	0	4	1	A	0	18052	0	0.0391077	-1	0	0	-10000	-1053,-1041,-1016,-54,30	3629245	N\A	N\A	N\A	N\A
P	0	874	0	66.547	-4.74751	139.233	-0.15571	0.857033	0.491172	3.78	0.105	-10000	-10000	0	4	1	A	0	18052	0	-10000	-1	0	0	-10000	-10000	3629245	N\A	N\A	N\A	N\A
P	0	875	0	75.4341	-6.99179	145.982	-0.420676	0.684649	-0.595221	4.605	0.288	-125	-10000	0	4	1	A	0	18052	0	0.0604522	-1	0	0	-10000	-1126,-1055,-125,-47,32	3629245	N\A	N\A	N\A	N\A
P	0	877	0	47.2065	-18.0363	147.567	-0.6754	0.65848	-0.332023	4.767	0.087	-129	-10000	0	4	1	A	0	18052	0	0.194664	-1	0	0	-10000	-1990,-1130,-1125,-129,-124	3637325	N\A	N\A	N\A	N\A
P	0	878	0	41.7453	-12.5792	145.679	-0.692059	0.707947	-0.140946	4.059	0.069	-129	-10000	0	4	1	A	0	18052	0	0.138968	-1	0	0	-10000	-1995,-1725,-1130,-1125,-129,-124	3637325	N\A	N\A	N\A	N\A
P	0	879	0	41.2758	-12.9807	157.318	-0.232162	0.177104	-0.956418	5.685	0.204	-124	-10000	0	4	1	A	0	18052	0	0.0332607	-1	0	0	-10000	-1130,-1125,-1075,-124	3637325	N\A	N\A	N\A	N\A
P	0	883	0	25.3976	-14.1083	142.714	0.965685	0.249683	0.0714855	4.191	0.672	-2	-10000	0	4	1	A	0	18052	0	0.208069	-1	0	0	-10000	-1127,-1052,-1003,-966,-126,-48,-2,124	3637325	N\A	N\A	N\A	N\A
P	0	887	0	60.0215	-16.533	143.956	-0.885671	0.398611	-0.238112	3.873	0.075	-10000	-10000	0	4	1	A	0	18052	0	-10000	-1	0	0	-10000	-1050,371,397	3640328	N\A	N\A	N\A	N\A
P	0	888	0	52.9926	-13.0185	142.999	-0.876079	0.482163	-0.00224609	3.513	0.051	-130	-10000	0	4	1	A	0	18052	0	0.286884	-1	0	0	-10000	-1131,-1045,-130	3640328	N\A	N\A	N\A	N\A
P	0	889	0	54.9234	-14.7251	153.797	-0.518949	0.181088	-0.835404	4.554	0.075	-10000	-10000	0	4	1	A	0	18052	0	-10000	-1	0	0	-10000	-1131,338	3640328	N\A	N\A	N\A	N\A
P	0	890	0	50.8386	-12.3639	147.433	-0.504732	0.410304	-0.759536	3.783	0.057	-130	-10000	0	4	1	A	0	18052	0	0.285973	-1	0	0	-10000	-1131,-1050,-1041,-130	3640328	N\A	N\A	N\A	N\A
P	0	891	0	43.2386	-18.6578	152.624	0.266826	0.549595	-0.791675	4.728	0.123	-125	-10000	0	4	1	A	0	18052	0	0.0269138	-1	0	0	-10000	-1131,-1127,-1042,-125	3640328	N\A	N\A	N\A	N\A
P	0	892	0	45.7544	-13.7899	146.877	0.363169	0.669471	-0.64801	3.753	0.072	-10000	-10000	0	4	1	A	0	18052	0	-10000	-1	0	0	-10000	-1050,330	3640328	N\A	N\A	N\A	N\A
P	0	893	0	39.1636	-20.6289	142.882	0.661244	0.718397	-0.216015	3.888	0.132	-130	-10000	0	4	1	A	0	18052	0	0.121144	-1	0	0	-10000	-1963,-1128,-1041,-130,-125,-50	3640328	N\A	N\A	N\A	N\A
P	0	894	0	44.3027	-14.7018	142.45	0.629284	0.769813	0.106722	3.417	0.06	-130	-10000	0	4	1	A	0	18052	0	0.164733	-1	0	0	-10000	-1131,-1127,-1050,-130	3640328	N\A	N\A	N\A	N\A
P	0	897	0	59.2812	-3.10788	135.115	-0.969665	0.221648	-0.103064	3.414	0.078	-108	-10000	0	4	1	A	0	18052	0	0.315033	-1	0	0	-10000	-1109,-1011,-108,-100	3646312	N\A	N\A	N\A	N\A
P	0	900	0	49.8297	-0.378441	140.385	-0.65368	0.137418	-0.74419	2.943	0.114	-108	-10000	0	4	1	A	0	18052	0	0.208901	-1	0	0	-10000	-1109,-1104,-108	3646312	N\A	N\A	N\A	N\A
P	0	901	0	44.0735	-8.94902	146.042	0.107671	0.696284	-0.709644	3.705	0.075	-10000	-10000	0	4	1	A	0	18052	0	-10000	-1	0	0	-10000	-10000	3646312	N\A	N\A	N\A	N\A
P	0	902	0	45.1259	-3.43777	140.345	0.155463	0.681674	-0.714949	2.823	0.054	-10000	-10000	0	4	1	A	0	18052	0	-10000	-1	0	0	-10000	-950	3646312	N\A	N\A	N\A	N\A
P	0	903	0	40.1052	-12.1042	135.807	0.418093	0.905916	-0.0671938	2.853	0.066	-10000	-10000	0	4	1	A	0	18052	0	-10000	-1	0	0	-10000	-1109	3646312	N\A	N\A	N\A	N\A
P	0	904	0	43.562	-4.91695	135.8	0.446744	0.892274	0.0653152	2.52	0.03	-108	-10000	0	4	1	A	0	18052	0	0.0978053	-1	0	0	-10000	-1109,-108	3646312	N\A	N\A	N\A	N\A
P	0	905	0	54.2853	-8.41485	131.689	-0.634385	0.743412	-0.211884	3.003	0.042	-10000	-10000	0	4	1	A	0	18052	0	-10000	-1	0	0	-10000	-946	3646312	N\A	N\A	N\A	N\A
P	0	911	0	48.3644	17.628	131.257	-0.890522	-0.014241	-0.454717	2.499	0.354	-129	-10000	0	4	1	A	0	18052	0	0.173362	-1	0	0	-10000	-1950,-1930,-1880,-1130,-1121,-1002,-129,-120,-2,433	3665349	N\A	N\A	N\A	N\A
P	0	912	0	41.2332	17.1319	127.694	-0.892963	-0.109822	-0.436528	1.728	0.249	9	-10000	0	4	1	A	0	18052	0	0.115199	-1	0	0	-10000	-1776,-1526,-1130,-1121,-1040,-129,-56,9,112,177,287,323,365	3665349	N\A	N\A	N\A	N\A
P	0	929	0	52.0362	1.57358	137.41	-0.973279	0.0387846	-0.226328	3.3	1.98	-9	-10000	0	4	1	A	0	18052	0	0.466279	-1	0	0	-10000	-1317,-1154,-1147,-1131,-1122,-1041,-1010,-998,-986,-130,-121,-15,-9,13	3681001	N\A	N\A	N\A	N\A
P	0	937	0	61.7045	6.49916	125.485	-0.976637	-0.172404	-0.128282	6.435	0.288	-130	-10000	0	4	1	A	0	18052	0	0.408914	-1	0	0	-10000	-1589,-1562,-1415,-1396,-1363,-1353,-1342,-1131,-1123,-1087,-1072,-130,-122,-86,-71,-37,-30,-12,44	3701019	N\A	N\A	N\A	N\A
P	0	938	0	53.9377	6.65212	124.881	-0.977519	0.209485	-0.0239102	4.65	0.273	-130	-10000	0	4	1	A	0	18052	0	0.213714	-1	0	0	-10000	-1349,-1131,-1123,-1072,-1011,-130,-122,-30,-10,38,49	3701019	N\A	N\A	N\A	N\A
P	0	939	0	58.1184	6.7471	134.172	-0.74058	-0.148808	-0.655284	5.223	1.401	-130	-10000	0	4	1	A	0	18052	0	0.380329	-1	0	0	-10000	-1968,-1958,-1131,-997,-317,-291,-130,-32,-10,-1,34,45,173,195,201,458	3701019	N\A	N\A	N\A	N\A
P	0	940	0	52.3143	6.67205	128.821	-0.715183	0.129469	-0.686842	3.642	0.285	-130	-10000	0	4	1	A	0	18052	0	0.235126	-1	0	0	-10000	-1554,-1359,-1342,-1131,-1123,-1012,-957,-922,-509,-130,-122,-66,-36,-10,49	3701019	N\A	N\A	N\A	N\A
P	0	949	0	57.4837	7.07723	146.166	-0.775045	0.174983	-0.607195	6.435	4.38	-7	-10000	0	4	1	A	0	18052	0	1.24832	-1	0	0	-10000	-1014,-777,-520,-450,-7	3710026	N\A	N\A	N\A	N\A
P	0	950	0	51.5292	9.92424	142.053	-0.724031	0.540221	-0.428883	4.017	2.112	1	-10000	0	4	1	A	0	18052	0	0.550195	-1	0	0	-10000	-1009,-999,-514,-467,-280,-129,1,12	3710026	N\A	N\A	N\A	N\A
P	0	959	0	59.6438	9.97987	142.838	-0.813725	0.393009	-0.428247	6.858	4.038	-4	-10000	0	4	1	A	0	18052	0	1.33375	-1	0	0	-10000	-1130,-1006,-129,-4	3712028	N\A	N\A	N\A	N\A
P	0	960	0	53.2062	13.7485	140.183	-0.799776	0.5513	-0.237543	4.002	1.335	2	-10000	0	4	1	A	0	18052	0	0.486966	-1	0	0	-10000	-1990,-1130,-1000,-990,-129,-121,2,11	3712028	N\A	N\A	N\A	N\A
P	0	962	0	49.077	14.968	144.307	-0.0812621	0.278178	-0.957086	4.062	3.795	-6	-10000	0	4	1	A	0	18052	0	0.698	-1	0	0	-10000	-1007,-6	3712028	N\A	N\A	N\A	N\A
P	0	969	0	64.4726	11.4071	138.575	-0.97325	-0.00322594	-0.229728	5.424	1.248	-129	-10000	0	4	1	A	0	18052	0	0.548461	-1	0	0	-10000	-1129,-1004,-179,-129,-120,-28,-18,1,82	3713028	N\A	N\A	N\A	N\A
P	0	970	0	56.7216	12.2927	137.776	-0.973936	0.22505	0.028316	3.849	1.758	-129	-10000	0	4	1	A	0	18052	0	0.392244	-1	0	0	-10000	-2000,-1990,-1129,-1121,-998,-989,-129,-120,-69,-29,-9,8	3713028	N\A	N\A	N\A	N\A
P	0	972	0	53.5062	11.3815	142.601	-0.414367	0.415593	-0.80968	4.134	3.183	6	-10000	0	4	1	A	0	18052	0	0.546005	-1	0	0	-10000	-1006,-178,-136,-30,6	3713028	N\A	N\A	N\A	N\A
P	0	981	0	65.273	8.27839	140.992	-0.739063	0.497972	-0.453662	5.922	3.225	-130	-10000	0	4	1	A	0	18052	0	0.739764	-1	0	0	-10000	-1165,-1009,-130,-29,-19,-12,0,31	3714030	N\A	N\A	N\A	N\A
P	0	982	0	59.2501	12.1773	137.459	-0.766776	0.47682	-0.429764	3.774	1.503	8	-10000	0	4	1	A	0	18052	0	0.592033	-1	0	0	-10000	-1180,-1138,-1032,-996,-130,-121,-10,8	3714030	N\A	N\A	N\A	N\A
P	0	984	0	55.518	11.1315	139.505	-0.120167	0.560785	-0.819194	3.6	1.626	11	-10000	0	4	1	A	0	18052	0	0.299946	-1	0	0	-10000	-1003,11,35	3714030	N\A	N\A	N\A	N\A
P	0	989	0	54.0067	16.45	153.855	-0.60029	-0.0193218	-0.799549	10.374	8.55	-16	-10000	0	4	1	A	0	18052	0	2.702	-1	0	0	-10000	-1017,-16	3723542	N\A	N\A	N\A	N\A
P	0	990	0	48.9044	17.2426	147.871	-0.678919	0.217642	-0.701214	5.784	3.333	-10	-10000	0	4	1	A	0	18052	0	0.849095	-1	0	0	-10000	-1131,-1011,-1007,-999,-130,-10,-6,2,307	3723542	N\A	N\A	N\A	N\A
P	0	1009	0	55.3481	7.20966	142.683	-0.732144	0.559033	-0.389162	4.455	1.713	-3	-10000	0	4	1	A	0	18052	0	0.468589	-1	0	0	-10000	-1879,-1871,-1346,-1131,-1010,-1004,-925,-831,-805,-551,-478,-442,-165,-105,-97,-72,-30,-10,-3,75	3750676	N\A	N\A	N\A	N\A
P	0	1010	0	49.9229	12.3914	140.165	-0.627947	0.739586	-0.24227	4.386	3.078	5	-10000	0	4	1	A	0	18052	0	0.429059	-1	0	0	-10000	-1998,-1989,-1131,-1122,-997,-988,-928,-658,-130,-68,5,13	3750676	N\A	N\A	N\A	N\A
P	0	1012	0	46.4058	14.0085	144.054	-0.0394155	0.357556	-0.933059	5.67	3.276	-4	-10000	0	4	1	A	0	18052	0	0.662805	-1	0	0	-10000	-1998,-1005,-78,-4	3750676	N\A	N\A	N\A	N\A
P	0	1019	0	56.2707	8.06881	142.202	-0.71178	0.610192	-0.347901	4.782	3.015	-4	-10000	0	4	1	A	0	18052	0	0.596033	-1	0	0	-10000	-1926,-1832,-1806,-1552,-1479,-1443,-1166,-1106,-1098,-1073,-1031,-1011,-1004,-926,-273,-220,-125,-69,-10,-4	3751677	N\A	N\A	N\A	N\A
P	0	1020	0	50.8004	13.3793	139.912	-0.657481	0.71897	-0.225391	4.044	2.391	4	-10000	0	4	1	A	0	18052	0	0.561493	-1	0	0	-10000	-1998,-1989,-1929,-1659,-1131,-1069,-996,-988,4,13	3751677	N\A	N\A	N\A	N\A
P	0	1022	0	47.3305	15.4447	144.13	-0.0669384	0.273215	-0.959621	4.899	4.686	-4	-10000	0	4	1	A	0	18052	0	0.835631	-1	0	0	-10000	-1079,-1005,-369,-265,-4,203	3751677	N\A	N\A	N\A	N\A
P	0	1029	0	56.7088	7.55581	143.557	-0.738262	0.585084	-0.335628	4.983	2.916	-4	-10000	0	4	1	A	0	18052	0	0.636849	-1	0	0	-10000	-1927,-1274,-1221,-1126,-1070,-1011,-1005,-130,-11,-4,302	3752678	N\A	N\A	N\A	N\A
P	0	1030	0	51.0347	12.6667	141.291	-0.681786	0.69393	-0.231578	3.747	2.775	3	-10000	0	4	1	A	0	18052	0	0.577994	-1	0	0	-10000	-1997,-1989,-997,-988,-130,3,12,490	3752678	N\A	N\A	N\A	N\A
P	0	1039	0	56.9462	4.59091	141.828	-0.910172	0.330243	-0.250054	4.842	1.836	3	-10000	0	4	1	A	0	18052	0	0.574837	-1	0	0	-10000	-1698,-1348,-1337,-1192,-1187,-128,-9,-3,3	3754678	N\A	N\A	N\A	N\A
P	0	1040	0	50.2613	8.42601	140.599	-0.771619	0.633265	-0.0598321	3.534	1.608	3	-10000	0	4	1	A	0	18052	0	0.440553	-1	0	0	-10000	-1997,-1988,-1510,-1344,-1337,-1296,-1192,-1187,-128,3,12	3754678	N\A	N\A	N\A	N\A
P	0	1042	0	47.5755	10.1972	145.46	-0.310994	0.301149	-0.901439	5.223	4.917	-5	-10000	0	4	1	A	0	18052	0	0.894855	-1	0	0	-10000	-1336,-1304,-1192,-1187,-5,2	3754678	N\A	N\A	N\A	N\A
P	0	1050	0	54.3158	16.1558	135.247	-0.898627	0.306013	0.314367	2.838	1.479	33	-10000	0	4	1	A	0	18052	0	0.479289	-1	0	0	-10000	-1977,-1967,-1109,-1100,-967,-108,-99,-17,33	3757660	N\A	N\A	N\A	N\A
P	0	1051	0	56.3032	8.39557	143.29	-0.529077	0.686316	-0.499047	4.65	2.088	17	-10000	0	4	1	A	0	18052	0	0.384546	-1	0	0	-10000	-1994,-989,17	3757660	N\A	N\A	N\A	N\A
P	0	1052	0	52.1373	14.1373	139.623	-0.512877	0.749729	-0.418166	3.909	2.022	25	-10000	0	4	1	A	0	18052	0	0.445568	-1	0	0	-10000	-1978,-1109,-975,-108,25,34	3757660	N\A	N\A	N\A	N\A
P	0	1054	0	48.2406	15.4722	142.246	0.155578	0.362427	-0.918935	4.62	3.228	18	-10000	0	4	1	A	0	18052	0	0.508706	-1	0	0	-10000	-1984,-1670,-982,18	3757660	N\A	N\A	N\A	N\A
P	0	1059	0	56.251	-8.83202	122.135	0.0783929	0.947556	-0.309827	2.373	0.069	-132	-10000	0	4	1	A	0	18052	0	0.0505227	-1	0	0	-10000	-1912,-1133,-911,-132,90	3777270	N\A	N\A	N\A	N\A
P	0	1063	0	60.2177	2.884	104.881	-0.231607	0.121498	0.965192	1.749	0.213	-132	-10000	0	4	1	A	0	18052	0	1.79344	-1	0	0	-10000	-1999,-1618,-1133,-1128,-997,-132,-127,-116,12	3777270	N\A	N\A	N\A	N\A
P	0	1068	0	51.7535	23.2656	134.879	-0.859597	0.480116	-0.174873	3.816	2.811	38	-10000	0	4	1	A	0	18052	0	0.677288	-1	0	0	-10000	-1983,-1972,-1963,-1109,-971,-962,-108,18,30,38	3809517	N\A	N\A	N\A	N\A
P	0	1070	0	48.1184	21.364	137.164	-0.177346	0.707809	-0.683779	3.51	1.131	29	-10000	0	4	1	A	0	18052	0	0.453978	-1	0	0	-10000	-1983,-982,18,29	3809517	N\A	N\A	N\A	N\A
P	0	1076	0	52.3449	24.0629	133.754	-0.913764	0.394252	-0.0979783	3.282	1.197	30	-10000	0	4	1	A	0	18052	0	0.387852	-1	0	0	-10000	-1983,-1971,-1109,-1101,-971,-963,-108,-100,18,30	3809517	N\A	N\A	N\A	N\A
P	0	1078	0	53.8728	17.5178	135.967	-0.834695	0.489666	-0.252016	3.732	4.317	36	-10000	0	4	1	A	0	18052	0	0.929614	-1	0	0	-10000	-1972,-1963,-1109,-983,-971,-963,-108,36	3810518	N\A	N\A	N\A	N\A
P	0	1086	0	54.6264	18.3642	134.061	-0.924827	0.379589	-0.0246425	2.949	1.218	31	-10000	0	4	1	A	0	18052	0	0.412516	-1	0	0	-10000	-1972,-1964,-1109,-1101,-983,-971,-108,-100,31	3810518	N\A	N\A	N\A	N\A
P	0	1088	0	57.1509	21.5623	133.73	-0.913585	0.383356	-0.135652	4.134	2.496	25	-10000	0	4	1	A	0	18052	0	0.526814	-1	0	0	-10000	-1967,-1109,-1100,-1044,-990,-974,-108,-99,-44,12,25,227	3813520	N\A	N\A	N\A	N\A
P	0	1089	0	57.8223	13.8038	140.939	-0.448895	0.685615	-0.573084	4.869	2.262	19	-10000	0	4	1	A	0	18052	0	0.55418	-1	0	0	-10000	-1988,-1109,-988,-984,-108,19	3813520	N\A	N\A	N\A	N\A
P	0	1090	0	54.3486	19.3301	136.317	-0.419569	0.696034	-0.582666	4.326	3.411	34	-10000	0	4	1	A	0	18052	0	0.912182	-1	0	0	-10000	-1976,-1109,-1019,-976,-967,-108,24,34	3813520	N\A	N\A	N\A	N\A
P	0	1117	0	59.4897	7.77241	177.65	-0.0899791	0.779915	-0.619383	10.47	2.58	-12	-10000	0	4	1	A	0	18052	0	2.013	-1	0	0	-10000	-1673,-1417,-1233,-1217,-1207,-1143,-1068,-880,-600,-509,-103,-90,-12,2	3842816	N\A	N\A	N\A	N\A
P	0	1118	0	58.3981	13.853	172.59	-0.183012	0.740923	-0.646173	8.652	3.675	-10	-10000	0	4	1	A	0	18052	0	1.80132	-1	0	0	-10000	-1420,-1229,-1221,-1190,-860,-830,-747,-622,-18,-10,94	3842816	N\A	N\A	N\A	N\A
P	0	1119	0	64.0219	21.4583	160.346	0.122724	-0.714602	0.688682	14.976	11.514	9	-10000	0	4	1	A	0	18052	0	2.09042	-1	0	0	-10000	-1202,-1191,-1148,-1062,-1013,-867,-817,-650,-600,9	3842816	N\A	N\A	N\A	N\A
P	0	1120	0	61.7147	18.1244	165.654	-0.703447	-0.16486	0.691364	10.059	6.309	0	-10000	0	4	1	A	0	18052	0	1.83471	-1	0	0	-10000	-1211,-1101,-850,-827,-627,-510,0,15	3842816	N\A	N\A	N\A	N\A
P	0	1121	0	55.7113	17.7803	179.903	0.206703	0.557912	-0.803746	9.942	6.306	-9	-10000	0	4	1	A	0	18052	0	2.32665	-1	0	0	-10000	-1222,-1212,-1182,-1097,-963,-830,-686,-381,-9	3842816	N\A	N\A	N\A	N\A
P	0	1122	0	57.2633	19.1115	173.011	0.191135	-0.205974	-0.959709	9.837	2.43	-7	-10000	0	4	1	A	0	18052	0	1.97167	-1	0	0	-10000	-1220,-1189,-1183,-957,-846,-622,-523,-7	3842816	N\A	N\A	N\A	N\A
P	0	1123	0	48.8483	24.466	161.058	0.750422	-0.40774	0.520207	8.574	2.46	2	-10000	0	4	1	A	0	18052	0	1.31679	-1	0	0	-10000	-1203,-1148,-817,2	3842816	N\A	N\A	N\A	N\A
P	0	1124	0	54.3711	20.8559	165.517	0.631917	-0.495731	0.595761	7.2	1.827	-2	-10000	0	4	1	A	0	18052	0	0.955009	-1	0	0	-10000	-1211,-1148,-818,-549,-2,4,15,411	3842816	N\A	N\A	N\A	N\A
P	0	1125	0	45.0959	19.8058	165.383	0.943995	0.146857	0.295476	9.726	9.849	-2	-10000	0	4	1	A	0	18052	0	2.71259	-1	0	0	-10000	-1207,-1148,-846,-823,-2	3842816	N\A	N\A	N\A	N\A
P	0	1126	0	52.5172	19.3776	167.702	0.923604	-0.253109	0.287908	6.138	2.511	-6	-10000	0	4	1	A	0	18052	0	1.22563	-1	0	0	-10000	-1214,-1182,-1176,-1167,-1148,-844,-808,-6	3842816	N\A	N\A	N\A	N\A
P	0	1127	0	59.2188	12.5702	179.971	0.259284	0.429597	-0.864996	23.238	5.607	53	-10000	0	4	1	A	0	18052	0	2.86767	-1	0	0	-10000	-1678,-1665,-1587,-1573,-1023,-1005,-838,-812,-806,-779,-360,-348,-337,-320,-237,-1,53,72,78,87	3844391	N\A	N\A	N\A	N\A
P	0	1128	0	60.3764	15.1327	172.638	0.0320149	0.214469	-0.976206	20.778	1.563	49	-10000	0	4	1	A	0	18052	0	0.701317	-1	0	0	-10000	-1593,-1585,-1481,-1037,-1029,-1022,-1014,-1003,-902,-805,-760,-692,-361,-351,-327,-277,-219,-204,-9,-2,36,43,49,72,78	3844391	N\A	N\A	N\A	N\A
P	0	1129	0	63.1229	23.1595	159.243	0.301072	-0.0418514	0.952683	32.877	13.719	58	-10000	0	4	1	A	0	18052	0	2.99032	-1	0	0	-10000	-1566,-1012,-893,-697,-339,-331,-282,58	3844391	N\A	N\A	N\A	N\A
P	0	1130	0	62.9409	19.9701	164.924	-0.332207	-0.772208	0.541602	27.879	6.078	53	-10000	0	4	1	A	0	18052	0	2.32329	-1	0	0	-10000	-1575,-1560,-1019,-1005,-847,-714,-693,-343,-327,-232,-19,-5,45,53	3844391	N\A	N\A	N\A	N\A
P	0	1131	0	54.9215	22.4165	174.8	0.238731	-0.0623327	-0.969083	10.572	3.798	89	-10000	0	4	1	A	0	18052	0	0.269591	-1	0	0	-10000	-1956,-1584,-1013,-1006,-992,-692,-638,-364,-357,-351,-343,-338,-310,-282,-254,-238,-225,-122,54,80,89,98	3844391	N\A	N\A	N\A	N\A
P	0	1132	0	58.2137	19.7163	169.099	0.600888	-0.622215	-0.501778	15.477	5.985	57	-10000	0	4	1	A	0	18052	0	1.09996	-1	0	0	-10000	-1582,-1021,-1016,-892,-798,-355,-343,-293,-155,-62,-5,38,57,103	3844391	N\A	N\A	N\A	N\A
P	0	1133	0	52.5504	22.3872	158.201	0.695525	-0.284336	0.659847	25.998	7.317	63	-10000	0	4	1	A	0	18052	0	1.9713	-1	0	0	-10000	-1573,-1011,-959,-948,-704,-348,-339,-292,-282,1,63,109	3844391	N\A	N\A	N\A	N\A
P	0	1134	0	57.5939	19.3062	163.479	0.56849	-0.487477	0.662711	23.28	6.618	56	-10000	0	4	1	A	0	18052	0	1.07754	-1	0	0	-10000	-1577,-1571,-1560,-1164,-1029,-1022,-959,-344,-338,-332,-292,-282,1,43,56	3844391	N\A	N\A	N\A	N\A
P	0	1135	0	48.1157	21.6082	167.183	0.952931	-0.301945	-0.0274301	19.524	6.489	49	-10000	0	4	1	A	0	18052	0	1.48084	-1	0	0	-10000	-1577,-1008,-960,-948,-342,-304,-293,-282,-226,-1,49,98	3844391	N\A	N\A	N\A	N\A
P	0	1136	0	55.5356	18.6966	167.218	0.903744	-0.426554	0.0360357	15.924	1.587	103	-10000	0	4	1	A	0	18052	0	0.101251	-1	0	0	-10000	-1581,-1017,-973,-966,-948,-347,-293,38,103	3844391	N\A	N\A	N\A	N\A
P	0	1147	0	75.8151	-6.83161	151.968	0.454827	-0.662953	-0.594665	7.062	0.6	-11	-10000	0	4	1	A	0	18052	0	0.324715	-1	0	0	-10000	-1960,-1932,-1166,-1120,-922,-11	3894875	N\A	N\A	N\A	N\A
P	0	1149	0	74.4237	-17.4649	154.089	-0.371887	0.501218	-0.781332	5.907	0.567	-34	-10000	0	4	1	A	0	18052	0	0.287052	-1	0	0	-10000	-1814,-1680,-1194,-124,-34	3894875	N\A	N\A	N\A	N\A
P	0	1165	0	74.8832	6.32042	133.826	-0.964234	0.264802	-0.0115141	4.968	0.219	-75	-10000	0	4	1	A	0	18052	0	0.0909009	-1	0	0	-10000	-1129,-1121,-1057,-883,-75	3898878	N\A	N\A	N\A	N\A
P	0	1179	0	54.0173	15.9499	138.026	-0.512681	0.554233	-0.655731	3.873	2.967	33	-10000	0	4	1	A	0	18052	0	0.784355	-1	0	0	-10000	-1987,-1057,-982,-109,-100,19,24,33	3906865	N\A	N\A	N\A	N\A
P	0	1180	0	49.905	20.3018	132.721	-0.51542	0.533773	-0.670394	2.448	0.696	31	-10000	0	4	1	A	0	18052	0	0.2321	-1	0	0	-10000	-1982,-1974,-1131,-1110,-982,-976,-965,-109,-100,31,39	3906865	N\A	N\A	N\A	N\A
P	0	1207	0	26.6891	-8.93186	111.852	0.0232958	0.999102	0.0353891	2.157	0.153	-14	-10000	0	4	1	A	0	18052	0	0.0479655	-1	0	0	-10000	-1976,-1057,-1014,-975,-14	4466343	N\A	N\A	N\A	N\A
P	0	1217	0	78.0032	-2.07026	139.422	-0.842755	-0.190995	-0.503273	4.473	0.108	-58	-10000	0	4	1	A	0	18052	0	0.109928	-1	0	0	-10000	-1948,-1354,-1110,-945,-911,-866,-737,-575,-522,-510,-469,-442,-429,-385,-58	4496917	N\A	N\A	N\A	N\A
P	0	1219	0	74.7925	-4.61452	144.545	-0.698589	-0.0492938	-0.713824	4.794	0.441	14	-10000	0	4	1	A	0	18052	0	0.141081	-1	0	0	-10000	-1354,-1316,-530,-515,-374,2,14,23	4496917	N\A	N\A	N\A	N\A
P	0	1223	0	74.2427	-12.043	139.609	-0.775418	0.25715	-0.576716	3.651	0.072	-10000	-10000	0	4	1	A	0	18052	0	-10000	-1	0	0	-10000	-1196,-1048,-529,-495,-485,-466,-385	4496917	N\A	N\A	N\A	N\A
P	0	1225	0	66.4092	2.77323	123.546	0.0986489	-0.711533	0.695693	2.82	0.102	-109	-10000	0	4	1	A	0	18052	0	0.439014	-1	0	0	-10000	-1979,-1110,-1101,-979,-838,-786,-528,-469,-448,-385,-371,-183,-109,149,168	4496917	N\A	N\A	N\A	N\A
P	0	1227	0	75.595	3.30695	129.477	0.509437	-0.37363	0.775161	3.924	0.105	-57	-10000	0	4	1	A	0	18052	0	0.0328811	-1	0	0	-10000	-1057,-57	4525129	N\A	N\A	N\A	N\A
P	0	1229	0	71.0499	1.68399	152.598	0.800124	-0.153829	-0.579774	10.263	7.278	-23	-10000	0	4	1	A	0	18052	0	1.72922	-1	0	0	-10000	-1131,-1025,-23	4525129	N\A	N\A	N\A	N\A
P	0	1230	0	75.6603	1.41888	146.658	0.372909	0.0845835	-0.924005	6.402	0.507	-20	-10000	0	4	1	A	0	18052	0	0.346205	-1	0	0	-10000	-1021,-20,-11	4525129	N\A	N\A	N\A	N\A
P	0	1231	0	76.581	-2.65172	154.679	-0.0639449	0.150876	-0.986482	7.842	4.059	-22	-10000	0	4	1	A	0	18052	0	1.0956	-1	0	0	-10000	-1023,-22	4525129	N\A	N\A	N\A	N\A
P	0	1232	0	76.5633	-0.529162	147.065	0.0592993	0.380945	-0.922694	6.018	0.36	-20	-10000	0	4	1	A	0	18052	0	0.302624	-1	0	0	-10000	-1021,-20	4525129	N\A	N\A	N\A	N\A
P	0	1233	0	82.3305	-2.80591	149.193	-0.388491	-0.659935	-0.643087	5.916	0.282	-10000	-10000	0	4	1	A	0	18052	0	-10000	-1	0	0	-10000	-10000	4525129	N\A	N\A	N\A	N\A
P	0	1234	0	78.9953	-2.59727	144.714	-0.499794	0.661048	-0.559662	5.229	0.225	-10000	-10000	0	4	1	A	0	18052	0	-10000	-1	0	0	-10000	-10000	4525129	N\A	N\A	N\A	N\A
P	0	1236	0	75.1774	-0.686865	137.025	0.383674	0.298695	0.873828	4.275	0.162	37	-10000	0	4	1	A	0	18052	0	0.0178086	-1	0	0	-10000	-1057,-967,37	4525129	N\A	N\A	N\A	N\A
P	0	1237	0	75.6364	3.4229	130.482	0.516073	-0.421938	0.74541	4.119	0.108	-55	-10000	0	4	1	A	0	18052	0	0.0374323	-1	0	0	-10000	-1915,-1076,-1055,-55	4528130	N\A	N\A	N\A	N\A
P	0	1239	0	71.1362	0.683453	153.782	0.678439	-0.25522	-0.6889	9.636	5.613	-22	-10000	0	4	1	A	0	18052	0	1.57954	-1	0	0	-10000	-1029,-1023,-128,-29,-22	4528130	N\A	N\A	N\A	N\A
P	0	1240	0	75.3316	0.0404573	147.412	0.383346	0.090658	-0.919145	6.537	0.504	-19	-10000	0	4	1	A	0	18052	0	0.361582	-1	0	0	-10000	-1905,-1871,-1020,-19	4528130	N\A	N\A	N\A	N\A
P	0	1241	0	76.1552	-3.29996	155.577	-0.0156595	0.0800983	-0.996664	8.133	3.951	-21	-10000	0	4	1	A	0	18052	0	1.11831	-1	0	0	-10000	-1022,-21	4528130	N\A	N\A	N\A	N\A
P	0	1242	0	76.2997	-1.65102	147.847	0.0517764	0.332919	-0.941533	6.222	0.381	-19	-10000	0	4	1	A	0	18052	0	0.306482	-1	0	0	-10000	-1020,-19	4528130	N\A	N\A	N\A	N\A
P	0	1243	0	82.1864	-3.21556	149.962	-0.203202	-0.700947	-0.683653	6.123	0.291	-10000	-10000	0	4	1	A	0	18052	0	-10000	-1	0	0	-10000	-10000	4528130	N\A	N\A	N\A	N\A
P	0	1245	0	75.0194	0.143972	129.595	0.335548	-0.299806	0.893042	3.9	0.114	-128	-10000	0	4	1	A	0	18052	0	0.667425	-1	0	0	-10000	-1971,-1963,-1129,-969,-128,33	4528130	N\A	N\A	N\A	N\A
P	0	1246	0	76.5409	-0.767201	137.085	0.0498937	0.067931	0.996442	4.542	0.129	38	-10000	0	4	1	A	0	18052	0	0.0166638	-1	0	0	-10000	-964,38	4528130	N\A	N\A	N\A	N\A
P	0	1247	0	75.874	1.07637	130.051	0.471819	-0.488781	0.733812	3.879	0.114	-56	-10000	0	4	1	A	0	18052	0	0.0397877	-1	0	0	-10000	-1057,-56	4529132	N\A	N\A	N\A	N\A
P	0	1249	0	71.488	-2.1214	153.398	0.726084	-0.184834	-0.662298	9.084	5.076	-22	-10000	0	4	1	A	0	18052	0	1.45581	-1	0	0	-10000	-1130,-1031,-1024,-129,-29,-22	4529132	N\A	N\A	N\A	N\A
P	0	1250	0	75.6204	-2.44105	147.061	0.323634	0.10171	-0.9407	6.24	0.498	-129	-10000	0	4	1	A	0	18052	0	0.621191	-1	0	0	-10000	-1021,-129,-19	4529132	N\A	N\A	N\A	N\A
P	0	1251	0	76.8884	-5.10911	155.279	-0.0812207	0.032059	-0.99618	7.782	4.176	-21	-10000	0	4	1	A	0	18052	0	1.12118	-1	0	0	-10000	-1023,-21	4529132	N\A	N\A	N\A	N\A
P	0	1252	0	76.553	-3.84994	147.481	-0.00301366	0.283229	-0.959048	5.922	0.366	-19	-10000	0	4	1	A	0	18052	0	0.288046	-1	0	0	-10000	-1021,-19	4529132	N\A	N\A	N\A	N\A
P	0	1253	0	82.8103	-5.59704	149.303	-0.224491	-0.649432	-0.726527	5.841	0.249	-10000	-10000	0	4	1	A	0	18052	0	-10000	-1	0	0	-10000	-10000	4529132	N\A	N\A	N\A	N\A
P	0	1255	0	75.1961	-2.67691	129.084	0.296311	-0.280183	0.91307	3.657	0.111	-129	-10000	0	4	1	A	0	18052	0	0.701794	-1	0	0	-10000	-1971,-1130,-969,-129,-56,33	4529132	N\A	N\A	N\A	N\A
P	0	1256	0	76.5442	-3.37663	136.647	0.0449683	0.101778	0.99379	4.29	0.12	-56	-10000	0	4	1	A	0	18052	0	0.0290331	-1	0	0	-10000	-1966,-964,-56	4529132	N\A	N\A	N\A	N\A
P	0	1257	0	76.2723	2.96693	128.433	-0.611776	0.370818	0.69873	3.639	0.075	-10000	-10000	0	4	1	A	0	18052	0	-10000	-1	0	0	-10000	-1056,-957,-935,-929,-619,-413	4533067	N\A	N\A	N\A	N\A
P	0	1259	0	75.5362	7.76754	146.04	0.271097	0.22948	-0.934797	9.036	2.289	-18	-10000	0	4	1	A	0	18052	0	0.618992	-1	0	0	-10000	-1129,-1026,-926,-468,-434,-385,-346,-128,-18	4533067	N\A	N\A	N\A	N\A
P	0	1278	0	78.5415	0.0459553	138.574	-0.191214	-0.279524	0.940906	4.731	0.201	-129	-10000	0	4	1	A	0	18052	0	0.842571	-1	0	0	-10000	-1130,-129,172,415	4541407	N\A	N\A	N\A	N\A
P	0	1281	0	78.1043	4.12424	155.896	-0.221855	-0.57447	-0.787886	8.154	1.404	-21	-10000	0	4	1	A	0	18052	0	0.986784	-1	0	0	-10000	-1021,-21,-10	4541407	N\A	N\A	N\A	N\A
P	0	1282	0	77.2401	0.828936	148.928	0.00323097	-0.256904	-0.966431	6.468	0.546	-19	-10000	0	4	1	A	0	18052	0	0.425512	-1	0	0	-10000	-1019,-19	4541407	N\A	N\A	N\A	N\A
P	0	1287	0	79.4884	5.33004	132.836	0.105567	-0.62858	0.770547	4.416	0.096	-128	-10000	0	4	1	A	0	18052	0	1.05954	-1	0	0	-10000	-1129,-1096,-1055,-128	4546411	N\A	N\A	N\A	N\A
P	0	1288	0	78.5609	1.87988	139.457	-0.337114	-0.249766	0.907728	4.917	0.183	-128	-10000	0	4	1	A	0	18052	0	0.721792	-1	0	0	-10000	-1078,-128,-78,-52	4546411	N\A	N\A	N\A	N\A
P	0	1289	0	76.4066	11.8624	148.442	0.238138	-0.434081	-0.868829	7.968	0.981	-28	-10000	0	4	1	A	0	18052	0	0.180151	-1	0	0	-10000	-1028,-999,-28	4546411	N\A	N\A	N\A	N\A
P	0	1290	0	77.2143	6.31727	144.716	-0.0226364	-0.993058	-0.115429	6.441	0.252	-10000	-10000	0	4	1	A	0	18052	0	-10000	-1	0	0	-10000	-520	4546411	N\A	N\A	N\A	N\A
P	0	1291	0	76.4456	6.97101	156.322	-0.169126	-0.438818	-0.882516	8.565	4.29	-22	-10000	0	4	1	A	0	18052	0	1.40366	-1	0	0	-10000	-1021,-22,-14	4546411	N\A	N\A	N\A	N\A
P	0	1293	0	75.7842	-3.03991	156.47	-0.195805	0.433093	-0.879825	7.488	1.254	-26	-10000	0	4	1	A	0	18052	0	0.614126	-1	0	0	-10000	-1025,-26	4546411	N\A	N\A	N\A	N\A
P	0	1297	0	77.8218	2.93483	135.459	0.107449	-0.598132	0.794162	4.626	0.138	-131	-10000	0	4	1	A	0	18052	0	0.860682	-1	0	0	-10000	-1830,-1822,-1798,-1754,-829,-797,-781,-131,-53,192	4554118	N\A	N\A	N\A	N\A
P	0	1298	0	76.7095	-0.563388	142.048	-0.385444	-0.291181	0.875584	5.145	0.159	-77	-10000	0	4	1	A	0	18052	0	0.10552	-1	0	0	-10000	-1778,-1753,-829,-777,-753,-77	4554118	N\A	N\A	N\A	N\A
P	0	1300	0	75.0695	3.75343	146.699	-0.0465715	-0.997749	-0.0482546	6.591	0.273	-10	-10000	0	4	1	A	0	18052	0	0.196394	-1	0	0	-10000	-1754,-1055,-984,-10	4554118	N\A	N\A	N\A	N\A
P	0	1301	0	74.8055	6.26636	157.281	-0.319139	-0.606762	-0.728004	9.96	7.452	-22	-10000	0	4	1	A	0	18052	0	2.02215	-1	0	0	-10000	-1722,-1631,-1524,-1478,-721,-714,-408,-22,-14	4554118	N\A	N\A	N\A	N\A
P	0	1303	0	75.0932	-3.84204	159.154	-0.365954	0.293063	-0.883285	7.653	1.416	-26	-10000	0	4	1	A	0	18052	0	0.691641	-1	0	0	-10000	-1727,-798,-726,-26	4554118	N\A	N\A	N\A	N\A
P	0	1305	0	73.5755	-10.0594	156.648	0.0461936	0.657716	-0.751848	5.502	0.3	-42	-10000	0	4	1	A	0	18052	0	0.230382	-1	0	0	-10000	-1825,-1572,-1055,-1047,-654,-126,-42	4554118	N\A	N\A	N\A	N\A
P	0	1307	0	68.858	-23.6553	173.479	-0.231371	0.656876	-0.717622	14.739	5.271	-43	-10000	0	4	1	A	0	18052	0	1.34377	-1	0	0	-10000	-1944,-1109,-1045,-1037,-108,-103,-43,-37,52	4565964	N\A	N\A	N\A	N\A
P	0	1308	0	66.4022	-18.3284	168.101	-0.383262	0.676553	-0.628797	10.353	2.22	-31	-10000	0	4	1	A	0	18052	0	0.853979	-1	0	0	-10000	-1109,-1104,-1032,-108,-103,-31	4565964	N\A	N\A	N\A	N\A
P	0	1315	0	70.5546	-24.4502	171.063	-0.317822	0.66799	-0.672888	11.586	2.172	-52	-10000	0	4	1	A	0	18052	0	0.820717	-1	0	0	-10000	-1109,-1104,-1053,-1041,-1033,-108,-103,-52,-40,-33,73	4565964	N\A	N\A	N\A	N\A
P	0	1316	0	67.0587	-19.0137	166.601	-0.559463	0.697175	-0.448271	9.831	2.961	-27	-10000	0	4	1	A	0	18052	0	1.25235	-1	0	0	-10000	-1903,-1109,-1104,-1050,-1037,-1028,-352,-108,-103,-53,-27	4565964	N\A	N\A	N\A	N\A
P	0	1317	0	69.2263	-20.0426	171.504	-0.343377	0.331957	-0.878576	15.573	4.314	-55	-10000	0	4	1	A	0	18052	0	2.54743	-1	0	0	-10000	-1585,-1057,-589,-55,1,456,486	4659301	N\A	N\A	N\A	N\A
P	0	1327	0	75.3468	-17.3904	163.767	-0.779902	0.251744	-0.573042	13.782	3.456	-44	-10000	0	4	1	A	0	18052	0	2.08445	-1	0	0	-10000	-1966,-1079,-1043,-985,-966,-197,-72,-44,45,188,380	5281775	N\A	N\A	N\A	N\A
P	0	1328	0	69.4365	-14.2725	159.598	-0.703486	0.5301	-0.473394	7.035	1.488	-43	-10000	0	4	1	A	0	18052	0	0.877177	-1	0	0	-10000	-1476,-1047,-43,233	5281775	N\A	N\A	N\A	N\A
P	0	1333	0	70.8719	-21.7484	162.379	-0.410977	0.496642	-0.764489	9.672	7.134	-47	-10000	0	4	1	A	0	18052	0	1.338	-1	0	0	-10000	-1970,-1129,-1074,-1047,-72,-47,437,460,468,478	5281775	N\A	N\A	N\A	N\A
P	0	1344	0	50.3811	-17.0459	139.408	-0.424001	0.567362	-0.70592	3.261	0.09	-129	-10000	0	4	1	A	0	18052	0	0.129085	-1	0	0	-10000	-1648,-1635,-1621,-1048,-1043,-970,-648,-636,-623,-129,-48	5310559	N\A	N\A	N\A	N\A
P	0	1347	0	57.9006	-23.0818	141.48	-0.737276	0.435021	-0.516895	3.837	0.072	-40	-10000	1	11	1	A	0	18052	0	0.0864706	-1	0	0	-10000	-1043,-1036,-40,-33,-16	5318456	N\A	N\A	N\A	N\A
P	0	1357	0	73.8843	-22.2068	162.281	-0.543232	0.39328	-0.741775	5.823	0.393	-123	-10000	1	11	1	A	0	18052	0	0.0894016	-1	0	0	-10000	-2000,-1972,-1034,-1011,-968,-123,-55,32	5346032	N\A	N\A	N\A	N\A
P	0	1367	0	69.5764	-11.4863	162.998	0.164112	0.314607	-0.934927	7.812	2.256	-40	-10000	1	11	1	A	0	18052	0	1.06835	-1	0	0	-10000	-1042,-40,370,397	5390718	N\A	N\A	N\A	N\A
P	0	1385	0	77.7879	17.8034	139.147	-0.536842	-0.82564	-0.173551	13.263	8.952	-32	-10000	1	11	1	A	0	18052	0	0.246967	-1	0	0	-10000	-1102,-1091,-43,-32,-12,77,112,136,163	5436732	N\A	N\A	N\A	N\A
P	0	1393	0	56.9744	3.40435	98.1869	-0.765383	0.643538	-0.00697316	1.668	0.198	-131	-10000	0	4	1	A	0	18052	0	0.815691	-1	0	0	-10000	-1132,-1127,-131,-126,-116	5514265	N\A	N\A	N\A	N\A
P	0	1394	0	50.8294	8.52624	98.127	-0.770873	0.636938	-0.00800462	1.905	0.114	-131	-10000	0	4	1	A	0	18052	0	0.408483	-1	0	0	-10000	-1132,-1127,-1117,-1001,-131,-126,-116,7	5514265	N\A	N\A	N\A	N\A
P	0	1396	0	44.3371	6.92161	97.0543	0.400711	0.895062	0.19569	1.32	0.195	-126	-10000	0	4	1	A	0	18052	0	0.0537898	-1	0	0	-10000	-1995,-1979,-1954,-1132,-1127,-980,-953,-126,30	5514265	N\A	N\A	N\A	N\A
P	0	1397	0	33.3358	9.35767	95.7674	0.986965	0.15744	0.0333442	2.637	0.798	30	-10000	0	4	1	A	0	18052	0	0.356944	-1	0	0	-10000	-1975,-1955,-1929,-1901,-1132,-1127,-977,-957,-904,-131,-126,30,95,136,160	5514265	N\A	N\A	N\A	N\A
P	0	1398	0	41.0971	10.8404	96.705	0.955953	0.213694	0.201219	1.764	0.402	-131	-10000	0	4	1	A	0	18052	0	0.187617	-1	0	0	-10000	-1995,-1972,-1954,-1926,-1916,-1909,-1132,-1127,-992,-977,-971,-912,-131,18,23,30,45,83,88	5514265	N\A	N\A	N\A	N\A
P	0	1399	0	48.5156	0.834211	97.6717	-0.139727	0.854642	-0.500063	1.221	0.216	-131	-10000	0	4	1	A	0	18052	0	0.467041	-1	0	0	-10000	-1976,-1953,-1941,-1132,-1127,-975,-131,-126,26,135	5514265	N\A	N\A	N\A	N\A
P	0	1400	0	47.1843	7.951	96.5201	-0.199231	0.959732	0.198046	1.737	0.255	-131	-10000	0	4	1	A	0	18052	0	0.322976	-1	0	0	-10000	-1994,-1979,-1132,-1127,-1001,-993,-977,-953,-131,-126,7,20	5514265	N\A	N\A	N\A	N\A
P	0	1401	0	57.5586	18.3998	101.702	-0.74252	-0.440434	-0.50466	3.288	0.717	-131	-10000	0	4	1	A	0	18052	0	0.164013	-1	0	0	-10000	-1896,-1132,-1072,-1029,-889,-131,-64,-28,50,73,90	5514265	N\A	N\A	N\A	N\A
P	0	1403	0	40.0135	-0.641089	95.2302	0.310064	0.933	0.182676	2.025	2.31	125	-10000	1	11	1	A	0	18052	0	0.543596	-1	0	0	-10000	-1964,-1957,-1877,-1864,-1008,-962,-956,-895,-876,-863,-8,38,45,105,125,138,417,447	5519804	N\A	N\A	N\A	N\A
P	0	1411	0	50.1529	9.45228	98.2003	-0.916689	0.394414	0.0641785	1.608	0.375	-132	-10000	0	4	1	A	0	18052	0	0.597875	-1	0	0	-10000	-1979,-1133,-1128,-1117,-1000,-977,-132,-127,-117,1,24	5540345	N\A	N\A	N\A	N\A
P	0	1412	0	42.6317	11.987	98.8517	-0.965706	0.240091	0.0988309	1.311	0.15	-132	-10000	0	4	1	A	0	18052	0	0.304547	-1	0	0	-10000	-1133,-1128,-1117,-1010,-1003,-132,-127,-116,-9,-2	5540345	N\A	N\A	N\A	N\A
P	0	1413	0	39.4146	3.15583	90.9645	-0.165168	0.733932	0.658834	2.1	2.76	123	-10000	1	7	1	A	0	18052	0	0.574951	-1	0	0	-10000	-1965,-1959,-1879,-1865,-964,-958,-878,-864,-127,37,43,123,136,140	5540345	N\A	N\A	N\A	N\A
P	0	1414	0	38.0941	9.00834	96.2563	-0.164977	0.729196	0.664121	1.179	0.234	-132	-10000	0	4	1	A	0	18052	0	0.245426	-1	0	0	-10000	-1973,-1954,-1878,-1133,-1128,-972,-954,-878,-132,-127,29,47,123	5540345	N\A	N\A	N\A	N\A
P	0	1415	0	26.4443	5.07468	99.1079	0.789793	0.601558	-0.119808	3.012	0.768	48	-10000	0	4	1	A	0	18052	0	0.316226	-1	0	0	-10000	-1954,-1937,-1872,-1862,-1133,-1128,-953,-132,-127,48	5540345	N\A	N\A	N\A	N\A
P	0	1416	0	32.7225	9.94409	98.9472	0.782338	0.617776	0.0793807	1.497	0.309	-132	-10000	0	4	1	A	0	18052	0	0.153364	-1	0	0	-10000	-1973,-1959,-1866,-1133,-1128,-958,-866,-132,37,42,135	5540345	N\A	N\A	N\A	N\A
P	0	1417	0	42.6227	5.43313	94.5613	-0.45148	0.83714	-0.308807	1.053	0.447	-132	-10000	0	7	1	A	0	18052	0	0.336481	-1	0	0	-10000	-1977,-1971,-1966,-1959,-1875,-1863,-1133,-1128,-1010,-1000,-976,-970,-965,-954,-874,-859,-132,-127,-9,1,25,31,36,43,127,142	5540345	N\A	N\A	N\A	N\A
P	0	1418	0	39.0203	10.9352	95.9186	-0.483424	0.597264	0.639982	1.605	0.105	-132	-10000	0	4	1	A	0	18052	0	0.236408	-1	0	0	-10000	-1980,-1133,-1128,-982,-132,-127,18	5540345	N\A	N\A	N\A	N\A
P	0	1419	0	48.3348	20.7054	98.9886	-0.845202	-0.508124	-0.165661	3.411	1.452	-16	-10000	0	4	1	A	0	18052	0	0.343971	-1	0	0	-10000	-1937,-1926,-1133,-1128,-1017,-936,-926,-132,-16,75	5540345	N\A	N\A	N\A	N\A
P	0	1420	0	41.6239	16.5202	98.6644	-0.836904	-0.540862	0.0840225	1.497	0.525	75	-10000	0	4	1	A	0	18052	0	0.153505	-1	0	0	-10000	-1931,-1926,-1916,-997,-926,-127,4,75,85	5540345	N\A	N\A	N\A	N\A
P	0	1427	0	34.9187	18.6298	96.0782	0.858275	-0.512814	-0.0196357	3.078	0.789	27	-10000	1	11	1	A	0	18052	0	0.284724	-1	0	0	-10000	-1975,-1968,-1956,-1904,-1864,-1131,-1126,-974,-967,-955,-935,-903,-864,-838,-130,-125,27,33,45,98,137	5569607	N\A	N\A	N\A	N\A
P	0	1431	0	40.9622	2.42358	98.7821	-0.0637151	0.77167	-0.632823	1.524	0.681	49	-10000	0	7	1	A	0	18052	0	0.117667	-1	0	0	-10000	-1973,-1953,-1883,-1127,-972,-952,-880,-126,29,49,120	5590117	N\A	N\A	N\A	N\A
P	0	1432	0	41.9054	9.11209	96.8245	0.300287	0.946735	0.116278	1.218	0.3	33	-10000	0	4	1	A	0	18052	0	0.0782162	-1	0	0	-10000	-1966,-1955,-1883,-1876,-1863,-1009,-999,-964,-954,-882,-860,-8,33,47,119,140	5590117	N\A	N\A	N\A	N\A
P	0	1433	0	32.7618	5.93892	99.1024	0.682309	0.726684	-0.0799058	1.887	0.261	-131	-10000	0	4	1	A	0	18052	0	0.332055	-1	0	0	-10000	-1953,-1132,-1127,-951,-131,-126,49	5590117	N\A	N\A	N\A	N\A
P	0	1434	0	38.8418	10.979	98.5293	0.8413	0.536796	-0.0637536	1.182	0.243	-131	-10000	0	4	1	A	0	18052	0	0.432062	-1	0	0	-10000	-1954,-1886,-1132,-1127,-955,-131,-126,-8,48	5590117	N\A	N\A	N\A	N\A
P	0	1435	0	31.5699	16.4532	104.497	0.836842	-0.091209	-0.539792	0.729	0.045	-131	-10000	0	4	1	A	0	18052	0	0.199105	-1	0	0	-10000	-1132,-1127,-1015,-131,-126	5590117	N\A	N\A	N\A	N\A
P	0	1436	0	38.4353	15.3049	100.622	0.881252	-0.196094	-0.43005	0.945	0.087	-131	-10000	0	4	1	A	0	18052	0	0.318855	-1	0	0	-10000	-1959,-1732,-1132,-1127,-131,-126	5590117	N\A	N\A	N\A	N\A
P	0	1437	0	32.6922	22.4638	96.5323	0.807196	-0.578733	0.116197	3.378	0.462	-131	-10000	0	7	1	A	0	18052	0	0.230675	-1	0	0	-10000	-1969,-1957,-1931,-1922,-1916,-1905,-1132,-968,-956,-928,-920,-913,-900,-131,-126,34,45,72,80,101	5590117	N\A	N\A	N\A	N\A
P	0	1438	0	39.1291	17.804	97.4546	0.802028	-0.586233	0.114377	1.569	0.213	-131	-10000	0	4	1	A	0	18052	0	0.333532	-1	0	0	-10000	-1985,-1933,-1132,-1127,-982,-932,-131,-126,19,69,91	5590117	N\A	N\A	N\A	N\A
P	0	1439	0	40.3663	24.5289	99.7648	-0.208591	-0.565956	-0.797611	2.385	0.789	-131	-10000	0	7	1	A	0	18052	0	0.241448	-1	0	0	-10000	-1953,-1943,-1933,-1132,-1127,-1015,-1002,-951,-941,-931,-131,-126,-15,-2,49,59,69	5590117	N\A	N\A	N\A	N\A
P	0	1440	0	41.2917	18.9076	97.0092	0.432853	-0.900105	0.0494871	1.707	0.342	-131	-10000	0	7	1	A	0	18052	0	0.368962	-1	0	0	-10000	-1997,-1939,-1927,-1920,-1132,-1127,-995,-927,-918,-131,-126,5,73,82	5590117	N\A	N\A	N\A	N\A
P	0	1447	0	36.4956	22.3663	91.7851	0.506673	-0.754464	0.417213	10.332	10.005	-131	-10000	1	11	1	A	0	18052	0	0.24749	-1	0	0	-10000	-1953,-1944,-1933,-1132,-1127,-1015,-1003,-951,-941,-931,-131,-126,-15,-2,33,44,59,83,117	5598901	N\A	N\A	N\A	N\A
P	0	1449	0	39.312	-5.11235	97.9846	0.892045	0.152412	0.425471	1.569	0.618	-131	-10000	0	7	1	A	0	18052	0	0.303635	-1	0	0	-10000	-1952,-1939,-1903,-1897,-1887,-1880,-1126,-950,-937,-899,-894,-884,-876,-131,-125,51,63,101,106,116,124	5625280	N\A	N\A	N\A	N\A
P	0	1450	0	45.7961	-2.41086	101.338	0.740367	0.526033	0.418504	1.68	0.093	-131	-10000	0	4	1	A	0	18052	0	0.421951	-1	0	0	-10000	-1952,-1888,-951,-885,-131,-125,115	5625280	N\A	N\A	N\A	N\A
P	0	1451	0	37.5388	-5.95499	102.748	0.862684	0.505082	0.0258764	1.047	0.063	-131	-10000	0	4	1	A	0	18052	0	0.231251	-1	0	0	-10000	-1903,-1132,-1126,-1002,-899,-131,-125,101	5625280	N\A	N\A	N\A	N\A
P	0	1452	0	44.4228	-1.90651	103.156	0.858494	0.507143	0.0761147	1.368	0.06	-131	-10000	0	4	1	A	0	18052	0	0.345899	-1	0	0	-10000	-1132,-131,-125,45	5625280	N\A	N\A	N\A	N\A
P	0	1453	0	39.5286	7.88815	96.8417	0.722679	-0.507751	0.468961	1.278	0.42	-131	-10000	0	7	1	A	0	18052	0	0.308014	-1	0	0	-10000	-1969,-1883,-1875,-1863,-968,-880,-873,-860,-131,-125,33,120,127,140	5625280	N\A	N\A	N\A	N\A
P	0	1454	0	45.2141	3.83265	100.739	0.698816	-0.506203	0.505387	1.149	0.081	-131	-10000	0	4	1	A	0	18052	0	0.42263	-1	0	0	-10000	-1970,-1958,-1874,-969,-956,-870,-131,-125,33,130	5625280	N\A	N\A	N\A	N\A
P	0	1455	0	45.4567	11.1742	96.0993	0.475783	-0.848485	0.231742	1.644	0.147	-131	-10000	0	4	1	A	0	18052	0	0.461438	-1	0	0	-10000	-1995,-1981,-1972,-993,-980,-970,-131,-125,7,21,30	5625280	N\A	N\A	N\A	N\A
P	0	1456	0	48.2736	4.96954	99.6119	0.237064	-0.719363	0.65293	1.164	0.357	27	-10000	0	4	1	A	0	18052	0	0.0771	-1	0	0	-10000	-1992,-1976,-990,-974,11,27	5625280	N\A	N\A	N\A	N\A
P	0	1457	0	55.8617	9.52261	95.6496	-0.466459	-0.679723	0.566032	1.755	0.489	-131	-10000	0	4	1	A	0	18052	0	0.774674	-1	0	0	-10000	-1131,-1009,-131,-8,1	5625280	N\A	N\A	N\A	N\A
P	0	1458	0	52.1306	4.0873	100.181	-0.46632	-0.679105	0.566888	1.335	0.372	-131	-10000	0	4	1	A	0	18052	0	0.855884	-1	0	0	-10000	-1999,-1992,-1976,-1126,-998,-990,-975,-131,-125,3,11,26	5625280	N\A	N\A	N\A	N\A
P	0	1459	0	40.0455	-11.9429	98.8421	0.792213	0.407643	0.45412	1.524	0.615	-131	-10000	1	11	1	A	0	18052	0	0.353737	-1	0	0	-10000	-1870,-1856,-1837,-1192,-1187,-1007,-993,-956,-951,-941,-932,-131,-126,50,105,115,122	5631976	N\A	N\A	N\A	N\A
P	0	1469	0	22.8344	-21.5223	121.933	-1.78148	0.15699	-3.10283	4.275	0.393	-25	-10000	1	11	1	A	0	18060	0	0.0950317	-1	0	0	-10000	-1985,-1972,-1595,-1025,-1014,-988,-971,-964,-777,-763,-738,-704,-595,-132,-57,-25,13,30,37,79,400	5846776	N\A	N\A	N\A	N\A
P	0	1471	0	56.7974	33.2772	127.071	-1.52587	-0.0771692	-1.16034	5.52	0.285	-129	-10000	2	10	1	A	0	18060	0	0.280743	-1	0	0	-10000	-1969,-1130,-1122,-1066,-1012,-970,-129,-121,-66,-56,-11,30	5953159	N\A	N\A	N\A	N\A
P	0	1472	0	59.3579	37.5432	130.034	-1.41087	0.0197497	-1.04502	7.857	0.948	11	-10000	1	11	1	A	0	18060	0	0.515071	-1	0	0	-10000	-1991,-1108,-1044,-1032,-990,-948,-107,-43,-31,11	5965813	N\A	N\A	N\A	N\A
P	0	1473	0	65.1951	25.3959	129.612	-1.37075	0.296136	-1.25269	5.976	0.192	-130	-10000	1	11	1	A	0	18060	0	0.580693	-1	0	0	-10000	-1131,-1123,-1087,-1073,-1030,-1019,-130,-122,-86,-71,-29	5992358	N\A	N\A	N\A	N\A
P	0	1474	0	68.0129	29.0281	132.605	-1.28301	0.368935	-1.10778	9.993	0.741	-128	-10000	1	26	1	A	0	18060	0	0.746914	-1	0	0	-10000	-1129,-1086,-1058,-1028,-970,-128,-85,-58,-28,-14	6013192	N\A	N\A	N\A	N\A
P	0	1476	0	76.4867	-6.66765	131.425	-1.00163	0.614859	-1.47375	196.605	196.605	130	-10000	2	10	1	A	0	18060	0	32.4462	-1	0	0	-10000	-1370,-1361,-1328,-1184,-870,-861,-828,-370,-361,-328,-123,125,130,139,172	6056970	N\A	N\A	N\A	N\A
P	0	1477	0	82.3791	-0.803832	154.194	-0.228127	0.532205	-0.59301	6.063	0.543	-3	-10000	1	11	1	A	0	18060	0	0.307611	-1	0	0	-10000	-1990,-1004,-3,11	6065818	N\A	N\A	N\A	N\A
P	0	1478	0	75.0502	-10.1855	157.03	0.147037	0.496418	-0.494041	5.787	0.66	-25	-10000	1	13	1	A	0	18060	0	0.594425	-1	0	0	-10000	-1658,-1626,-1617,-1455,-1083,-1053,-1043,-910,-880,-30,-25,-9,0,30	6108113	N\A	N\A	N\A	N\A
P	0	1479	0	77.7095	-9.57368	149.626	-0.0787275	0.765376	-0.629779	5.199	0.231	-10000	-10000	1	11	1	A	0	18060	0	-10000	-1	0	0	-10000	232	6125858	N\A	N\A	N\A	N\A
P	0	1480	0	75.04	-14.2998	155.067	-0.465496	-0.467311	3.11027	6.03	0.57	-43	-10000	1	11	1	A	0	18060	0	0.401127	-1	0	0	-10000	-1964,-1847,-1049,-1044,-963,-124,-43,53	6154405	N\A	N\A	N\A	N\A
P	0	1481	0	78.0581	-7.37591	144.738	-0.380615	-0.966485	-3.02695	4.722	0.189	-47	-10000	1	13	1	A	0	18060	0	0.0583767	-1	0	0	-10000	-1894,-1094,-47	6183743	N\A	N\A	N\A	N\A
P	0	1482	0	82.3781	1.03183	139.164	-0.458411	-0.826636	-2.78386	5.124	0.165	-128	-10000	2	10	1	A	0	18060	0	0.752282	-1	0	0	-10000	-128	6210750	N\A	N\A	N\A	N\A
P	0	1483	0	84.7866	-2.27585	144.964	-0.246719	-0.899267	-2.90035	5.526	0.189	-10000	-10000	2	10	1	A	0	18060	0	-10000	-1	0	0	-10000	-1065	6245914	N\A	N\A	N\A	N\A
P	0	1484	0	75.458	-13.4065	146.404	-0.887242	0.300173	-2.40665	5.535	0.186	-103	-10000	1	13	1	A	0	18060	0	0.0606276	-1	0	0	-10000	-1109,-1104,-1035,-103	6330414	N\A	N\A	N\A	N\A
P	0	1485	0	81.3191	2.8686	149.771	-0.207969	0.302195	-0.515715	5.964	0.264	-25	-10000	2	10	1	A	0	18060	0	0.193112	-1	0	0	-10000	-1026,-25	6366828	N\A	N\A	N\A	N\A
P	0	1486	0	72.9824	-15.8285	165.947	-0.288672	-0.48389	2.84185	9.462	3.489	-48	-10000	0	4	1	A	0	18060	0	1.27436	-1	0	0	-10000	-1130,-1125,-1049,-1010,-129,-124,-48	6412106	N\A	N\A	N\A	N\A
P	0	1487	0	78.4648	1.97819	129.47	-0.0264719	-1.23742	2.98784	4.458	0.387	-107	-10000	0	6	1	A	0	18060	0	1.01796	-1	0	0	-10000	-1108,-1055,-107,-54	6487316	N\A	N\A	N\A	N\A
P	0	1488	0	72.9331	3.05373	119.169	-0.831106	-1.08165	-2.48845	3.18	0.084	-95	-10000	0	4	1	A	0	18060	0	-10000	-1	0	0	-10000	-1108,-1099,-95,-98	6559120	N\A	N\A	N\A	N\A
P	0	1489	0	50.4359	-9.925	111.119	-1.73689	-0.00859254	-2.36856	1.668	0.066	38	-10000	0	4	1	A	0	18060	0	0.0617675	-1	0	0	-10000	-1962,-1132,-1124,-1116,-1057,-1003,-997,-964,-838,38	6566011	N\A	N\A	N\A	N\A
P	0	1490	0	71.9828	26.2109	142.774	-0.715175	0.0390311	-0.522094	12.261	3.072	-18	-10000	0	4	1	A	0	18060	0	1.00888	-1	0	0	-10000	-1804,-1235,-1220,-1148,-992,-742,-18	6592155	N\A	N\A	N\A	N\A
P	0	1491	0	72.089	27.0729	143.643	-0.650605	0.100709	-0.429875	13.62	3.582	-13	-10000	0	4	1	A	0	18060	0	1.52834	-1	0	0	-10000	-1939,-1885,-965,-863,-130,-13,38,42	6597794	N\A	N\A	N\A	N\A
P	0	1492	0	74.4811	22.8399	141.629	-0.808999	0.25816	-0.720047	10.041	1.446	-18	-10000	0	6	1	A	0	18060	0	0.457279	-1	0	0	-10000	-1809,-1779,-1632,-1619,-1271,-1247,-725,-721,-18,35,47	6607906	N\A	N\A	N\A	N\A
P	0	1493	0	74.9646	19.3909	129.817	-1.20809	0.180112	-1.24566	4.956	0.153	-130	-10000	0	6	1	A	0	18060	0	1.3684	-1	0	0	-10000	-1881,-1875,-1867,-1857,-1845,-1827,-1803,-1765,-1712,-880,-874,-866,-840,-825,-130,-121,-98,-79	6648570	N\A	N\A	N\A	N\A
P	0	1495	0	48.6847	-16.0076	132.553	-0.00791603	0.957317	-0.985543	2.679	0.231	-108	-10000	0	4	1	A	0	18060	0	0.0668938	-1	0	0	-10000	-1902,-1839,-1827,-1747,-1275,-1016,-856,-108,-103,60,75,114,122	6730470	N\A	N\A	N\A	N\A
P	0	1496	0	47.5997	-21.3895	135.063	0.204718	0.790369	-0.927532	2.781	0.117	-129	-10000	0	4	1	A	0	18060	0	0.0736677	-1	0	0	-10000	-1968,-1960,-1130,-1121,-1004,-972,-949,-129,-120,30,49	6732552	N\A	N\A	N\A	N\A
P	0	1497	0	47.7441	-18.9202	133.559	0.344176	0.832585	-0.714311	2.61	0.114	-129	-10000	1	11	1	A	0	18060	0	0.0851252	-1	0	0	-10000	-1190,-1181,-1027,-1006,-129,-121,49	6735462	N\A	N\A	N\A	N\A
P	0	1498	0	68.7937	-20.9476	149.895	0.882215	-0.684073	0.84688	5.205	0.252	-129	-10000	1	11	1	A	0	18060	0	0.477955	-1	0	0	-10000	-1130,-1125,-1043,-913,-129,-124,-42,47,81	6759372	N\A	N\A	N\A	N\A
P	0	1499	0	83.6613	-7.51525	156.721	-0.337297	-0.598291	-3.04916	7.077	0.855	-36	156	0	4	1	A	0	18060	0	0.44114	-1	0	0	-10000	-1807,-1783,-895,-869,-36,-10	6792616	N\A	N\A	N\A	N\A
P	0	1500	0	82.1259	-13.8033	158.988	-0.358061	-0.496069	-3.08019	7.521	0.951	-37	141	1	9	1	A	0	18060	0	0.531083	-1	0	0	-10000	-1039,-37,-14	6829259	N\A	N\A	N\A	N\A
P	0	1501	0	80.7963	-9.12777	157.47	-0.375004	-0.418297	-3.06428	7.206	0.822	-16	132.25	1	9	1	A	0	18060	0	0.440081	-1	0	0	-10000	-1017,-101,-16	6858318	N\A	N\A	N\A	N\A
P	0	1502	0	79.5055	-10.3796	157.597	-0.355259	-0.3773	-3.08735	6.957	0.828	-128	130.5	1	9	1	A	0	18060	0	0.514853	-1	0	0	-10000	-1129,-1124,-1038,-128,-123,-37,-28,52	6891513	N\A	N\A	N\A	N\A
P	0	1503	0	82.3487	-8.62187	154.962	-0.377476	-0.612618	-2.9523	6.651	0.552	-43	138	1	9	1	A	0	18060	0	0.20058	-1	0	0	-10000	-1898,-1809,-1777,-809,-776,-124,-43	6967797	N\A	N\A	N\A	N\A
P	0	1504	0	79.1867	-9.15542	151.882	-0.439288	-0.507666	-2.97832	6.21	0.507	-34	132.25	1	9	1	A	0	18060	0	0.292336	-1	0	0	-10000	-1934,-1022,-934,-124,-34	7056598	N\A	N\A	N\A	N\A
P	0	1505	0	79.8791	-10.0027	148.224	-0.510241	-0.748978	-2.85898	5.52	0.324	-22	136.5	1	9	1	A	0	18060	0	0.139173	-1	0	0	-10000	-1103,-1022,-22	7186370	N\A	N\A	N\A	N\A
P	0	1506	0	80.7136	-5.75204	146.747	-0.487484	-0.77763	-2.8634	5.565	0.294	-123	133.75	1	9	1	A	0	18060	0	0.0758162	-1	0	0	-10000	-1526,-1124,-526,-123,470	7243747	N\A	N\A	N\A	N\A
P	0	1507	0	76.4316	-5.20036	141.89	-0.564588	-0.84291	-2.8018	5.049	0.252	-42	133	1	9	1	A	0	18060	0	0.0997938	-1	0	0	-10000	-1035,-42	7300160	N\A	N\A	N\A	N\A
P	0	1508	0	77.2812	-11.1617	147.152	-0.590363	-0.552486	-2.82805	5.547	0.27	-42	133.25	1	9	1	A	0	18060	0	0.169911	-1	0	0	-10000	-1929,-1480,-1183,-1101,-122,-42,53	7333751	N\A	N\A	N\A	N\A
P	0	1509	0	77.094	-9.93233	144.725	-0.797409	-0.385279	-2.40938	4.98	0.189	-102	135	1	9	1	A	0	18060	0	0.0605112	-1	0	0	-10000	-1103,-1026,-102	7480269	N\A	N\A	N\A	N\A
P	0	1510	0	78.364	-2.47555	144.068	-0.848257	-0.0426114	-1.84362	5.091	0.645	-75	130.25	1	9	1	A	0	18060	0	0.0970855	-1	0	0	-10000	-1043,-961,-75	7522694	N\A	N\A	N\A	N\A
P	0	1511	0	75.5997	-2.60754	143.103	-0.816982	0.319108	-1.65517	4.839	0.159	-26	129.25	1	9	1	A	0	18060	0	0.0979357	-1	0	0	-10000	-968,-950,-26,52	7564249	N\A	N\A	N\A	N\A
P	0	1512	0	72.4192	-14.3306	148.226	-0.755286	-0.101284	-2.57597	5.142	0.318	-21	130	1	9	1	A	0	18060	0	0.206423	-1	0	0	-10000	-1103,-1022,-943,-928,-102,-21,57,67	7589869	N\A	N\A	N\A	N\A
P	0	1513	0	75.5055	-12.5231	147.574	-0.749301	-0.238698	-2.57583	5.277	0.264	-123	130.5	1	9	1	A	0	18060	0	0.0626512	-1	0	0	-10000	-1611,-1124,-1042,-584,-123,396	7722761	N\A	N\A	N\A	N\A
P	0	1514	0	72.2483	-12.0992	150.767	-0.719829	-0.121756	-2.60057	5.37	0.318	-21	127.25	1	9	1	A	0	18060	0	0.280557	-1	0	0	-10000	-1103,-1022,-947,-538,-21,62	7765415	N\A	N\A	N\A	N\A
P	0	1515	0	71.3512	-16.8191	152.162	-0.696512	-0.146217	-2.65472	5.313	0.333	-22	129	1	9	1	A	0	18060	0	0.275392	-1	0	0	-10000	-1852,-1847,-1766,-851,-846,-764,-666,-22,88	7802314	N\A	N\A	N\A	N\A
P	0	1516	0	75.2295	-12.5273	151.893	-0.689052	-0.232792	-2.50217	5.358	0.756	-129	131.5	1	9	1	A	0	18060	0	0.37937	-1	0	0	-10000	-1937,-1569,-1125,-1036,-129,-124,-43,-37	7854073	N\A	N\A	N\A	N\A
P	0	1517	0	77.4235	-18.2319	156.269	-0.566865	-0.322849	-2.63231	196.605	196.605	64	-10000	1	11	1	A	0	18060	0	32.4554	-1	0	0	-10000	-1965,-1889,-1877,-1482,-1426,-1139,-1049,-1033,-669,-609,-442,-436,-428,-392,-376,-365,-345,60,64,73,100,108,127	7958695	N\A	N\A	N\A	N\A
P	0	1518	0	77.3452	-12.1484	152.919	-0.641257	-0.296115	-2.60165	5.733	0.471	-43	129.25	1	9	1	A	0	18060	0	0.256435	-1	0	0	-10000	-1590,-1044,-961,-955,-544,-514,-43,55,485	7973795	N\A	N\A	N\A	N\A
P	0	1519	0	76.2181	-3.77308	134.104	-1.01866	-0.397215	-2.11755	4.233	0.132	46	136.75	1	11	1	A	0	18060	0	0.022251	-1	0	0	-10000	-1020,-955,46,302,349,383	8066512	N\A	N\A	N\A	N\A
P	0	1520	0	73.2129	-4.62865	136.749	-0.853865	-0.386371	-2.4208	4.518	0.156	-122	130.5	1	9	1	A	0	18060	0	0.0353928	-1	0	0	-10000	-1916,-122	8095324	N\A	N\A	N\A	N\A
P	0	1521	0	78.9926	-0.636941	135.399	-1.01275	-0.356878	-2.00689	4.506	0.174	-77	129	1	9	1	A	0	18060	0	0.0834689	-1	0	0	-10000	-1078,-507,-77	8127049	N\A	N\A	N\A	N\A
P	0	1522	0	71.6477	-9.76486	140.838	-0.811975	-0.322555	-2.53462	4.233	0.171	-55	129.5	1	9	1	A	0	18060	0	0.0838709	-1	0	0	-10000	-1102,-1052,-55	8166666	N\A	N\A	N\A	N\A
P	0	1524	0	80.4768	-0.857728	138.588	-0.811603	-0.520528	-2.29963	191.604	196.605	-89	-10000	1	11	1	A	0	18060	0	24.2992	-1	0	0	-10000	-1879,-1863,-1592,-1588,-1579,-1545,-1088,-1080,-1034,-1014,-968,-921,-588,-580,-545,-123,-89,-80,-51,-37,411,420,454,472	8224203	N\A	N\A	N\A	N\A
P	0	1525	0	80.4528	2.56329	139.235	-0.731335	-0.547168	-2.37613	5.19	0.216	-127	126	1	9	1	A	0	18060	0	0.969805	-1	0	0	-10000	-1128,-554,-297,-127,-25	8240030	N\A	N\A	N\A	N\A
P	0	1527	0	78.445	-3.16528	138.68	-0.840443	-0.55226	-2.26046	4.656	0.174	-18	122.75	1	9	1	A	0	18060	0	0.101563	-1	0	0	-10000	-1129,-1078,-970,-18,38,46	8291658	N\A	N\A	N\A	N\A
P	0	1529	0	66.2522	-11.6092	134.46	-0.916533	-0.332049	-2.53238	0.858	3.774	-148	-10000	2	10	1	A	0	18060	0	29.1993	-1	0	0	-10000	-1648,-1639,-1607,-1189,-1153,-1148,-1139,-1103,-652,-648,-639,-607,-148,-140,-111,-86,352,360,393	8353558	N\A	N\A	N\A	N\A
P	0	1530	0	63.9823	-11.4823	131.652	-1.0385	-0.306952	-2.41793	0.912	3.693	-153	-10000	2	10	1	A	0	18060	0	31.7845	-1	0	0	-10000	-1653,-1644,-1611,-1153,-1144,-1113,-1084,-653,-644,-613,-153,-144,-112,-98,10,30,347,356,387	8357562	N\A	N\A	N\A	N\A
P	0	1531	0	61.1358	-8.70636	125.393	-1.268	-0.171752	-2.3667	182.724	196.605	20	-10000	2	10	1	A	0	18060	0	24.4082	-1	0	0	-10000	-1988,-1980,-1953,-1945,-1489,-1480,-1451,-989,-980,-952,-945,-488,-480,-450,-407,-129,11,20,54,65	8361397	N\A	N\A	N\A	N\A
P	0	1532	0	76.4455	2.09821	141.23	-1.33878	0.232041	-2.18364	4.899	0.093	-10000	-10000	2	10	1	A	0	18060	0	-10000	-1	0	0	-10000	-1912,-1052	8458712	N\A	N\A	N\A	N\A
P	0	1533	0	75.5437	7.77924	139.866	-1.3357	0.349404	-2.02275	196.605	196.605	38	-10000	1	11	1	A	0	18060	0	29.2873	-1	0	0	-10000	-1962,-1953,-1921,-1743,-1462,-1453,-1421,-967,-962,-953,-923,-738,-466,-462,-453,-423,-231,38,46,77	8464868	N\A	N\A	N\A	N\A
P	0	1535	0	75.6971	16.0932	137.427	-1.39288	0.196461	-1.82202	1.092	0.015	-10000	135.75	2	10	1	A	0	18060	0	-10000	-1	0	0	-10000	-1162,-1110,-448,-442,-384,-349,-330	8502444	N\A	N\A	N\A	N\A
P	0	1536	0	77.5947	6.03039	132.005	-1.47946	0.147379	-2.2992	196.605	196.605	33	-10000	1	11	1	A	0	18060	0	27.6349	-1	0	0	-10000	-1967,-1958,-1927,-1916,-1910,-1467,-1458,-1426,-1416,-966,-958,-926,-909,-467,-458,-425,-413,-85,20,33,42,75,92	8519402	N\A	N\A	N\A	N\A
P	0	1537	0	78.0054	10.6765	136.314	-1.39647	0.233861	-2.11511	196.605	196.605	41	-10000	1	11	1	A	0	18060	0	32.2144	-1	0	0	-10000	-1959,-1950,-1919,-1718,-1459,-1450,-1419,-1215,-959,-950,-918,-464,-459,-450,-418,-405,-213,-196,37,41,50,82,92,285	8532392	N\A	N\A	N\A	N\A
P	0	1538	0	78.8145	7.302	134.454	-1.39864	-0.0180082	-2.21672	4.722	0.156	-56	127.25	1	9	1	A	0	18060	0	0.0607977	-1	0	0	-10000	-1771,-771,-56	8557818	N\A	N\A	N\A	N\A
P	0	1539	0	78.093	7.36706	134.757	-1.3856	0.044868	-2.27763	0.432	0.03	-10000	-10000	2	10	1	A	0	18060	0	-10000	-1	0	0	-10000	-1817,-1796,-1788,-1757,-1751,-1744,-1297,-1288,-1256,-816,-797,-788,-757,-750,-744,-297,-288,-256,203,212,244	8602694	N\A	N\A	N\A	N\A
P	0	1540	0	61.2122	31.3868	116.266	-2.8206	-1.10903	-0.230088	5.46	0.333	-127	-10000	1	11	1	A	0	18060	0	0.238862	-1	0	0	-10000	-1128,-1119,-1087,-1077,-127,-118,-69,-61	8626367	N\A	N\A	N\A	N\A
P	0	1541	0	60.8625	31.52	115.412	-2.85791	-1.07818	-0.188764	5.727	0.384	-42	131	1	9	1	A	0	18060	0	0.139257	-1	0	0	-10000	-1918,-1106,-1051,-1043,-752,-106,-50,-42,281	8676119	N\A	N\A	N\A	N\A
P	0	1542	0	62.2329	30.1058	123.477	-1.68527	-0.163243	-1.29856	7.572	0.504	-125	129	1	9	1	A	0	18060	0	0.430216	-1	0	0	-10000	-1126,-1117,-1059,-1022,-953,-125,-116,-58,-22	8736292	N\A	N\A	N\A	N\A
P	0	1543	0	60.9972	29.1006	130.742	1.50383	-1.30128	1.69275	7.584	1.08	-126	132.75	1	9	1	A	0	18060	0	0.373414	-1	0	0	-10000	-1952,-1127,-1118,-1067,-1024,-969,-552,-126,-117,-22,32,94,408,434	8795270	N\A	N\A	N\A	N\A
P	0	1544	0	59.058	35.9599	129.038	-1.47277	-0.0494762	-1.2438	8.829	1.452	-55	131	1	9	1	A	0	18060	0	0.405195	-1	0	0	-10000	-1930,-1922,-1890,-1855,-1805,-1769,-1753,-1719,-1702,-1188,-1148,-1111,-1059,-573,-127,-55,-14,33,44,98,418,437,454	8869461	N\A	N\A	N\A	N\A
P	0	1545	0	59.6595	33.573	126.448	-1.57942	-0.324364	-1.24545	9.318	1.122	-35	129	1	9	1	A	0	18060	0	0.432631	-1	0	0	-10000	-1951,-1107,-1036,-106,-35	8919959	N\A	N\A	N\A	N\A
P	0	1546	0	61.1981	32.2409	128.446	1.54078	-0.135233	1.74218	9.333	1.11	-56	128	1	9	1	A	0	18060	0	0.427088	-1	0	0	-10000	-1128,-1058,-127,-56,44	8954070	N\A	N\A	N\A	N\A
P	0	1547	0	60.4342	33.6301	128.886	1.54323	-0.0619673	1.7455	8.931	0.894	-55	125	1	9	1	A	0	18060	0	0.354899	-1	0	0	-10000	-1126,-1056,-125,-55,45	8964795	N\A	N\A	N\A	N\A
P	0	1548	0	64.3905	24.8545	130.852	1.53566	0.215904	1.6213	190.959	196.605	41	-10000	1	11	1	A	0	18060	0	24.0002	-1	0	0	-10000	-1270,-1254,-1222,-1187,-1170,-1127,-1118,-1085,-1057,-975,-458,-451,-417,-126,-118,-110,-92,-84,-70,-59,-42,-15,-6,41,50,80	9011967	N\A	N\A	N\A	N\A
P	0	1549	0	62.869	32.2789	132.602	1.48084	0.0977305	1.68297	8.793	0.903	-126	129.5	1	9	1	A	0	18060	0	0.363746	-1	0	0	-10000	-1165,-1133,-1127,-1121,-758,-126,-56,-16	9031872	N\A	N\A	N\A	N\A
P	0	1551	0	64.5522	23.3351	118.603	-2.10212	1.03653	-2.24479	141.132	196.605	-107	-10000	1	11	1	A	0	18060	0	30.1492	-1	0	0	-10000	-1606,-1598,-1565,-1129,-1120,-1106,-1098,-1070,-1060,-1044,-607,-598,-567,-483,-128,-120,-107,-98,-70,-58,-42,393,402,432,484	9070018	N\A	N\A	N\A	N\A
P	0	1552	0	37.6711	-7.60919	100.946	-2.25122	-0.0607411	2.71528	3.891	6.909	-131	143	1	11	1	A	0	18060	0	0.272567	-1	0	0	-10000	-1951,-1937,-1905,-1887,-1132,-1127,-950,-936,-913,-904,-886,-131,51,65,88,98,115,141,191	9122406	N\A	N\A	N\A	N\A
P	0	1553	0	25.7609	-10.4921	104.515	-1.85891	-0.329047	2.0176	1.83	0.531	36	-10000	1	11	1	A	0	18060	0	0.14417	-1	0	0	-10000	-1979,-1964,-1940,-1924,-1919,-1902,-1868,-1125,-979,-974,-963,-941,-925,-919,-911,-130,-125,22,26,36,60,75,114	9146253	N\A	N\A	N\A	N\A
P	0	1554	0	4.98873	1.56559	113.917	-1.28492	-0.387241	1.17849	3.543	0.516	41	-10000	0	4	1	A	0	18060	0	0.180518	-1	0	0	-10000	-1961,-1945,-1926,-1111,-960,-941,-110,-106,41,60	9160017	N\A	N\A	N\A	N\A
P	0	1555	0	14.0089	4.60662	106.355	-1.28971	-0.493625	1.04127	3.027	0.21	64	-10000	1	11	1	A	0	18060	0	0.202192	-1	0	0	-10000	-1951,-1930,-1110,-1105,-950,-936,-928,-109,-104,50,64	9174920	N\A	N\A	N\A	N\A
P	0	1556	0	21.4523	1.63175	101.246	-1.42184	-0.709371	1.63441	4.533	1.434	51	-10000	1	11	1	A	0	18060	0	0.422873	-1	0	0	-10000	-1245,-1235,-1224,-1156,-1144,-1116,-1018,-18,51	9200666	N\A	N\A	N\A	N\A
P	0	1557	0	9.86414	4.53663	117.127	-0.321971	-0.717838	0.70132	1.614	0.234	-125	-10000	0	4	1	A	0	18060	0	0.0731216	-1	0	0	-10000	-2000,-1994,-1131,-1008,-992,-130,-125	9214328	N\A	N\A	N\A	N\A
P	0	1558	0	10.5308	5.3058	119.409	-0.361867	-0.68225	0.604253	1.815	0.147	-127	-10000	0	4	1	A	0	18060	0	0.073538	-1	0	0	-10000	-1875,-1752,-1736,-874,-869,-132,-127,11	9215072	N\A	N\A	N\A	N\A
P	0	1559	0	9.79025	7.00956	116.638	-0.495773	-0.739881	0.659208	2.409	0.237	-103	-10000	0	4	1	A	0	18060	0	0.0819252	-1	0	0	-10000	-1911,-1906,-1169,-1164,-1026,-108,-103,14	9216109	N\A	N\A	N\A	N\A
P	0	1560	0	9.20917	6.99798	115.141	-0.594856	-0.768202	0.748822	2.457	0.354	42	-10000	1	11	1	A	0	18060	0	0.10156	-1	0	0	-10000	-1109,-1104,-987,-104,42	9217110	N\A	N\A	N\A	N\A
P	0	1563	0	-0.284093	6.63338	139.015	-0.143457	0.82792	2.63367	0.9	23.706	-135	-10000	1	11	1	A	0	18060	0	31.28	-1	0	0	-10000	-1634,-1626,-1596,-1583,-1575,-1569,-1135,-1126,-1095,-1087,-1081,-1069,-635,-626,-595,-585,-579,-575,-135,-126,-95,-81,-75,-63,365,374,407,421,425,436	9279912	N\A	N\A	N\A	N\A
P	0	1566	0	10.7494	5.73788	121.359	0.0976144	0.651023	-3.06918	2.121	0.297	20	-10000	0	4	1	A	0	18060	0	0.14758	-1	0	0	-10000	-1980,-1966,-1130,-980,-129,-125,20	9295099	N\A	N\A	N\A	N\A
P	0	1567	0	8.44646	1.72283	125.578	0.0248793	0.579309	3.12961	2.502	0.216	19	-10000	0	4	1	A	0	18060	0	0.177494	-1	0	0	-10000	-1877,-1397,-1020,-131,-126,10,19	9296996	N\A	N\A	N\A	N\A
P	0	1568	0	3.38919	4.04241	121.844	0.169992	0.817555	-2.91769	4.887	1.464	20	-10000	1	11	1	A	0	18060	0	0.709558	-1	0	0	-10000	-1982,-1142,-1008,-981,-129,-124,20	9300057	N\A	N\A	N\A	N\A
P	0	1569	0	12.6851	-3.14244	110.325	0.829874	0.944286	-2.12592	196.605	196.605	-36	-10000	1	11	1	A	0	18060	0	30.6869	-1	0	0	-10000	-1923,-1170,-1165,-1008,-550,-109,-104,-36,-28,2,13,36,464,473	9322966	N\A	N\A	N\A	N\A
P	0	1570	0	18.4436	0.576139	110.415	-1.10046	0.485066	2.56329	2.52	0.681	44	-10000	0	4	1	A	0	18060	0	0.176164	-1	0	0	-10000	-1998,-1991,-1130,-1124,-980,-970,-124,30,44	9345047	N\A	N\A	N\A	N\A
P	0	1571	0	14.4742	4.71181	113.837	-0.581041	0.74362	2.79711	2.739	0.528	44	-10000	0	4	1	A	0	18060	0	0.162623	-1	0	0	-10000	-1981,-1972,-1130,-1125,-1114,-980,-957,-561,-129,-124,21,27,44	9349051	N\A	N\A	N\A	N\A
P	0	1572	0	23.7466	22.6585	104.131	-1.66812	0.519841	1.70276	2.586	0.57	26	-10000	1	11	1	A	0	18060	0	0.143763	-1	0	0	-10000	-1975,-1966,-1932,-1487,-1484,-1181,-1130,-1125,-975,-965,-936,-931,-920,-914,-129,26,36,70,79	9359968	N\A	N\A	N\A	N\A
P	0	1573	0	22.7226	18.1504	106.314	-1.52271	0.538573	1.90983	1.719	0.525	-133	-10000	0	4	1	A	0	18060	0	0.0975204	-1	0	0	-10000	-1932,-1927,-1761,-1732,-931,-926,-759,-731,-133,-124,-9,-4,9,31,43,72	9375672	N\A	N\A	N\A	N\A
P	0	1574	0	22.7363	20.8758	110.089	-0.0702687	1.22782	2.65761	1.347	0.198	-108	-10000	2	10	1	A	0	18060	0	0.0795366	-1	0	0	-10000	-1871,-1828,-1169,-1164,-966,-108,-103,38,93,105	9393618	N\A	N\A	N\A	N\A
P	0	1575	0	15.1453	-0.88976	120.314	1.68419	0.373113	-0.931533	1.902	0.225	-105	-10000	0	4	1	A	0	18060	0	0.0825144	-1	0	0	-10000	-1972,-1962,-1947,-1110,-1106,-961,-935,-110,-105,30,40	9416259	N\A	N\A	N\A	N\A
P	0	1576	0	8.78086	1.25731	119.81	1.6364	0.459463	-1.37042	2.499	0.24	40	-10000	0	4	1	A	0	18060	0	0.128406	-1	0	0	-10000	-1869,-1860,-1006,-1001,-884,-867,-857,-107,18,30,40	9420158	N\A	N\A	N\A	N\A
P	0	1577	0	6.49602	0.62938	120.243	1.56551	0.48889	-1.5997	2.874	0.498	21	-10000	0	4	1	A	0	18060	0	0.196611	-1	0	0	-10000	-1962,-1957,-1812,-1794,-961,-956,-812,-790,-127,21,43	9424070	N\A	N\A	N\A	N\A
P	0	1578	0	1.33453	6.62535	126.016	1.38667	0.347157	-2.04102	3.072	0.285	37	-10000	0	4	1	A	0	18060	0	0.24131	-1	0	0	-10000	-1997,-1110,-1106,-961,-589,-139,-105,37	9426110	N\A	N\A	N\A	N\A
P	0	1579	0	4.48079	4.61125	120.002	1.23247	0.52844	-2.02036	2.625	0.243	18	-10000	0	4	1	A	0	18060	0	0.153474	-1	0	0	-10000	-1964,-1175,-1139,-1105,-962,-879,-109,-104,18,37	9428111	N\A	N\A	N\A	N\A
P	0	1580	0	6.29867	0.917887	120.97	1.26195	0.544517	-1.96692	2.724	0.144	-145	-10000	0	4	1	A	0	18060	0	0.17784	-1	0	0	-10000	-1858,-1822,-1788,-1645,-1562,-792,-787,-665,-646,-164,-153,-145,-132,-29	9428794	N\A	N\A	N\A	N\A
P	0	1581	0	3.83568	2.73094	118.786	1.17402	0.527421	-2.12929	4.011	1.035	42	-10000	1	11	1	A	0	18060	0	0.487999	-1	0	0	-10000	-1999,-1110,-1105,-959,-109,-105,42	9431666	N\A	N\A	N\A	N\A
P	0	1582	0	8.27603	0.0196757	117.564	1.33748	0.612192	-1.73234	196.605	196.605	-5	-10000	1	11	1	A	0	18060	0	28.802	-1	0	0	-10000	-1786,-1640,-1616,-1180,-790,-785,-768,-635,-623,-142,-111,-105,-97,-5,2,32,494	9453157	N\A	N\A	N\A	N\A
P	0	1583	0	8.62117	3.17757	114.168	1.49756	0.66925	-1.50592	3.582	0.705	47	-10000	1	11	1	A	0	18060	0	0.145309	-1	0	0	-10000	-1943,-1110,-943,-109,-104,47,58	9485269	N\A	N\A	N\A	N\A
P	0	1584	0	9.79066	-3.54056	114.795	1.58341	0.585868	-1.42683	2.826	0.561	44	-10000	1	11	1	A	0	18060	0	0.114435	-1	0	0	-10000	-1982,-1977,-1825,-1814,-1385,-1190,-1185,-1018,-595,-129,-124,27,44,445	9511250	N\A	N\A	N\A	N\A
P	0	1585	0	7.05933	4.94114	116.479	1.48634	0.611674	-1.58502	3.267	0.633	40	-10000	1	13	1	A	0	18060	0	0.17132	-1	0	0	-10000	-1983,-1961,-1132,-1127,-981,-960,-131,-126,19,40	9533693	N\A	N\A	N\A	N\A
P	0	1586	0	7.25127	4.94784	116.494	1.49181	0.613011	-1.58366	3.438	0.678	41	129.5	1	9	1	A	0	18060	0	0.187061	-1	0	0	-10000	-1982,-1975,-1960,-1546,-1476,-1131,-1126,-980,-959,-163,-130,20,41,58	9562446	N\A	N\A	N\A	N\A
P	0	1587	0	11.3168	2.38572	114.96	1.68446	0.593919	-1.24048	2.919	0.606	40	129.25	1	9	1	A	0	18060	0	0.17241	-1	0	0	-10000	-1111,-1106,-1038,-961,-947,-519,-110,-105,40,51,487	9693459	N\A	N\A	N\A	N\A
P	0	1589	0	9.52708	6.33667	122.222	0.790537	0.336575	-2.83792	1.989	0.201	-131	-10000	2	10	1	A	0	18060	0	0.0299959	-1	0	0	-10000	-1994,-1549,-1515,-1467,-1132,-1127,-131	9780216	N\A	N\A	N\A	N\A
P	0	1590	0	8.842	1.09556	116.509	-1.41669	-0.319514	0.927331	0.891	2.253	-169	-10000	1	11	1	A	0	18060	0	31.9308	-1	0	0	-10000	-1752,-1748,-1587,-747,-717,-669,-624,-569,-561,-169,-160,-123,-106,227,231,240,270	9901581	N\A	N\A	N\A	N\A
P	0	1591	0	7.1793	1.08929	113.882	-1.41296	-0.355118	1.04031	2.895	2.727	-163	-10000	1	11	1	A	0	18060	0	27.7133	-1	0	0	-10000	-1962,-1946,-1111,-1021,-1006,-988,-979,-945,-163,-156,-110,-106,12,39,52,72,236,245,275	10014968	N\A	N\A	N\A	N\A
P	0	1592	0	6.90007	2.79296	113.603	-1.40435	-0.367583	1.05942	3.384	0.489	19	127.25	1	9	1	A	0	18060	0	0.33879	-1	0	0	-10000	-1967,-1962,-1952,-1816,-1802,-1348,-1191,-1186,-1037,-1021,-130,19,34,495	10036045	N\A	N\A	N\A	N\A
P	0	1594	0	7.68033	4.89224	114.67	-1.2317	-0.389922	0.719979	3.207	0.339	-105	119	1	9	1	A	0	18060	0	0.0837741	-1	0	0	-10000	-1965,-1357,-1111,-1106,-110,-105	10110416	N\A	N\A	N\A	N\A
P	0	1597	0	16.4847	7.2374	108.017	-1.42856	-0.56253	0.727653	0.558	0.057	188	-10000	1	11	1	A	0	18060	0	24.4221	-1	0	0	-10000	-1943,-1912,-1820,-1812,-1776,-1424,-1420,-1411,-1381,-1365,-1020,-1012,-984,-970,-952,-796,-621,-612,-570,-552,-220,-212,-184,-168,-151,179,188,217,232,249	10198125	N\A	N\A	N\A	N\A
P	0	1598	0	12.9555	5.7449	106.368	-1.44251	-0.54261	0.815947	3.219	0.603	49	131.25	1	9	1	A	0	18060	0	0.115481	-1	0	0	-10000	-1126,-982,-962,-723,-131,-126,-3,20,49,300	10224872	N\A	N\A	N\A	N\A
P	0	1599	0	10.8073	6.7478	112.719	-1.20088	-0.442619	0.627571	1.995	0.306	20	119.5	1	9	1	A	0	18060	0	0.112463	-1	0	0	-10000	-1983,-1958,-1131,-1126,-1115,-981,-130,-125,-114,20	10255805	N\A	N\A	N\A	N\A
P	0	1600	0	13.1499	6.08639	109.706	-1.41661	-0.474991	0.768358	2.262	0.303	-125	121	1	9	1	A	0	18060	0	0.0779573	-1	0	0	-10000	-1984,-1958,-1131,-1126,-976,-949,-130,-125,51	10323244	N\A	N\A	N\A	N\A
P	0	1602	0	25.2186	-0.491713	106.717	-2.12698	-0.137009	2.55891	3.051	0.216	-145	135.75	0	4	1	A	0	18060	0	0.132305	-1	0	0	-10000	-1390,-1371,-1344,-1321,-1100,-145,-110,-104,-95,-55,-45,-29	10469795	N\A	N\A	N\A	N\A
P	0	1603	0	20.502	-1.96921	105.664	-2.04306	-0.190706	2.31105	3.093	0.918	37	138	0	4	1	A	0	18060	0	0.226865	-1	0	0	-10000	-1963,-1514,-1126,-980,-970,-911,-130,-41,-17,-1,22,37	10473819	N\A	N\A	N\A	N\A
P	0	1604	0	14.9909	-1.59225	107.893	-1.92444	-0.283214	2.02118	2.916	0.534	36	138	0	4	1	A	0	18060	0	0.136442	-1	0	0	-10000	-1132,-1127,-982,-966,-131,-126,36	10476705	N\A	N\A	N\A	N\A
P	0	1605	0	15.2789	0.472565	107.642	-1.94597	-0.294403	2.04856	2.937	0.534	36	139.75	0	4	1	A	0	18060	0	0.131978	-1	0	0	-10000	-1982,-1966,-1131,-1126,-964,-130,36	10477705	N\A	N\A	N\A	N\A
P	0	1606	0	6.02729	5.09528	121.288	1.21667	0.514431	-2.04506	2.211	0.408	39	128.5	0	4	1	A	0	18060	0	0.292792	-1	0	0	-10000	-1965,-1111,-962,-110,-106,-95,39	10502612	N\A	N\A	N\A	N\A
P	0	1607	0	6.5569	5.47696	120.38	1.23022	0.524005	-2.01293	2.268	0.402	40	128.5	0	4	1	A	0	18060	0	0.294125	-1	0	0	-10000	-1962,-1110,-1106,-1090,-961,-105,40	10504613	N\A	N\A	N\A	N\A
P	0	1608	0	12.2944	-3.05968	116.865	-1.81558	-0.191987	2.08594	2.376	0.264	18	132	0	4	1	A	0	18060	0	0.105993	-1	0	0	-10000	-1979,-1968,-1958,-1191,-1186,-1035,-1018,-130,-125,10,18,34	10560820	N\A	N\A	N\A	N\A
P	0	1609	0	11.001	-1.29326	116.614	-1.82369	-0.190914	2.03688	2.544	0.372	19	130.25	0	4	1	A	0	18060	0	0.161678	-1	0	0	-10000	-1992,-1984,-1968,-1131,-998,-981,-968,-130,10,19,35	10562822	N\A	N\A	N\A	N\A
P	0	1610	0	18.3048	2.15114	106.683	-2.0589	-0.355512	2.38639	196.605	196.605	-4	-10000	1	11	1	A	0	18060	0	32.8533	-1	0	0	-10000	-1984,-1974,-1960,-1952,-1133,-1080,-983,-974,-959,-951,-338,-306,-300,-263,-132,-4,3,38,48,62,391,396,405,436	10605754	N\A	N\A	N\A	N\A
P	0	1611	0	17.7284	3.67757	107.175	-2.05339	-0.389229	2.33178	2.109	0.378	52	128	1	9	1	A	0	18060	0	0.160218	-1	0	0	-10000	-1973,-1958,-1950,-1922,-1642,-1131,-1126,-1116,-958,-950,-679,-512,-492,-130,20,44,52,454	10636514	N\A	N\A	N\A	N\A
P	0	1612	0	17.4856	9.85527	108.372	-1.53833	-0.0481906	0.434492	196.605	196.605	13	-10000	2	10	1	A	0	18060	0	30.9072	-1	0	0	-10000	-1986,-1978,-1951,-1938,-1586,-1578,-1547,-1190,-1186,-1177,-1131,-1126,-961,-951,-786,-778,-747,-387,-378,-347,-130,-125,13,22,51,64,413,422,453	10713597	N\A	N\A	N\A	N\A
P	0	1613	0	33.4139	-2.20525	100.559	-2.19307	-0.19028	2.61052	1.656	0.219	50	-10000	1	11	1	A	0	18060	0	0.145972	-1	0	0	-10000	-1873,-1826,-1800,-1047,-873,-821,-130,50,105,127,149	10761855	N\A	N\A	N\A	N\A
P	0	1614	0	35.6801	-1.91037	100.042	-2.23041	-0.127996	2.62686	1.344	0.294	-129	133.75	1	9	1	A	0	18060	0	0.498765	-1	0	0	-10000	-1952,-1898,-1878,-1765,-1130,-1015,-951,-911,-877,-765,-129,50,90,123,242	10788472	N\A	N\A	N\A	N\A
P	0	1615	0	35.2635	-3.15538	104.076	-2.20965	-0.0791295	2.70643	1.638	0.405	47	125	1	9	1	A	0	18060	0	0.0985077	-1	0	0	-10000	-1954,-1887,-1876,-1865,-1854,-1758,-1723,-954,-871,47,131	10859224	N\A	N\A	N\A	N\A
P	0	1616	0	43.057	0.0926066	102.233	-2.2777	0.0767351	2.90102	1.515	0.231	47	128.5	1	9	1	A	0	18060	0	0.078975	-1	0	0	-10000	-1976,-1937,-1923,-1834,-1025,-1012,-919,-7,47,115,134	10878041	N\A	N\A	N\A	N\A
P	0	1618	0	42.5804	-2.46269	101.816	-2.36154	-0.281971	2.37359	1.818	0.297	-110	128.25	1	9	1	A	0	18060	0	0.612653	-1	0	0	-10000	-1935,-1843,-1111,-934,-838,-110,68	10991263	N\A	N\A	N\A	N\A
P	0	1619	0	37.6014	-2.14431	104.167	-2.27061	-0.147794	2.62159	2.085	0.222	48	121.75	1	9	1	A	0	18060	0	0.0932423	-1	0	0	-10000	-1966,-1954,-953,48	11043201	N\A	N\A	N\A	N\A
P	0	1620	0	26.7019	-2.10633	102.913	-2.11851	-0.451306	2.1042	2.52	0.489	-109	126	1	9	1	A	0	18060	0	0.146891	-1	0	0	-10000	-1938,-1930,-1860,-1110,-1105,-937,-109,-104,61,72	11074018	N\A	N\A	N\A	N\A
P	0	1621	0	16.1104	1.3559	107.464	-1.84098	-0.56972	1.66192	1.893	0.204	-130	117	1	9	1	A	0	18060	0	0.0779437	-1	0	0	-10000	-1125,-965,-130,-125,27	11109776	N\A	N\A	N\A	N\A
P	0	1622	0	21.4573	-0.193097	106.054	-2.01556	-0.470108	2.08967	2.556	0.621	30	119	1	9	1	A	0	18060	0	0.145563	-1	0	0	-10000	-1966,-1131,-1126,-964,-130,-77,-67,30	11143347	N\A	N\A	N\A	N\A
P	0	1623	0	18.7499	2.75487	107.405	-1.89044	-0.546261	1.81565	2.934	0.408	38	117	1	9	1	A	0	18060	0	0.119242	-1	0	0	-10000	-1914,-1185,-1020,-1015,-124,38	11192004	N\A	N\A	N\A	N\A
P	0	1624	0	31.08	-2.84935	105.205	-2.19002	-0.243294	2.55416	1.416	0.246	50	126.75	1	9	1	A	0	18060	0	0.118646	-1	0	0	-10000	-1952,-1125,-1003,-951,-125,-7,50	11221844	N\A	N\A	N\A	N\A
P	0	1625	0	42.7785	2.21336	98.4859	-2.4154	0.0910229	2.9119	1.455	0.315	34	129.25	1	9	1	A	0	18060	0	0.104629	-1	0	0	-10000	-1967,-1955,-1545,-1517,-966,-955,-538,34,45,445	11302268	N\A	N\A	N\A	N\A
P	0	1626	0	43.7128	7.33342	99.9699	-2.52582	0.156125	2.92816	0.744	0.048	-10000	124.75	1	9	1	A	0	18060	0	-10000	-1	0	0	-10000	-1386,-1381,-1331,-1228,-1214,-309,-212,-196,-187	11331150	N\A	N\A	N\A	N\A
P	0	1627	0	38.1343	8.01418	100.243	-2.46085	0.0275592	2.87878	1.371	0.348	50	130.25	1	9	1	A	0	18060	0	0.149302	-1	0	0	-10000	-1951,-1939,-1934,-950,-939,-933,-46,50,62	11367270	N\A	N\A	N\A	N\A
P	0	1628	0	42.7183	6.35972	103.139	-2.40986	0.155822	2.96401	1.065	0.195	-129	122.25	1	9	1	A	0	18060	0	0.821884	-1	0	0	-10000	-1959,-1130,-970,-953,-592,-129,43,401	11406820	N\A	N\A	N\A	N\A
P	0	1629	0	38.3127	16.4203	96.8198	-2.7034	0.032505	2.93979	2.403	0.684	46	130.25	1	9	1	A	0	18060	0	0.188503	-1	0	0	-10000	-1962,-1947,-1741,-961,-940,-684,46,55,61,376	11421719	N\A	N\A	N\A	N\A
P	0	1630	0	35.4293	7.84225	101.17	-2.40782	-0.00764312	2.84848	1.683	0.534	40	124.25	1	9	1	A	0	18060	0	0.101011	-1	0	0	-10000	-1962,-1596,-960,40	11454542	N\A	N\A	N\A	N\A
P	0	1631	0	34.7463	3.11421	103.633	-2.29569	-0.0318503	2.7746	0.504	0.135	184	-10000	2	10	1	A	0	18060	0	24.6931	-1	0	0	-10000	-1984,-1974,-1967,-1940,-1816,-1807,-1777,-1764,-1416,-1407,-1377,-1360,-1016,-1007,-974,-960,-939,-616,-607,-577,-567,-216,-207,-177,-167,-23,38,184,193,224,234	11465551	N\A	N\A	N\A	N\A
P	0	1632	0	30.6775	3.25862	102.698	-2.27406	-0.13441	2.64507	196.605	196.605	-58	-10000	2	10	1	A	0	18060	0	31.6907	-1	0	0	-10000	-1983,-1963,-1941,-1658,-1649,-1619,-1606,-1257,-1249,-1219,-1206,-982,-969,-959,-953,-940,-858,-849,-819,-806,-458,-449,-419,-406,-58,-49,-18,-8,-2,42,48,61,342,351,382,398	11475391	N\A	N\A	N\A	N\A
P	0	1633	0	27.4838	5.70856	105.454	-2.23149	-0.131861	2.74824	176.325	196.605	-53	-10000	2	10	1	A	0	18060	0	24.5575	-1	0	0	-10000	-1959,-1953,-1940,-1666,-1661,-1653,-1611,-1604,-1261,-1253,-1220,-1207,-958,-953,-940,-862,-853,-824,-465,-461,-453,-420,-61,-53,-24,-14,-7,-2,42,48,63,338,347,377,393	11479394	N\A	N\A	N\A	N\A
P	0	1634	0	36.1789	-12.4229	105.655	-2.11157	-0.0708659	2.67517	0.243	0.159	-116	190.75	1	11	1	A	0	18060	0	0.147954	-1	0	0	-10000	-1736,-1728,-1698,-1676,-1662,-1622,-1377,-1336,-1327,-1294,-116,-111,-98,69,280	11505864	N\A	N\A	N\A	N\A
P	0	1635	0	35.695	-11.3663	105.405	-2.11003	-0.073371	2.67838	1.197	0.165	-1	129.25	1	9	1	A	0	18060	0	0.0319424	-1	0	0	-10000	-1014,-951,-13,-1	11516804	N\A	N\A	N\A	N\A
P	0	1636	0	47.3384	33.9045	127.69	1.58515	0.450026	1.43327	6.063	2.376	-3	138.5	1	11	1	A	0	18060	0	0.859528	-1	0	0	-10000	-1940,-1932,-1867,-1846,-1815,-939,-931,-866,-847,-814,-130,-47,-3,133,147,178	11606016	N\A	N\A	N\A	N\A
P	0	1637	0	50.1823	39.3134	123.578	1.77446	0.0074693	1.60316	8.898	1.869	-46	-10000	0	4	1	A	0	18060	0	0.403878	-1	0	0	-10000	-1985,-1128,-1047,-1007,-1001,-983,-127,-118,-46,-6,-1,17,36	11669570	N\A	N\A	N\A	N\A
P	0	1638	0	51.0434	38.2457	131.695	-1.515	-0.208713	-1.51342	7.302	4.815	-10	-10000	0	4	1	A	0	18060	0	0.79792	-1	0	0	-10000	-1800,-1788,-1700,-1654,-1633,-1128,-1120,-1055,-1037,-989,-395,-376,-127,-119,-48,-10,71,317	11672573	N\A	N\A	N\A	N\A
P	0	1639	0	28.9304	-17.9646	152.302	1.10047	0.0526994	-1.42816	5.121	0.234	-125	-10000	1	11	1	A	0	18060	0	0.0944797	-1	0	0	-10000	-1925,-1875,-1101,-125,-46,-2,211,355,363,398	11764559	N\A	N\A	N\A	N\A
P	0	1640	0	29.4511	-19.1074	156.572	1.07136	0.0151876	-1.42006	7.434	0.381	-3	132.75	0	4	1	A	0	18060	0	0.102012	-1	0	0	-10000	-1436,-1359,-1314,-1280,-1053,-724,-675,-466,-3	11785470	N\A	N\A	N\A	N\A
P	0	1641	0	30.6649	-20.3314	157.018	1.05852	0.0211086	-1.3855	9.852	1.131	20	129.5	1	9	1	A	0	18060	0	0.412876	-1	0	0	-10000	-1544,-1510,-1503,-1488,-1457,-1390,-1327,-754,-705,-564,-205,-105,-28,20	11790866	N\A	N\A	N\A	N\A
P	0	1642	0	33.5497	-15.633	146.953	1.01709	0.118906	-1.35392	3.39	0.165	-112	127.5	1	9	1	A	0	18060	0	0.0750747	-1	0	0	-10000	-1693,-1681,-1663,-1654,-1585,-1571,-1544,-1521,-1502,-1498,-1270,-994,-651,-514,-112,-108,-41,-28	11836367	N\A	N\A	N\A	N\A
P	0	1643	0	23.8966	-18.7563	112.435	1.68217	0.487559	-1.09195	2.649	0.726	23	133.75	0	4	1	A	0	18060	0	0.152987	-1	0	0	-10000	-1983,-1125,-978,-968,-130,-125,23	11897476	N\A	N\A	N\A	N\A
P	0	1644	0	25.0799	-17.0876	114.285	1.68204	0.469064	-1.25483	2.193	0.297	36	124.25	1	9	1	A	0	18060	0	0.0932698	-1	0	0	-10000	-1988,-1966,-1111,-1106,-960,-949,-515,-105,-65,36	11915410	N\A	N\A	N\A	N\A
P	0	1645	0	20.8323	-15.9924	120.544	1.50499	0.406185	-1.40721	4.281	0.669	-7	128.25	1	9	1	A	0	18060	0	0.191021	-1	0	0	-10000	-1968,-1693,-1516,-1131,-1126,-1000,-967,-777,-690,-130,-125,-7,272	11951958	N\A	N\A	N\A	N\A
P	0	1646	0	24.0028	-18.5545	120.284	1.54361	0.374453	-1.20241	3.528	0.408	-7	130	1	9	1	A	0	18060	0	0.181042	-1	0	0	-10000	-1525,-1478,-1130,-1125,-1008,-525,-484,-129,-124,-7,21,472	11978101	N\A	N\A	N\A	N\A
P	0	1647	0	27.641	-20.7601	125.499	1.47972	0.429195	-1.17029	2.643	0.333	-104	125.5	1	9	1	A	0	18060	0	0.0940371	-1	0	0	-10000	-1984,-1823,-1474,-1436,-1393,-1357,-1183,-861,-818,-753,-731,-224,-211,-194,-182,-133,-104,72,402,462	12018398	N\A	N\A	N\A	N\A
P	0	1648	0	28.2997	-18.4482	124.224	1.47152	0.465305	-1.17222	3.12	0.498	5	124.5	1	9	1	A	0	18060	0	0.207388	-1	0	0	-10000	-1996,-1979,-1924,-1505,-1365,-1334,-1328,-1106,-995,-979,-923,-487,-267,-105,5,76,105	12035465	N\A	N\A	N\A	N\A
P	0	1649	0	27.8837	-18.0622	120.948	1.56574	0.454913	-1.18307	2.931	0.348	-13	120.5	1	9	1	A	0	18060	0	0.152772	-1	0	0	-10000	-2000,-1374,-1358,-1130,-1125,-1023,-1014,-374,-354,-124,-13,105	12051498	N\A	N\A	N\A	N\A
P	0	1650	0	16.843	-14.9644	125.115	1.43297	0.442609	-1.53691	5.841	1.014	19	135	1	9	1	A	0	18060	0	0.303294	-1	0	0	-10000	-1982,-1952,-1479,-1295,-1112,-1106,-982,-955,-915,-395,-111,-105,19,46,101	12093716	N\A	N\A	N\A	N\A
P	0	1651	0	21.2696	-16.5271	124.269	1.45844	0.446593	-1.41905	4.401	0.666	-13	128.25	1	9	1	A	0	18060	0	0.233547	-1	0	0	-10000	-1801,-1131,-1126,-1096,-1008,-795,-130,-125,-87,-13,-8,199	12106747	N\A	N\A	N\A	N\A
P	0	1652	0	14.2976	-14.2539	126.301	1.44691	0.436592	-1.68764	1.503	2.88	-156	-10000	1	11	1	A	0	18060	0	24.8922	-1	0	0	-10000	-1768,-1764,-1755,-1724,-1364,-1356,-1324,-1192,-1074,-1045,-1040,-965,-956,-924,-565,-556,-525,-519,-499,-165,-156,-120,-112,-105,-91,-82,235,244,275,281,289,296,310,319	12168734	N\A	N\A	N\A	N\A
P	0	1653	0	10.1388	-14.5077	127.889	1.36693	0.432674	-1.79057	7.14	1.02	0	130	1	9	1	A	0	18060	0	0.494309	-1	0	0	-10000	-1906,-1460,-1034,-1029,-905,-451,-131,-126,0,443	12206251	N\A	N\A	N\A	N\A
P	0	1654	0	15.185	-15.1968	126.592	1.39098	0.433741	-1.6289	5.955	0.927	-6	133.75	1	9	1	A	0	18060	0	0.389106	-1	0	0	-10000	-1976,-1681,-1501,-1130,-1125,-1007,-974,-741,-129,-124,-6,26,266,283	12235252	N\A	N\A	N\A	N\A
P	0	1655	0	5.3762	-10.2901	124.481	1.43234	0.423836	-1.81754	8.754	1.479	-5	135.75	1	9	1	A	0	18060	0	0.758252	-1	0	0	-10000	-1541,-1126,-1002,-535,-525,-322,-125,-109,-5,461	12303312	N\A	N\A	N\A	N\A
P	0	1656	0	7.95919	-11.3346	127.626	1.38456	0.375729	-1.85877	6.765	1.089	12	122.5	1	9	1	A	0	18060	0	0.601002	-1	0	0	-10000	-1990,-1923,-1901,-1805,-1239,-1112,-1107,-989,-924,-907,-107,12,206	12347316	N\A	N\A	N\A	N\A
P	0	1657	0	17.8071	-11.6526	123.29	1.32769	0.428016	-1.60465	196.605	196.605	164	-10000	1	11	1	A	0	18060	0	32.4282	-1	0	0	-10000	-1836,-1827,-1796,-1788,-1780,-1620,-1615,-1504,-1463,-1436,-1427,-1396,-1134,-1041,-1036,-1027,-1001,-991,-984,-964,-636,-627,-597,-236,-227,-197,-135,-130,26,160,164,172,203,403	12380661	N\A	N\A	N\A	N\A
P	0	1658	0	19.2084	-13.5781	118.041	1.61723	0.430993	-1.49363	1.068	0.21	-132	-10000	1	11	1	A	0	18060	0	0.0712603	-1	0	0	-10000	-1796,-1792,-1784,-1752,-1392,-1383,-1352,-1339,-1314,-1291,-1278,-1163,-997,-992,-983,-952,-592,-584,-552,-529,-511,-505,-491,-477,-193,-184,-153,-143,-132,-126,-117,-98,-46,204,208,216,245,252,269,276,284,304,340,350	12392701	N\A	N\A	N\A	N\A
P	0	1659	0	19.9904	-10.3452	114.594	1.61406	0.460671	-1.43015	2.775	0.438	19	127.5	1	9	1	A	0	18060	0	0.133543	-1	0	0	-10000	-1985,-1974,-1610,-1519,-1132,-1126,-984,-510,-131,-126,19,489	12409820	N\A	N\A	N\A	N\A
P	0	1660	0	24.9312	-13.7739	115.038	1.63882	0.335979	-1.19459	2.562	0.54	-3	120.75	1	9	1	A	0	18060	0	0.105063	-1	0	0	-10000	-1989,-1981,-1505,-1131,-1126,-1003,-985,-981,-941,-508,-130,-125,-3,15,59,491	12458766	N\A	N\A	N\A	N\A
P	0	1661	0	19.8824	-11.7639	117.29	1.55112	0.362067	-1.362	3.51	0.765	15	119.5	1	9	1	A	0	18060	0	0.230117	-1	0	0	-10000	-1988,-1503,-1131,-1126,-986,-501,-413,-130,-125,-73,15	12492667	N\A	N\A	N\A	N\A
P	0	1662	0	30.2623	-13.8029	112.359	1.76148	0.3159	-0.976147	1.176	0.147	8	124.75	1	9	1	A	0	18060	0	0.041424	-1	0	0	-10000	-1990,-1982,-1942,-1522,-1516,-1131,-1126,-989,-980,-940,-500,-125,8,22	12534704	N\A	N\A	N\A	N\A
P	0	1663	0	26.4543	-9.03418	112.543	1.67976	0.396676	-1.12885	1.743	0.369	-130	122.75	1	9	1	A	0	18060	0	0.125553	-1	0	0	-10000	-1991,-1511,-1131,-988,-979,-968,-940,-912,-808,-514,-495,-478,-130,15,21,185,486	12565064	N\A	N\A	N\A	N\A
P	0	1665	0	32.7657	-11.7417	111.298	1.77712	0.319179	-0.908523	1.092	0.132	-94	124	1	9	1	A	0	18060	0	0.038146	-1	0	0	-10000	-1970,-1960,-1921,-1510,-1457,-1111,-1106,-969,-960,-921,-511,-105,-94,53,80,486	12591067	N\A	N\A	N\A	N\A
P	0	1666	0	28.7418	-10.0169	110.405	1.81336	0.364779	-0.769498	135.912	196.434	-113	-10000	2	10	1	A	0	18060	0	27.2214	-1	0	0	-10000	-1712,-1704,-1670,-1313,-1304,-1273,-1126,-986,-949,-941,-913,-904,-871,-513,-504,-474,-130,-125,-113,-104,-76,52,287,296,326,473,492	12679167	N\A	N\A	N\A	N\A
P	0	1667	0	17.8075	-8.21707	118.814	1.53519	0.459927	-1.67908	0.888	0.213	-140	-10000	1	11	1	A	0	18060	0	0.0666638	-1	0	0	-10000	-1795,-1787,-1750,-1735,-1719,-1395,-1386,-1351,-1341,-1322,-1315,-999,-995,-987,-959,-954,-947,-938,-920,-595,-587,-554,-543,-534,-520,-515,-509,-503,-497,-483,-196,-187,-157,-150,-140,-125,-115,119,205,213,254,262,281	12697646	N\A	N\A	N\A	N\A
P	0	1668	0	15.5007	-8.5946	116.659	1.51958	0.445705	-1.70316	2.799	0.498	38	122.5	1	9	1	A	0	18060	0	0.249298	-1	0	0	-10000	-1578,-1518,-1112,-1107,-963,-948,-482,-478,-111,-106,-39,38,49,485	12720162	N\A	N\A	N\A	N\A
P	0	1669	0	9.97145	-8.06508	117.161	1.60483	0.175767	-1.71416	6.453	1.848	26	130	1	9	1	A	0	18060	0	0.645801	-1	0	0	-10000	-1977,-1106,-975,-111,-106,26	12787220	N\A	N\A	N\A	N\A
P	0	1670	0	11.4767	-8.64446	119.421	1.47327	0.286958	-1.76928	196.605	196.605	62	-10000	2	10	1	A	0	18060	0	27.5551	-1	0	0	-10000	-1999,-1937,-1929,-1889,-1537,-1529,-1495,-1138,-1129,-1098,-1007,-972,-738,-729,-698,-337,-329,-297,-289,-129,-125,-6,21,28,62,71,105,462,471	12825158	N\A	N\A	N\A	N\A
P	0	1671	0	18.1924	-11.226	118.354	1.52554	0.300191	-1.41828	4.149	0.582	-5	-10000	2	10	1	A	0	18060	0	0.208642	-1	0	0	-10000	-1988,-1926,-1130,-1125,-987,-919,-909,-130,-124,-5	12835167	N\A	N\A	N\A	N\A
P	0	1672	0	14.9574	-1.43913	118.464	1.38557	0.530769	-1.63322	196.605	196.605	-66	-10000	2	10	1	A	0	18060	0	31.1686	-1	0	0	-10000	-1987,-1666,-1657,-1627,-1528,-1266,-1257,-1227,-1130,-1125,-985,-971,-865,-857,-827,-810,-527,-466,-457,-422,-129,-124,-66,-57,-25,-13,-6,16,32,329,334,343,373	12877845	N\A	N\A	N\A	N\A
P	0	1673	0	20.7187	-6.97962	115.869	1.54803	0.451913	-1.36318	186.84	196.605	-80	-10000	2	10	1	A	0	18060	0	25.658	-1	0	0	-10000	-1971,-1688,-1680,-1650,-1288,-1280,-1250,-1131,-1127,-892,-888,-880,-850,-488,-480,-450,-126,-89,-80,-41,-27,-14,-7,311,320,350	12897864	N\A	N\A	N\A	N\A
P	0	1674	0	3.31357	3.73644	130.147	1.01537	0.390625	-2.03794	196.605	196.605	-95	-10000	1	11	1	A	0	18060	0	30.4377	-1	0	0	-10000	-1694,-1686,-1651,-1620,-1295,-1286,-1256,-1250,-1234,-895,-886,-858,-851,-829,-500,-495,-487,-458,-453,-418,-95,-86,-52,-25,305,314,342,348,375	12905069	N\A	N\A	N\A	N\A
P	0	1676	0	7.94873	4.90454	120.678	1.24832	0.489051	-1.842	1.998	0.6	35	114.25	1	9	1	A	0	18060	0	0.286821	-1	0	0	-10000	-1966,-1950,-1523,-1111,-1106,-1047,-965,-949,-520,-110,-106,-46,35	12945861	N\A	N\A	N\A	N\A
P	0	1677	0	6.21686	-1.23263	123.807	1.33128	0.397968	-2.17095	3.399	0.528	25	130	1	9	1	A	0	18060	0	0.230504	-1	0	0	-10000	-1969,-1809,-1111,-968,-808,-141,-110,25,162	12982709	N\A	N\A	N\A	N\A
P	0	1679	0	4.47238	5.37799	125.285	1.28282	0.40693	-2.39179	2.283	0.336	11	115	1	9	1	A	0	18060	0	0.247338	-1	0	0	-10000	-1992,-1131,-991,-130,-76,11	13022764	N\A	N\A	N\A	N\A
P	0	1680	0	3.19903	0.289604	129.731	1.32961	0.295058	-2.18078	3.423	0.678	27	132.75	1	9	1	A	0	18060	0	0.252825	-1	0	0	-10000	-1974,-1962,-973,-962,-106,27,39	13043763	N\A	N\A	N\A	N\A
P	0	1681	0	2.32372	4.73506	131.752	1.30865	0.274872	-2.22592	2.526	0.774	-125	126.5	1	9	1	A	0	18060	0	0.137748	-1	0	0	-10000	-1997,-1970,-1881,-1126,-992,-979,-125,7	13066702	N\A	N\A	N\A	N\A
P	0	1682	0	3.65629	3.21786	125.89	1.37171	0.355673	-2.21573	189.819	196.605	-26	-10000	2	10	1	A	0	18060	0	25.246	-1	0	0	-10000	-1998,-1974,-1634,-1626,-1592,-1234,-1225,-1191,-1131,-998,-838,-834,-825,-792,-434,-426,-392,-126,-35,-26,4,21,29,366,374,408	13112743	N\A	N\A	N\A	N\A
P	0	1683	0	4.95248	-6.816	125.996	1.41782	0.329576	-1.98603	5.109	0.702	-3	-10000	0	4	1	A	0	18060	0	0.430038	-1	0	0	-10000	-1130,-1126,-1005,-130,-125,-3	13122751	N\A	N\A	N\A	N\A
P	0	1684	0	5.54854	-5.41366	125.624	1.41244	0.33883	-1.9783	5.079	0.699	-4	-10000	0	4	1	A	0	18060	0	0.442603	-1	0	0	-10000	-1131,-1126,-1005,-130,-125,-4	13124753	N\A	N\A	N\A	N\A
P	0	1685	0	10.5235	-13.1035	123.574	1.40304	0.287022	-1.76885	5.121	0.969	1	-10000	0	4	1	A	0	18060	0	0.366448	-1	0	0	-10000	-1130,-1005,-526,-129,1	13126754	N\A	N\A	N\A	N\A
P	0	1686	0	14.6469	-13.6481	130.936	1.32698	0.326363	-1.67168	5.25	2.013	12	-10000	0	4	1	A	0	18060	0	0.251732	-1	0	0	-10000	-1550,-1126,-1015,-1003,-973,-906,-240,-224,-130,-125,-13,12,122,127	13131759	N\A	N\A	N\A	N\A
P	0	1687	0	6.41808	6.17254	120.965	1.43074	0.420617	-2.19662	2.292	0.264	-124	-10000	0	4	1	A	0	18060	0	0.0904021	-1	0	0	-10000	-1998,-1129,-978,-128,-124,22	13136762	N\A	N\A	N\A	N\A
P	0	1688	0	6.96781	-11.2823	133.979	1.27351	0.294174	-1.9422	3.837	0.552	-95	-10000	0	4	1	A	0	18060	0	0.104464	-1	0	0	-10000	-1992,-1944,-1462,-1249,-1238,-1228,-1218,-1198,-1039,-650,-126,-95,-66,-56,39,54,230,483	13140363	N\A	N\A	N\A	N\A
P	0	1689	0	8.24542	-9.00492	133.188	1.26933	0.305802	-1.88651	6.201	0.813	-6	-10000	0	4	1	A	0	18060	0	0.398015	-1	0	0	-10000	-1992,-1975,-1815,-1564,-1125,-1007,-989,-915,-753,-492,-129,-124,-6,13,75,242	13144364	N\A	N\A	N\A	N\A
P	0	1690	0	1.44923	-1.093	135.136	1.27306	0.28912	-2.18154	4.902	1.314	10	-10000	0	4	1	A	0	18060	0	0.582786	-1	0	0	-10000	-1989,-1985,-1882,-1765,-1718,-1502,-991,-766,10	13147367	N\A	N\A	N\A	N\A
P	0	1691	0	1.11298	-1.27831	135.768	1.26351	0.278319	-2.26528	3.219	1.035	9	-10000	1	11	1	A	0	18060	0	0.457793	-1	0	0	-10000	-1999,-1993,-992,2,9,17	13150370	N\A	N\A	N\A	N\A
P	0	1692	0	1.36594	-2.16523	136.936	1.25099	0.253041	-2.31919	3.177	0.654	9	-10000	0	4	1	A	0	18060	0	0.492854	-1	0	0	-10000	-1992,-1985,-992,-984,9,16	13163365	N\A	N\A	N\A	N\A
P	0	1694	0	0.687736	5.27879	135.832	1.23893	0.265197	-2.43763	2.472	0.432	30	129.25	1	9	1	A	0	18060	0	0.0447444	-1	0	0	-10000	-1999,-1469,-991,-465,-458,30	13194393	N\A	N\A	N\A	N\A
P	0	1695	0	0.320071	0.763817	138.495	1.21033	0.361534	-2.23665	2.928	1.737	107	144	1	9	1	A	0	18060	0	0.0328569	-1	0	0	-10000	-1992,-1935,-1920,-1521,-1125,-990,-952,-942,-534,-351,10,75,107,115	13239116	N\A	N\A	N\A	N\A
P	0	1696	0	2.65453	-2.70936	140.769	1.13908	0.390517	-2.16015	3.735	2.337	-106	142.25	1	9	1	A	0	18060	0	0.114349	-1	0	0	-10000	-1977,-1107,-993,-977,-106,60	13262118	N\A	N\A	N\A	N\A
P	0	1697	0	3.12888	-5.40547	141.142	1.14102	0.377491	-2.17563	3.987	2.265	-106	147.25	0	4	1	A	0	18060	0	0.150629	-1	0	0	-10000	-1932,-1312,-1106,-950,-932,-106,-6,60,64	13265120	N\A	N\A	N\A	N\A
P	0	1698	0	3.16575	-3.77459	140.593	1.13248	0.402264	-2.13299	4.629	1.707	-15	148	0	4	1	A	0	18060	0	0.474126	-1	0	0	-10000	-1961,-1957,-1420,-1126,-1027,-1017,-937,-125,-15,72	13267141	N\A	N\A	N\A	N\A
P	0	1699	0	10.785	-13.8914	134.512	1.22372	0.368381	-1.77568	4.368	0.849	-21	129.5	1	9	1	A	0	18060	0	0.260787	-1	0	0	-10000	-1875,-1491,-1127,-1122,-1009,-825,-458,-126,-121,-57,-43,-33,-21,-8,75,137,196,213	13293947	N\A	N\A	N\A	N\A
P	0	1700	0	11.5465	-13.3719	129.589	1.38822	0.456794	-1.65698	6.453	0.774	-12	120	1	9	1	A	0	18060	0	0.380967	-1	0	0	-10000	-1919,-1514,-1486,-1125,-1003,-485,-125,-76,-12	13314969	N\A	N\A	N\A	N\A
P	0	1701	0	49.2624	42.7584	131.434	-1.49914	-0.129919	-1.20257	9.012	2.547	-36	-10000	0	4	1	A	0	18060	0	0.651342	-1	0	0	-10000	-1128,-1120,-1035,-1015,-506,-128,-119,-36,-13	13375803	N\A	N\A	N\A	N\A
P	0	1702	0	46.3793	45.3816	131.888	-1.48347	-0.132733	-1.18632	8.586	2.088	-32	-10000	0	4	1	A	0	18060	0	0.650898	-1	0	0	-10000	-1128,-1033,-1007,-127,-118,-32,-6	13377804	N\A	N\A	N\A	N\A
P	0	1703	0	53.3973	-21.5681	141.408	1.68679	-0.244811	-0.263438	3.348	0.135	-13	-10000	1	11	1	A	0	18060	0	0.0737889	-1	0	0	-10000	-1997,-1935,-1014,-1002,-995,-977,-83,-13,-1,6,24	16627861	N\A	N\A	N\A	N\A
P	0	1704	0	63.6095	-18.6003	156.463	1.17558	0.174409	-0.255734	0.894	0.249	-10000	-10000	1	11	1	A	0	18060	0	-10000	-1	0	0	-10000	-1431,-1337,-1014,-430	16648479	N\A	N\A	N\A	N\A
P	0	1706	0	61.5448	-23.9134	182.138	0.51799	0.18724	-0.908138	196.605	196.605	30	-10000	0	4	1	A	0	18060	0	32.4388	-1	0	0	-10000	-1774,-1769,-1734,-1715,-1655,-1570,-1562,-1533,-1521,-1175,-1170,-1162,-1124,-774,-770,-762,-733,-723,-705,-370,-361,-334,-324,-300,25,30,38,66,76,430,438,466,477	16724110	N\A	N\A	N\A	N\A
P	0	1707	0	71.4604	-20.2521	164.922	0.345282	1.18228	-0.710131	0.864	0.246	55	-10000	1	11	1	A	0	18060	0	0.0101218	-1	0	0	-10000	-1435,-1386,-1356,-1338,-384,-378,-355,-321,55,486,494	16748463	N\A	N\A	N\A	N\A
P	0	1708	0	67.3406	-30.9089	158.855	-1.54631	0.743353	3.13024	1.779	0.009	-10000	-10000	1	11	1	A	0	18060	0	-10000	-1	0	0	-10000	-1904,-1882,-1861,-1831,-1805,-1358,-1335,-1283,-1255,-439,-401,-359,-341,-336	16773136	N\A	N\A	N\A	N\A
P	0	1709	0	54.3281	-27.7061	157.257	-1.65899	0.559711	2.35422	0.999	0.015	-10000	-10000	1	11	1	A	0	18060	0	-10000	-1	0	0	-10000	-1377,-1274,-1252,-1235,-355,-314	16787982	N\A	N\A	N\A	N\A
P	0	1710	0	63.5948	-25.3948	157.645	-1.53078	0.641931	2.96832	1.134	0.03	-10000	-10000	1	11	1	A	0	18060	0	-10000	-1	0	0	-10000	-1541,-1536,-1433,-1428,-1378,-1315,-642,-362	16809274	N\A	N\A	N\A	N\A
P	0	1711	0	40.3809	-24.0968	148.988	-1.94634	0.364411	1.6762	5.097	0.414	-37	-10000	0	4	1	A	0	18060	0	0.218908	-1	0	0	-10000	-1105,-1101,-1039,-105,-101,-37	16839559	N\A	N\A	N\A	N\A
P	0	1713	0	62.1906	-22.9664	144.453	1.6106	-0.365048	0.241592	0.837	0.012	-10000	-10000	2	10	1	A	0	18060	0	-10000	-1	0	0	-10000	-1435	16905281	N\A	N\A	N\A	N\A
P	0	1714	0	66.5521	-24.4545	146.23	1.59879	-0.73106	0.403938	0.858	0.012	-10000	-10000	2	10	1	A	0	18060	0	-10000	-1	0	0	-10000	-1434	16914288	N\A	N\A	N\A	N\A
P	0	1715	0	52.2314	-28.7249	165.453	1.13171	-0.00359157	-0.913771	1.359	0.129	-51	-10000	1	11	1	A	0	18060	0	0.0250461	-1	0	0	-10000	-1750,-1707,-1690,-1682,-1152,-1133,-1126,-1093,-1050,-419,-374,-358,-349,-51	17005750	N\A	N\A	N\A	N\A
P	0	1716	0	72.4657	-15.5643	162.827	0.956023	0.732294	0.0596831	0.987	0.042	-10000	-10000	2	10	1	A	0	18060	0	-10000	-1	0	0	-10000	-1348,-1250,-348	17016293	N\A	N\A	N\A	N\A
P	0	1717	0	63.7565	-29.9612	169.517	0.959246	0.277782	-0.452713	196.053	196.605	-82	-10000	1	11	1	A	0	18060	0	28.574	-1	0	0	-10000	-1282,-1274,-1239,-1225,-882,-874,-845,-833,-817,-806,-487,-482,-473,-437,-432,-421,-414,-82,-74,-42,-26,-16,317,326,359,373,378	17030160	N\A	N\A	N\A	N\A
P	0	1718	0	53.488	-25.4039	146.83	1.4691	0.175354	-0.488311	0.825	2.886	-169	-10000	1	11	1	A	0	18060	0	31.4086	-1	0	0	-10000	-1760,-1749,-1742,-760,-749,-743,-569,-561,-527,-169,-160,-127,-99,231,240,271,328,333	17058567	N\A	N\A	N\A	N\A
P	0	1720	0	74.9973	9.18305	149.116	1.12808	0.836142	0.662078	4.632	0.363	14	-10000	2	10	1	A	0	18060	0	0.167364	-1	0	0	-10000	-1997,-1987,-997,-987,-977,-54,4,14,23,298,306,336	17164948	N\A	N\A	N\A	N\A
