VERSION_6_0 1-Map
P	0	1	0	-9.26558	-28.4862	-0.191688	-3.13839	0.509499	-1.50781	5.922	101.985	-12	-10000	0	4	1	A	0	18061	0	1.06998	-1	0	0	-10000	-2000,-1992,-1984,-1976,-1967,-1959,-1950,-1942,-1934,-1926,-1917,-1909,-1900,-1893,-1884,-1871,-1866,-1858,-1851,-1848,-1838,-1833,-1828,-1818,-1809,-1804,-1795,-1785,-1775,-1768,-1761,-1751,-1742,-1735,-1725,-1718,-1709,-1700,-1692,-1685,-1676,-1667,-1659,-1651,-1647,-1638,-1635,-1624,-1615,-1606,-1601,-1596,-1592,-1582,-1568,-1563,-1559,-1550,-1542,-1535,-1530,-1521,-1516,-1506,-1501,-1497,-1488,-1485,-1478,-1474,-1467,-1456,-1451,-1445,-1435,-1425,-1417,-1410,-1401,-1392,-1383,-1368,-1359,-1351,-1342,-1334,-1325,-1318,-1297,-1292,-1288,-1285,-1272,-1266,-1258,-1251,-1242,-1235,-1228,-1218,-1200,-1193,-1184,-1176,-1167,-1159,-1151,-1142,-1134,-1126,-1117,-1109,-1101,-1091,-1080,-1059,-1050,-1035,-1027,-1017,-1009,-1000,-993,-985,-976,-967,-960,-951,-943,-932,-918,-909,-900,-892,-883,-876,-867,-859,-850,-842,-833,-825,-817,-813,-806,-801,-248790	248792	N\A	N\A	N\A	N\A	-200	200	-200	200	0.03	-5	0	0	-1	-10000	-10000	-10000	3	2000	1	N\A	-10000	206	0.0371663	0	25.074	N\A	-10000	92	MAP 1-2
P	0	2	0	-9.12307	-26.9735	0.114339	3.0037	0.663037	-1.59457	6.489	102.135	-100	-10000	0	4	1	A	0	18061	0	1.21123	-1	0	0	-10000	-2000,-1990,-1982,-1975,-1966,-1957,-1948,-1933,-1924,-1916,-1907,-1899,-1890,-1883,-1862,-1857,-1853,-1850,-1837,-1831,-1823,-1816,-1807,-1800,-1793,-1783,-1765,-1758,-1749,-1741,-1732,-1724,-1716,-1707,-1699,-1691,-1682,-1674,-1666,-1656,-1645,-1624,-1615,-1600,-1592,-1582,-1574,-1565,-1558,-1550,-1541,-1532,-1525,-1516,-1508,-1497,-1483,-1474,-1465,-1457,-1448,-1441,-1432,-1424,-1415,-1407,-1398,-1390,-1382,-1378,-1371,-1366,-1353,-1347,-1336,-1333,-1326,-1315,-1310,-1300,-1280,-1274,-1266,-1257,-1249,-1241,-1232,-1223,-1216,-1207,-1199,-1190,-1180,-1176,-1165,-1157,-1151,-1143,-1133,-1125,-1120,-1115,-1104,-1100,-1092,-1083,-1072,-1067,-1063,-1057,-1050,-1040,-1030,-1020,-1015,-1005,-1000,-992,-987,-982,-974,-965,-954,-944,-940,-930,-921,-917,-912,-897,-890,-883,-867,-863,-858,-848,-839,-827,-812,-804,-795,-784,-779,-771,-767,-762,-249355	249357	N\A	N\A	N\A	N\A	-200	200	-200	200	0.03	-5	0	0	-1	-10000	-10000	-10000	3	2000	1	N\A	-10000	213	1.28086	0	13.5952	N\A	-10000	92	MAP 1-2
P	0	3	0	-8.69639	-23.4216	0.0364322	2.96121	0.832171	-1.63391	3.108	101.181	-15	-10000	0	4	1	A	0	18061	0	0.714664	-1	0	0	-10000	-1997,-1989,-1980,-1972,-1964,-1954,-1943,-1922,-1913,-1898,-1890,-1880,-1872,-1863,-1856,-1848,-1839,-1830,-1823,-1814,-1806,-1795,-1781,-1772,-1763,-1755,-1746,-1739,-1730,-1722,-1713,-1705,-1696,-1688,-1680,-1676,-1669,-1664,-1651,-1645,-1634,-1631,-1624,-1613,-1608,-1598,-1578,-1572,-1564,-1555,-1547,-1539,-1530,-1521,-1514,-1505,-1497,-1488,-1478,-1474,-1463,-1455,-1449,-1441,-1431,-1423,-1418,-1413,-1402,-1398,-1390,-1381,-1370,-1365,-1361,-1355,-1348,-1338,-1328,-1318,-1313,-1303,-1298,-1290,-1285,-1280,-1272,-1263,-1252,-1242,-1238,-1228,-1219,-1215,-1210,-1195,-1188,-1181,-1165,-1161,-1156,-1146,-1137,-1125,-1110,-1102,-1093,-1082,-1077,-1069,-1065,-1060,-1048,-1040,-1031,-1013,-1004,-993,-986,-976,-965,-960,-951,-938,-930,-922,-915,-910,-907,-898,-888,-875,-869,-863,-851,-832,-827,-811,-797,-793,-781,-771,-763,-756,-752,-748,-249653	249655	N\A	N\A	N\A	N\A	-200	200	-200	200	0.03	-5	0	0	-1	-10000	-10000	-10000	3	2000	1	N\A	-10000	85	3.57829	0	3.89468	N\A	-10000	92	MAP 1-2
P	0	4	0	-8.32634	-19.9828	-0.00714767	2.95371	0.928511	-1.62482	6.654	105.828	94	-10000	0	4	1	A	0	18061	0	0.977419	-1	0	0	-10000	-1994,-1974,-1968,-1960,-1951,-1943,-1935,-1926,-1917,-1910,-1901,-1893,-1884,-1874,-1870,-1859,-1851,-1845,-1837,-1827,-1819,-1814,-1809,-1798,-1794,-1786,-1777,-1766,-1761,-1757,-1751,-1744,-1734,-1724,-1714,-1709,-1699,-1694,-1686,-1681,-1676,-1668,-1659,-1648,-1638,-1634,-1624,-1615,-1611,-1606,-1591,-1584,-1577,-1561,-1557,-1552,-1542,-1533,-1521,-1506,-1498,-1489,-1478,-1473,-1465,-1461,-1456,-1444,-1436,-1427,-1409,-1400,-1389,-1382,-1372,-1361,-1356,-1347,-1334,-1326,-1318,-1311,-1306,-1303,-1294,-1284,-1271,-1265,-1259,-1247,-1228,-1223,-1207,-1193,-1189,-1177,-1167,-1159,-1152,-1148,-1144,-1135,-1126,-1116,-1111,-1106,-1102,-1093,-1089,-1084,-1077,-1073,-1069,-1059,-1049,-1044,-1035,-1026,-1017,-1008,-999,-992,-983,-975,-966,-959,-955,-949,-942,-933,-924,-919,-909,-900,-891,-885,-881,-875,-866,-858,-848,-842,-838,-833,-827,-824,-250049	250051	N\A	N\A	N\A	N\A	-200	200	-200	200	0.03	-5	0	0	-1	-10000	-10000	-10000	3	2000	1	N\A	-10000	109	3.45885	0	27.8078	N\A	-10000	92	MAP 1-2
P	0	5	0	-8.4636	-20.5328	0.302088	2.94422	0.823543	-1.57887	6.375	100.248	32	-10000	0	4	1	A	0	18061	0	0.788261	-1	0	0	-10000	-1999,-1987,-1979,-1970,-1952,-1943,-1932,-1925,-1915,-1904,-1899,-1890,-1877,-1869,-1861,-1854,-1849,-1846,-1837,-1827,-1814,-1808,-1802,-1790,-1771,-1766,-1750,-1736,-1732,-1720,-1710,-1702,-1695,-1691,-1687,-1678,-1669,-1659,-1654,-1649,-1645,-1636,-1632,-1627,-1620,-1616,-1612,-1602,-1592,-1587,-1578,-1569,-1560,-1551,-1542,-1535,-1526,-1518,-1509,-1502,-1498,-1492,-1485,-1476,-1467,-1462,-1452,-1443,-1434,-1428,-1424,-1418,-1409,-1401,-1391,-1385,-1381,-1376,-1370,-1367,-1360,-1348,-1343,-1337,-1332,-1323,-1302,-1295,-1288,-1281,-1267,-1262,-1258,-1250,-1229,-1220,-1210,-1197,-1188,-1173,-1167,-1164,-1158,-1144,-1137,-1131,-1125,-1111,-1099,-1092,-1082,-1069,-1059,-1049,-1040,-1026,-1017,-997,-992,-982,-975,-964,-960,-954,-933,-914,-907,-898,-890,-877,-867,-858,-848,-843,-833,-825,-814,-800,-795,-791,-781,-773,-768,-762,-757,-747,-250592	250594	N\A	N\A	N\A	N\A	-200	200	-200	200	0.03	-5	0	0	-1	-10000	-10000	-10000	3	2000	1	N\A	-10000	182	0.785882	0	31.3625	N\A	-10000	92	MAP 1-2
P	0	6	0	-8.99319	-25.4156	0.533334	2.95431	0.720399	-1.60021	1.431	100.233	188	-10000	0	4	1	A	0	18061	0	0.216244	-1	0	0	-10000	-2000,-1994,-1987,-1978,-1969,-1964,-1954,-1945,-1936,-1930,-1926,-1920,-1911,-1903,-1893,-1887,-1883,-1878,-1872,-1869,-1862,-1850,-1845,-1839,-1834,-1825,-1804,-1797,-1790,-1783,-1769,-1764,-1760,-1752,-1731,-1722,-1712,-1699,-1690,-1675,-1669,-1666,-1660,-1646,-1639,-1633,-1627,-1613,-1601,-1594,-1584,-1571,-1561,-1551,-1542,-1528,-1519,-1499,-1494,-1484,-1477,-1466,-1462,-1456,-1435,-1416,-1409,-1400,-1392,-1379,-1369,-1360,-1350,-1345,-1335,-1327,-1316,-1302,-1297,-1293,-1283,-1275,-1270,-1264,-1259,-1249,-1242,-1229,-1221,-1211,-1200,-1186,-1177,-1166,-1148,-1142,-1134,-1122,-1114,-1111,-1104,-1101,-1094,-1087,-1083,-1079,-1070,-1061,-1052,-1044,-1034,-1020,-1010,-1004,-992,-989,-984,-975,-967,-964,-960,-951,-942,-934,-925,-916,-911,-900,-893,-884,-878,-866,-859,-846,-837,-828,-823,-817,-813,-806,-802,-794,-784,-769,-761,-750,-251094	251096	N\A	N\A	N\A	N\A	-200	200	-200	200	0.03	-5	0	0	-1	-10000	-10000	-10000	3	2000	1	N\A	-10000	156	4.91685	0	13.9434	N\A	-10000	92	MAP 1-2
P	0	7	0	-9.09031	-27.3453	0.490843	2.94338	0.670917	-1.60792	6.024	100.212	67	-10000	0	4	1	A	0	18061	0	1.31047	-1	0	0	-10000	-1998,-1991,-1984,-1970,-1965,-1961,-1953,-1932,-1923,-1913,-1900,-1891,-1876,-1870,-1867,-1861,-1847,-1840,-1834,-1828,-1814,-1802,-1795,-1785,-1772,-1762,-1752,-1743,-1729,-1720,-1700,-1695,-1685,-1678,-1667,-1663,-1657,-1636,-1617,-1610,-1601,-1593,-1580,-1570,-1561,-1551,-1546,-1536,-1528,-1517,-1503,-1498,-1494,-1484,-1476,-1471,-1465,-1460,-1450,-1443,-1430,-1422,-1412,-1401,-1387,-1378,-1367,-1349,-1343,-1335,-1323,-1315,-1312,-1305,-1302,-1295,-1288,-1284,-1280,-1271,-1262,-1253,-1245,-1235,-1221,-1211,-1205,-1193,-1190,-1185,-1176,-1168,-1165,-1161,-1152,-1143,-1135,-1126,-1117,-1112,-1101,-1094,-1085,-1079,-1067,-1060,-1047,-1038,-1029,-1024,-1018,-1014,-1007,-1003,-995,-985,-970,-962,-951,-943,-932,-928,-923,-918,-911,-900,-888,-879,-867,-862,-852,-845,-834,-829,-812,-801,-794,-783,-778,-767,-761,-751,-745,-736,-715,-711,-251295	251297	N\A	N\A	N\A	N\A	-200	200	-200	200	0.03	-5	0	0	-1	-10000	-10000	-10000	3	2000	1	N\A	-10000	120	1.93266	0	17.7855	N\A	-10000	92	MAP 1-2
P	0	8	0	-9.29291	-30.797	0.318091	2.92597	0.558348	-1.64209	6.852	99.723	-66	-10000	0	4	1	A	0	18061	0	1.4852	-1	0	0	-10000	-2000,-1986,-1977,-1966,-1948,-1942,-1934,-1922,-1914,-1911,-1904,-1901,-1894,-1887,-1883,-1879,-1870,-1861,-1852,-1844,-1834,-1820,-1810,-1804,-1792,-1789,-1784,-1775,-1767,-1764,-1760,-1751,-1742,-1734,-1725,-1716,-1711,-1700,-1693,-1684,-1678,-1666,-1659,-1646,-1637,-1628,-1623,-1617,-1613,-1606,-1602,-1594,-1584,-1569,-1561,-1550,-1542,-1531,-1527,-1522,-1517,-1510,-1499,-1487,-1478,-1466,-1461,-1451,-1444,-1433,-1428,-1411,-1400,-1393,-1382,-1377,-1366,-1360,-1350,-1344,-1335,-1314,-1310,-1303,-1283,-1276,-1270,-1260,-1250,-1234,-1227,-1216,-1210,-1200,-1194,-1184,-1177,-1172,-1167,-1153,-1148,-1143,-1134,-1125,-1116,-1110,-1101,-1092,-1083,-1067,-1061,-1050,-1028,-1016,-1008,-999,-995,-984,-977,-966,-961,-950,-944,-934,-920,-910,-899,-892,-886,-878,-867,-859,-855,-849,-845,-835,-825,-816,-802,-796,-789,-781,-769,-761,-753,-742,-251894	251896	N\A	N\A	N\A	N\A	-200	200	-200	200	0.03	-5	0	0	-1	-10000	-10000	-10000	3	2000	1	N\A	-10000	98	1.78596	0	21.1449	N\A	-10000	92	MAP 1-2
P	0	9	0	-9.49871	-33.3778	0.2636	2.92577	0.518619	-1.64911	5.94	99.849	-176	-10000	0	4	1	A	0	18061	0	1.07718	-1	0	0	-10000	-1993,-1990,-1985,-1976,-1968,-1965,-1961,-1952,-1943,-1935,-1926,-1917,-1912,-1901,-1894,-1885,-1879,-1867,-1860,-1847,-1838,-1829,-1824,-1818,-1814,-1807,-1803,-1795,-1785,-1770,-1762,-1751,-1743,-1732,-1728,-1723,-1718,-1711,-1700,-1688,-1679,-1667,-1662,-1652,-1645,-1634,-1629,-1612,-1601,-1594,-1583,-1578,-1567,-1561,-1551,-1545,-1536,-1515,-1511,-1504,-1484,-1477,-1471,-1461,-1451,-1435,-1428,-1417,-1411,-1401,-1395,-1385,-1378,-1373,-1368,-1354,-1349,-1344,-1335,-1326,-1317,-1311,-1302,-1293,-1284,-1268,-1262,-1251,-1229,-1217,-1209,-1200,-1196,-1185,-1178,-1167,-1162,-1151,-1145,-1135,-1121,-1111,-1100,-1093,-1087,-1079,-1068,-1060,-1056,-1050,-1046,-1036,-1026,-1017,-1003,-997,-990,-982,-970,-962,-954,-943,-937,-932,-927,-918,-911,-900,-890,-880,-870,-865,-853,-847,-833,-821,-813,-800,-793,-783,-777,-767,-750,-743,-733,-717,-252095	252097	N\A	N\A	N\A	N\A	-200	200	-200	200	0.03	-5	0	0	-1	-10000	-10000	-10000	3	2000	1	N\A	-10000	110	2.58962	0	2.78394	N\A	-10000	92	MAP 1-2
P	0	10	0	-9.89295	-38.3488	0.153107	2.92638	0.450349	-1.6475	1.797	97.707	92	-10000	0	4	1	A	0	18061	0	0.2629	-1	0	0	-10000	-2000,-1989,-1985,-1980,-1975,-1968,-1957,-1945,-1936,-1924,-1919,-1909,-1902,-1891,-1886,-1869,-1858,-1851,-1840,-1835,-1824,-1818,-1808,-1802,-1793,-1772,-1768,-1761,-1741,-1734,-1728,-1718,-1708,-1692,-1685,-1674,-1668,-1658,-1652,-1642,-1635,-1630,-1625,-1611,-1606,-1601,-1592,-1583,-1574,-1568,-1559,-1550,-1541,-1525,-1519,-1508,-1486,-1474,-1466,-1457,-1453,-1442,-1435,-1424,-1419,-1408,-1402,-1392,-1378,-1368,-1357,-1350,-1344,-1336,-1325,-1317,-1313,-1307,-1303,-1293,-1283,-1274,-1260,-1254,-1247,-1239,-1227,-1219,-1211,-1200,-1194,-1189,-1184,-1175,-1168,-1157,-1147,-1137,-1127,-1122,-1110,-1104,-1090,-1078,-1070,-1057,-1050,-1040,-1034,-1024,-1007,-1000,-990,-974,-963,-950,-941,-923,-918,-911,-907,-899,-892,-884,-874,-868,-857,-842,-835,-824,-806,-802,-792,-784,-778,-774,-769,-757,-751,-739,-731,-723,-718,-707,-689,-674,-252352	252354	N\A	N\A	N\A	N\A	-200	200	-200	200	0.03	-5	0	0	-1	-10000	-10000	-10000	3	2000	1	N\A	-10000	268	4.9878	0	24.4486	N\A	-10000	92	MAP 1-2
P	0	11	0	-10.4519	-46.1116	0.142277	2.90444	0.377887	-1.66023	6.225	97.95	-198	-10000	0	4	1	A	0	18061	0	1.39185	-1	0	0	-10000	-1999,-1988,-1983,-1972,-1966,-1956,-1942,-1932,-1921,-1914,-1908,-1900,-1889,-1881,-1877,-1871,-1867,-1857,-1847,-1838,-1824,-1818,-1811,-1803,-1791,-1783,-1775,-1764,-1758,-1753,-1748,-1739,-1732,-1721,-1711,-1701,-1691,-1686,-1674,-1668,-1654,-1642,-1634,-1621,-1614,-1604,-1598,-1588,-1571,-1564,-1554,-1538,-1527,-1514,-1505,-1487,-1482,-1475,-1471,-1463,-1456,-1448,-1438,-1432,-1421,-1406,-1399,-1388,-1370,-1366,-1356,-1348,-1342,-1338,-1333,-1321,-1315,-1303,-1295,-1287,-1282,-1271,-1253,-1238,-1220,-1215,-1204,-1188,-1182,-1171,-1154,-1138,-1121,-1104,-1088,-1080,-1074,-1070,-1063,-1054,-1048,-1038,-1031,-1022,-1014,-1005,-997,-990,-980,-974,-971,-963,-954,-947,-938,-931,-918,-905,-889,-873,-855,-844,-834,-821,-815,-799,-792,-782,-772,-765,-755,-749,-739,-720,-716,-704,-697,-692,-684,-673,-665,-655,-650,-640,-631,-622,-252916	252918	N\A	N\A	N\A	N\A	-200	200	-200	200	0.03	-5	0	0	-1	-10000	-10000	-10000	3	2000	1	N\A	-10000	222	2.31504	0	14.0382	N\A	-10000	92	MAP 1-2
P	0	12	0	-10.5536	-48.1019	0.200623	2.89245	0.37004	-1.6708	7.233	96.864	-15	-10000	0	4	1	A	0	18061	0	1.37807	-1	0	0	-10000	-1997,-1990,-1984,-1979,-1974,-1965,-1958,-1947,-1937,-1927,-1917,-1912,-1900,-1894,-1880,-1868,-1860,-1847,-1840,-1830,-1824,-1814,-1797,-1790,-1780,-1764,-1753,-1740,-1731,-1713,-1708,-1701,-1697,-1689,-1682,-1674,-1664,-1658,-1647,-1632,-1625,-1614,-1596,-1592,-1582,-1574,-1568,-1564,-1559,-1547,-1541,-1529,-1521,-1513,-1508,-1497,-1479,-1464,-1446,-1441,-1430,-1414,-1408,-1397,-1380,-1364,-1347,-1330,-1314,-1306,-1300,-1296,-1289,-1280,-1274,-1264,-1257,-1248,-1240,-1231,-1223,-1216,-1206,-1200,-1197,-1189,-1180,-1173,-1164,-1157,-1144,-1131,-1115,-1099,-1081,-1070,-1060,-1047,-1041,-1025,-1018,-1008,-998,-991,-981,-975,-965,-946,-942,-930,-923,-918,-910,-899,-891,-881,-876,-866,-857,-848,-842,-832,-824,-820,-813,-806,-800,-792,-785,-771,-764,-759,-748,-741,-731,-725,-715,-706,-698,-682,-670,-663,-650,-644,-631,-625,-253142	253144	N\A	N\A	N\A	N\A	-200	200	-200	200	0.03	-5	0	0	-1	-10000	-10000	-10000	3	2000	1	N\A	-10000	183	1.99372	0	28.9161	N\A	-10000	92	MAP 1-2
P	0	13	0	-10.6953	-52.6815	0.170655	2.87365	0.332028	-1.67356	3.426	94.656	200	-10000	0	4	1	A	0	18061	0	0.662555	-1	0	0	-10000	-1990,-1975,-1957,-1952,-1941,-1925,-1919,-1908,-1891,-1875,-1858,-1841,-1825,-1817,-1811,-1807,-1800,-1791,-1785,-1775,-1768,-1759,-1751,-1742,-1734,-1727,-1717,-1711,-1708,-1700,-1691,-1684,-1675,-1668,-1655,-1642,-1626,-1610,-1592,-1581,-1571,-1558,-1552,-1536,-1529,-1519,-1509,-1502,-1492,-1486,-1476,-1457,-1453,-1441,-1434,-1429,-1421,-1410,-1402,-1392,-1387,-1377,-1368,-1359,-1353,-1343,-1335,-1331,-1324,-1317,-1311,-1303,-1296,-1282,-1275,-1270,-1259,-1252,-1242,-1236,-1226,-1217,-1209,-1193,-1181,-1174,-1161,-1155,-1142,-1136,-1126,-1121,-1109,-1102,-1093,-1083,-1076,-1067,-1058,-1036,-1027,-1018,-1009,-1000,-992,-983,-978,-974,-969,-960,-952,-941,-935,-930,-917,-912,-900,-891,-885,-875,-868,-858,-852,-842,-835,-825,-817,-811,-801,-791,-784,-774,-767,-758,-750,-741,-734,-725,-717,-708,-700,-691,-685,-675,-667,-658,-253653	253655	N\A	N\A	N\A	N\A	-200	200	-200	200	0.03	-5	0	0	-1	-10000	-10000	-10000	3	2000	1	N\A	-10000	392	2.56917	0	6.15236	N\A	-10000	92	MAP 1-2
P	0	14	0	-10.7173	-55.8477	0.0138093	2.87452	0.30161	-1.67639	9.465	94.002	-136	-10000	0	4	1	A	0	18061	0	2.1184	-1	0	0	-10000	-1994,-1988,-1978,-1959,-1955,-1943,-1936,-1931,-1923,-1912,-1904,-1894,-1889,-1879,-1870,-1861,-1855,-1845,-1837,-1833,-1826,-1819,-1813,-1805,-1798,-1784,-1777,-1772,-1761,-1754,-1744,-1738,-1728,-1719,-1711,-1695,-1683,-1676,-1663,-1657,-1644,-1638,-1628,-1623,-1611,-1604,-1595,-1585,-1578,-1569,-1560,-1538,-1529,-1520,-1511,-1502,-1494,-1485,-1480,-1476,-1471,-1462,-1454,-1443,-1437,-1432,-1419,-1414,-1402,-1393,-1387,-1377,-1370,-1360,-1354,-1344,-1337,-1327,-1319,-1313,-1303,-1293,-1286,-1276,-1269,-1260,-1252,-1243,-1236,-1227,-1219,-1210,-1202,-1193,-1187,-1177,-1169,-1160,-1154,-1144,-1136,-1126,-1120,-1110,-1103,-1093,-1087,-1077,-1069,-1060,-1053,-1043,-1036,-1028,-1019,-1010,-1003,-993,-976,-970,-961,-944,-936,-928,-920,-910,-903,-893,-886,-877,-870,-860,-853,-844,-837,-828,-824,-816,-804,-796,-791,-771,-761,-752,-743,-737,-254155	254157	N\A	N\A	N\A	N\A	-200	200	-200	200	0.03	-5	0	0	-1	-10000	-10000	-10000	3	2000	1	N\A	-10000	336	3.17019	0	14.3192	N\A	-10000	92	MAP 1-2
P	0	15	0	-10.6272	-57.6653	-0.222699	2.88228	0.289008	-1.68216	6.015	92.937	37	-10000	0	4	1	A	0	18061	0	1.21546	-1	0	0	-10000	-1999,-1983,-1971,-1964,-1951,-1945,-1932,-1926,-1916,-1911,-1899,-1892,-1883,-1873,-1866,-1857,-1848,-1826,-1817,-1808,-1799,-1790,-1782,-1773,-1768,-1764,-1759,-1750,-1742,-1731,-1725,-1720,-1707,-1702,-1690,-1681,-1675,-1665,-1658,-1648,-1642,-1632,-1625,-1615,-1607,-1601,-1591,-1581,-1574,-1564,-1557,-1548,-1540,-1531,-1524,-1515,-1507,-1498,-1490,-1481,-1475,-1465,-1457,-1448,-1442,-1432,-1424,-1414,-1408,-1398,-1391,-1381,-1375,-1365,-1357,-1348,-1341,-1331,-1324,-1316,-1307,-1298,-1291,-1281,-1264,-1258,-1249,-1232,-1224,-1216,-1208,-1198,-1191,-1181,-1174,-1165,-1158,-1148,-1141,-1132,-1125,-1116,-1112,-1104,-1092,-1084,-1079,-1059,-1049,-1040,-1031,-1025,-1015,-1007,-998,-993,-984,-975,-964,-949,-931,-913,-908,-899,-890,-881,-873,-865,-857,-847,-834,-827,-814,-801,-791,-781,-774,-763,-758,-748,-741,-731,-724,-715,-708,-698,-254443	254445	N\A	N\A	N\A	N\A	-200	200	-200	200	0.03	-5	0	0	-1	-10000	-10000	-10000	3	2000	1	N\A	-10000	173	1.83505	0	11.6506	N\A	-10000	92	MAP 1-2
P	0	16	0	-10.6256	-62.6909	-0.359771	2.89085	0.225576	-1.66736	5.643	92.301	-120	-10000	0	4	1	A	0	18061	0	0.972009	-1	0	0	-10000	-1995,-1988,-1978,-1972,-1962,-1955,-1945,-1937,-1931,-1921,-1911,-1904,-1894,-1887,-1878,-1870,-1861,-1854,-1845,-1837,-1828,-1820,-1811,-1805,-1795,-1787,-1778,-1772,-1762,-1754,-1744,-1738,-1728,-1721,-1711,-1705,-1695,-1687,-1678,-1671,-1661,-1654,-1646,-1637,-1628,-1621,-1611,-1594,-1588,-1579,-1562,-1554,-1546,-1538,-1528,-1521,-1511,-1504,-1495,-1488,-1478,-1471,-1462,-1455,-1446,-1442,-1434,-1422,-1414,-1409,-1389,-1379,-1370,-1361,-1355,-1345,-1337,-1328,-1323,-1314,-1305,-1294,-1279,-1261,-1243,-1238,-1229,-1220,-1211,-1203,-1195,-1187,-1177,-1164,-1157,-1144,-1131,-1121,-1111,-1104,-1093,-1088,-1078,-1071,-1061,-1054,-1045,-1038,-1028,-1020,-1011,-1005,-994,-987,-978,-971,-961,-954,-944,-938,-928,-920,-911,-905,-895,-888,-878,-870,-861,-854,-844,-837,-829,-820,-811,-803,-794,-788,-778,-770,-761,-754,-745,-738,-729,-720,-254773	254775	N\A	N\A	N\A	N\A	-200	200	-200	200	0.03	-5	0	0	-1	-10000	-10000	-10000	3	2000	1	N\A	-10000	157	5.02749	0	11.234	N\A	-10000	92	MAP 1-2
P	0	17	0	-11.2264	-74.3249	-0.187231	2.89537	0.0350653	-1.58802	7.377	93.753	-9	-10000	0	4	1	A	0	18061	0	1.37773	-1	0	0	-10000	-1998,-1990,-1978,-1970,-1965,-1945,-1935,-1926,-1917,-1911,-1901,-1893,-1884,-1879,-1870,-1861,-1850,-1835,-1817,-1799,-1794,-1785,-1776,-1767,-1759,-1751,-1743,-1733,-1720,-1713,-1700,-1687,-1677,-1667,-1660,-1649,-1644,-1634,-1627,-1617,-1610,-1601,-1594,-1584,-1576,-1567,-1561,-1550,-1543,-1534,-1527,-1517,-1510,-1500,-1494,-1484,-1476,-1467,-1461,-1451,-1444,-1434,-1426,-1417,-1410,-1400,-1393,-1385,-1376,-1367,-1359,-1350,-1344,-1334,-1326,-1317,-1310,-1301,-1294,-1285,-1276,-1267,-1260,-1250,-1244,-1234,-1229,-1218,-1211,-1201,-1184,-1178,-1168,-1150,-1134,-1116,-1111,-1101,-1093,-1084,-1079,-1068,-1050,-1037,-1032,-1027,-1017,-999,-984,-976,-971,-966,-952,-943,-934,-927,-920,-916,-909,-902,-890,-884,-867,-849,-842,-837,-827,-816,-809,-800,-794,-784,-776,-767,-759,-750,-742,-733,-726,-717,-709,-700,-693,-684,-676,-668,-255329	255331	N\A	N\A	N\A	N\A	-200	200	-200	200	0.03	-5	0	0	-1	-10000	-10000	-10000	3	2000	1	N\A	-10000	111	11.6508	0	9.81934	N\A	-10000	92	MAP 1-2
P	0	18	0	-11.3269	-75.4969	-0.190784	2.8841	0.0252136	-1.58052	7.692	92.826	-5	-10000	0	4	1	A	0	18061	0	1.13742	-1	0	0	-10000	-1997,-1988,-1979,-1971,-1963,-1955,-1945,-1932,-1925,-1912,-1899,-1889,-1879,-1872,-1861,-1856,-1846,-1839,-1829,-1822,-1813,-1806,-1796,-1788,-1779,-1773,-1762,-1755,-1746,-1739,-1729,-1722,-1712,-1706,-1696,-1688,-1679,-1673,-1663,-1656,-1646,-1638,-1629,-1622,-1612,-1605,-1597,-1588,-1579,-1571,-1562,-1556,-1546,-1538,-1529,-1522,-1513,-1506,-1497,-1488,-1479,-1472,-1462,-1456,-1446,-1441,-1430,-1423,-1413,-1396,-1390,-1380,-1362,-1346,-1328,-1323,-1313,-1305,-1296,-1291,-1280,-1262,-1249,-1244,-1239,-1229,-1211,-1196,-1188,-1183,-1178,-1164,-1155,-1146,-1139,-1132,-1128,-1121,-1114,-1102,-1096,-1079,-1061,-1054,-1049,-1039,-1028,-1021,-1012,-1006,-996,-988,-979,-971,-962,-954,-945,-938,-929,-921,-912,-905,-896,-888,-880,-873,-868,-856,-845,-824,-812,-804,-795,-790,-779,-771,-762,-756,-746,-738,-729,-712,-704,-695,-688,-681,-255541	255543	N\A	N\A	N\A	N\A	-200	200	-200	200	0.03	-5	0	0	-1	-10000	-10000	-10000	3	2000	1	N\A	-10000	4	1.17632	0	8.3447	N\A	-10000	92	MAP 1-2
P	0	19	0	-11.3164	-75.5439	-0.0293651	2.83018	0.0550034	-1.5799	7.563	92.601	-37	-10000	0	4	1	A	0	18061	0	1.72522	-1	0	0	-10000	-1995,-1987,-1978,-1972,-1962,-1955,-1945,-1937,-1928,-1921,-1911,-1904,-1896,-1887,-1878,-1870,-1861,-1855,-1845,-1837,-1828,-1821,-1812,-1805,-1796,-1787,-1778,-1771,-1761,-1755,-1745,-1740,-1729,-1722,-1712,-1695,-1689,-1679,-1661,-1645,-1627,-1622,-1612,-1604,-1595,-1590,-1579,-1561,-1548,-1543,-1538,-1528,-1510,-1495,-1487,-1482,-1477,-1463,-1454,-1445,-1438,-1431,-1427,-1420,-1413,-1401,-1395,-1378,-1360,-1353,-1348,-1338,-1327,-1320,-1311,-1305,-1295,-1287,-1278,-1270,-1261,-1253,-1244,-1237,-1228,-1220,-1211,-1204,-1195,-1187,-1179,-1172,-1167,-1155,-1144,-1123,-1111,-1103,-1094,-1089,-1078,-1070,-1061,-1055,-1045,-1037,-1028,-1011,-1003,-994,-987,-980,-973,-961,-955,-944,-938,-929,-922,-911,-905,-895,-888,-878,-861,-855,-845,-838,-828,-821,-811,-805,-795,-788,-778,-771,-761,-753,-745,-738,-728,-720,-711,-705,-695,-688,-255840	255842	N\A	N\A	N\A	N\A	-200	200	-200	200	0.03	-5	0	0	-1	-10000	-10000	-10000	3	2000	1	N\A	-10000	32	0.168443	0	13.7316	N\A	-10000	92	MAP 1-2
P	0	20	0	-11.0936	-75.7452	0.54524	2.70205	0.0943361	-1.57404	8.673	92.52	8	-10000	0	4	1	A	0	18061	0	1.31914	-1	0	0	-10000	-2000,-1993,-1986,-1982,-1975,-1968,-1956,-1950,-1933,-1915,-1908,-1903,-1893,-1882,-1875,-1866,-1860,-1850,-1842,-1833,-1825,-1816,-1808,-1799,-1792,-1783,-1775,-1766,-1759,-1750,-1742,-1734,-1727,-1722,-1710,-1699,-1678,-1666,-1658,-1649,-1644,-1633,-1625,-1616,-1610,-1600,-1592,-1583,-1566,-1558,-1549,-1542,-1535,-1528,-1516,-1510,-1499,-1493,-1484,-1477,-1466,-1460,-1450,-1443,-1433,-1416,-1410,-1400,-1393,-1383,-1376,-1366,-1360,-1350,-1343,-1333,-1326,-1316,-1308,-1300,-1293,-1283,-1275,-1266,-1260,-1250,-1243,-1235,-1217,-1211,-1199,-1194,-1184,-1170,-1152,-1142,-1135,-1132,-1116,-1108,-1099,-1083,-1075,-1065,-1060,-1049,-1042,-1033,-1026,-1016,-1008,-999,-993,-983,-975,-966,-958,-949,-943,-933,-925,-916,-910,-899,-891,-883,-876,-866,-859,-849,-844,-834,-825,-816,-810,-801,-783,-774,-768,-759,-750,-742,-733,-725,-716,-699,-256395	256397	N\A	N\A	N\A	N\A	-200	200	-200	200	0.03	-5	0	0	-1	-10000	-10000	-10000	3	2000	1	N\A	-10000	45	0.648355	0	11.0655	N\A	-10000	92	MAP 1-2
P	0	21	0	-10.9718	-75.795	0.602691	2.68034	0.0971112	-1.57505	6.129	92.457	-193	-10000	0	4	1	A	0	18061	0	1.2286	-1	0	0	-10000	-1987,-1975,-1967,-1958,-1953,-1942,-1934,-1925,-1919,-1909,-1901,-1892,-1875,-1867,-1858,-1851,-1844,-1837,-1825,-1819,-1808,-1802,-1793,-1786,-1775,-1769,-1759,-1752,-1742,-1725,-1719,-1709,-1702,-1692,-1685,-1675,-1669,-1659,-1652,-1642,-1635,-1625,-1617,-1609,-1602,-1592,-1584,-1575,-1569,-1559,-1552,-1544,-1526,-1520,-1508,-1503,-1493,-1479,-1461,-1451,-1444,-1441,-1425,-1417,-1408,-1392,-1384,-1374,-1369,-1358,-1351,-1342,-1335,-1325,-1317,-1308,-1302,-1292,-1284,-1275,-1267,-1258,-1252,-1242,-1234,-1225,-1219,-1208,-1200,-1192,-1185,-1175,-1168,-1158,-1153,-1143,-1134,-1125,-1119,-1110,-1092,-1083,-1077,-1068,-1059,-1051,-1042,-1034,-1025,-1008,-994,-969,-958,-950,-943,-935,-925,-917,-910,-901,-891,-884,-875,-867,-858,-852,-842,-834,-825,-817,-808,-802,-792,-785,-779,-773,-759,-752,-741,-735,-726,-719,-708,-700,-692,-685,-256704	256706	N\A	N\A	N\A	N\A	-200	200	-200	200	0.03	-5	0	0	-1	-10000	-10000	-10000	3	2000	1	N\A	-10000	201	0.143535	0	24.4901	N\A	-10000	92	MAP 1-2
P	0	22	0	-10.9197	-75.7901	0.574337	2.67846	0.0969636	-1.57454	7.623	93.456	51	-10000	0	4	1	A	0	18061	0	1.37055	-1	0	0	-10000	-1991,-1984,-1974,-1968,-1958,-1951,-1941,-1934,-1924,-1916,-1908,-1901,-1891,-1883,-1874,-1868,-1858,-1851,-1843,-1825,-1819,-1807,-1802,-1792,-1778,-1760,-1750,-1743,-1740,-1724,-1716,-1707,-1691,-1683,-1673,-1668,-1657,-1650,-1641,-1634,-1624,-1616,-1607,-1601,-1591,-1583,-1574,-1566,-1557,-1551,-1541,-1533,-1524,-1518,-1507,-1499,-1491,-1484,-1474,-1467,-1457,-1452,-1442,-1433,-1424,-1418,-1409,-1391,-1382,-1376,-1367,-1358,-1350,-1341,-1333,-1324,-1307,-1293,-1268,-1257,-1249,-1242,-1234,-1224,-1216,-1209,-1200,-1190,-1183,-1174,-1166,-1157,-1151,-1141,-1133,-1124,-1116,-1107,-1101,-1091,-1084,-1078,-1072,-1058,-1051,-1040,-1034,-1025,-1018,-1007,-999,-991,-984,-974,-966,-957,-951,-941,-933,-924,-916,-907,-900,-890,-884,-874,-866,-857,-849,-840,-833,-824,-816,-807,-799,-790,-783,-774,-767,-757,-750,-740,-732,-724,-717,-707,-257003	257005	N\A	N\A	N\A	N\A	-200	200	-200	200	0.03	-5	0	0	-1	-10000	-10000	-10000	3	2000	1	N\A	-10000	243	0.0595204	0	2.5782	N\A	-10000	92	MAP 1-2
P	0	23	0	-10.9695	-75.735	0.534951	2.6736	0.100503	-1.56391	12.843	92.031	143	-10000	0	4	1	A	0	18061	0	1.873	-1	0	0	-10000	-1998,-1990,-1982,-1975,-1965,-1958,-1948,-1943,-1933,-1924,-1915,-1909,-1900,-1882,-1873,-1867,-1858,-1849,-1841,-1832,-1824,-1815,-1798,-1784,-1759,-1748,-1740,-1733,-1725,-1715,-1707,-1700,-1691,-1681,-1674,-1665,-1657,-1648,-1642,-1632,-1624,-1615,-1607,-1598,-1592,-1582,-1575,-1569,-1563,-1549,-1542,-1531,-1525,-1516,-1509,-1498,-1490,-1482,-1475,-1465,-1457,-1448,-1442,-1432,-1424,-1415,-1407,-1398,-1391,-1381,-1375,-1365,-1357,-1348,-1340,-1331,-1324,-1315,-1307,-1298,-1290,-1281,-1274,-1265,-1258,-1248,-1241,-1231,-1223,-1215,-1208,-1198,-1190,-1181,-1175,-1165,-1157,-1148,-1141,-1131,-1125,-1115,-1107,-1098,-1091,-1081,-1075,-1065,-1048,-1041,-1034,-1030,-1025,-1015,-1009,-998,-992,-983,-973,-965,-955,-947,-941,-931,-924,-915,-904,-899,-892,-874,-865,-858,-848,-840,-832,-825,-814,-805,-792,-781,-774,-764,-759,-748,-742,-731,-257494	257496	N\A	N\A	N\A	N\A	-200	200	-200	200	0.03	-5	0	0	-1	-10000	-10000	-10000	3	2000	1	N\A	-10000	92	0.0840273	0	8.06696	N\A	-10000	92	MAP 1-2
P	0	24	0	-10.9214	-75.7885	0.623268	2.64254	0.109628	-1.5527	12.843	92.295	-155	-10000	0	4	1	A	0	18061	0	1.873	-1	0	0	-10000	-1998,-1989,-1979,-1972,-1963,-1955,-1946,-1940,-1930,-1922,-1913,-1905,-1896,-1890,-1880,-1873,-1867,-1861,-1847,-1840,-1829,-1823,-1814,-1807,-1796,-1788,-1780,-1773,-1763,-1755,-1746,-1740,-1730,-1722,-1713,-1705,-1696,-1689,-1679,-1673,-1663,-1655,-1646,-1638,-1629,-1622,-1613,-1605,-1596,-1588,-1579,-1572,-1563,-1556,-1546,-1539,-1529,-1521,-1513,-1506,-1496,-1488,-1479,-1473,-1463,-1455,-1446,-1439,-1429,-1423,-1413,-1405,-1396,-1389,-1379,-1373,-1363,-1346,-1339,-1332,-1328,-1323,-1313,-1307,-1296,-1290,-1281,-1271,-1263,-1253,-1245,-1239,-1229,-1222,-1213,-1202,-1197,-1190,-1172,-1163,-1156,-1146,-1138,-1130,-1123,-1112,-1103,-1090,-1079,-1072,-1062,-1057,-1046,-1040,-1029,-1024,-1015,-1005,-995,-981,-977,-973,-962,-939,-929,-912,-906,-896,-888,-879,-873,-863,-855,-849,-845,-828,-817,-813,-802,-789,-781,-773,-762,-756,-747,-738,-257792	257794	N\A	N\A	N\A	N\A	-200	200	-200	200	0.03	-5	0	0	-1	-10000	-10000	-10000	3	2000	1	N\A	-10000	298	0.113933	0	8.06696	N\A	-10000	92	MAP 1-2
P	0	25	0	-10.3373	-75.9521	0.784414	2.59816	0.117949	-1.55183	9.024	91.56	177	-10000	0	4	1	A	0	18061	0	1.60774	-1	0	0	-10000	-1998,-1990,-1981,-1974,-1965,-1957,-1948,-1940,-1931,-1924,-1915,-1908,-1898,-1891,-1881,-1873,-1865,-1858,-1848,-1840,-1831,-1825,-1815,-1807,-1798,-1791,-1781,-1775,-1765,-1757,-1748,-1741,-1731,-1725,-1715,-1698,-1691,-1684,-1680,-1675,-1665,-1659,-1648,-1642,-1633,-1623,-1615,-1605,-1597,-1591,-1581,-1574,-1565,-1554,-1549,-1542,-1524,-1515,-1508,-1498,-1490,-1482,-1475,-1464,-1455,-1442,-1431,-1424,-1414,-1409,-1398,-1392,-1381,-1376,-1367,-1357,-1347,-1333,-1329,-1325,-1314,-1291,-1281,-1264,-1258,-1248,-1240,-1231,-1225,-1215,-1207,-1201,-1197,-1180,-1169,-1165,-1154,-1141,-1133,-1125,-1114,-1108,-1099,-1090,-1081,-1074,-1064,-1057,-1048,-1040,-1031,-1024,-1014,-1007,-998,-991,-981,-974,-964,-956,-948,-941,-931,-923,-914,-907,-898,-891,-881,-873,-864,-858,-848,-841,-831,-824,-814,-807,-798,-791,-781,-773,-764,-758,-748,-740,-258144	258146	N\A	N\A	N\A	N\A	-200	200	-200	200	0.03	-5	0	0	-1	-10000	-10000	-10000	3	2000	1	N\A	-10000	332	0.627597	0	5.4819	N\A	-10000	92	MAP 1-2
P	0	26	0	-9.20363	-76.0392	0.845306	2.58755	0.117513	-1.55604	9.633	91.227	-78	-10000	0	4	1	A	0	18061	0	1.60774	-1	0	0	-10000	-1996,-1986,-1980,-1970,-1953,-1946,-1939,-1935,-1930,-1920,-1914,-1903,-1897,-1888,-1878,-1870,-1860,-1852,-1846,-1836,-1829,-1820,-1809,-1804,-1797,-1779,-1770,-1763,-1753,-1745,-1737,-1730,-1719,-1710,-1697,-1686,-1679,-1669,-1664,-1653,-1647,-1636,-1631,-1622,-1612,-1602,-1588,-1584,-1580,-1569,-1546,-1536,-1519,-1513,-1503,-1495,-1486,-1480,-1470,-1462,-1456,-1452,-1435,-1424,-1420,-1409,-1396,-1388,-1380,-1369,-1363,-1354,-1345,-1336,-1329,-1319,-1312,-1303,-1295,-1286,-1279,-1269,-1262,-1253,-1246,-1236,-1229,-1219,-1211,-1203,-1196,-1186,-1178,-1169,-1162,-1153,-1146,-1136,-1128,-1119,-1113,-1103,-1096,-1086,-1079,-1069,-1062,-1053,-1046,-1036,-1028,-1019,-1013,-1003,-995,-986,-979,-969,-963,-953,-945,-936,-929,-919,-912,-903,-896,-886,-878,-869,-862,-853,-845,-836,-829,-819,-812,-803,-795,-786,-779,-769,-762,-753,-745,-738,-258399	258401	N\A	N\A	N\A	N\A	-200	200	-200	200	0.03	-5	0	0	-1	-10000	-10000	-10000	3	2000	1	N\A	-10000	254	1.13862	0	5.4819	N\A	-10000	92	MAP 1-2
P	0	27	0	-7.18097	-76.1549	0.869338	2.58708	0.118789	-1.55247	12.891	89.988	19	-10000	0	4	1	A	0	18061	0	1.92951	-1	0	0	-10000	-2000,-1989,-1984,-1975,-1965,-1955,-1941,-1937,-1933,-1922,-1899,-1889,-1872,-1866,-1856,-1848,-1839,-1833,-1823,-1815,-1809,-1805,-1788,-1777,-1773,-1762,-1749,-1741,-1733,-1722,-1716,-1707,-1698,-1689,-1682,-1672,-1665,-1656,-1648,-1639,-1632,-1622,-1615,-1606,-1599,-1589,-1582,-1572,-1564,-1556,-1549,-1539,-1531,-1522,-1515,-1506,-1499,-1489,-1481,-1472,-1466,-1456,-1449,-1439,-1432,-1422,-1415,-1406,-1399,-1389,-1381,-1372,-1366,-1356,-1348,-1339,-1332,-1322,-1316,-1306,-1298,-1289,-1282,-1272,-1265,-1256,-1249,-1239,-1231,-1222,-1215,-1206,-1198,-1189,-1182,-1172,-1165,-1156,-1148,-1139,-1132,-1122,-1115,-1106,-1098,-1091,-1083,-1070,-1066,-1057,-1050,-1039,-1033,-1024,-1016,-1007,-998,-989,-982,-972,-965,-960,-956,-950,-942,-933,-923,-916,-906,-898,-891,-882,-873,-866,-855,-848,-839,-833,-822,-816,-806,-799,-789,-782,-772,-766,-258752	258754	N\A	N\A	N\A	N\A	-200	200	-200	200	0.03	-5	0	0	-1	-10000	-10000	-10000	3	2000	1	N\A	-10000	97	2.02611	0	8.4324	N\A	-10000	92	MAP 1-2
P	0	28	0	-4.86303	-76.3112	0.853408	2.59593	0.122806	-1.54293	6.567	90.765	-24	-10000	0	4	1	A	0	18061	0	1.41683	-1	0	0	-10000	-1999,-1992,-1982,-1975,-1965,-1957,-1949,-1942,-1932,-1924,-1915,-1908,-1899,-1892,-1882,-1874,-1865,-1859,-1849,-1842,-1832,-1825,-1815,-1808,-1799,-1792,-1782,-1774,-1765,-1759,-1749,-1741,-1732,-1725,-1715,-1709,-1699,-1691,-1682,-1675,-1665,-1658,-1649,-1642,-1632,-1624,-1615,-1608,-1599,-1591,-1582,-1575,-1565,-1558,-1549,-1541,-1532,-1525,-1515,-1508,-1499,-1491,-1484,-1476,-1463,-1459,-1450,-1443,-1432,-1426,-1417,-1409,-1400,-1391,-1382,-1375,-1365,-1358,-1353,-1349,-1343,-1335,-1326,-1316,-1309,-1299,-1291,-1284,-1275,-1266,-1259,-1248,-1241,-1232,-1226,-1215,-1209,-1199,-1192,-1182,-1175,-1165,-1159,-1149,-1142,-1132,-1124,-1115,-1109,-1099,-1092,-1084,-1076,-1065,-1060,-1049,-1044,-1032,-1026,-1016,-1010,-999,-992,-982,-974,-965,-959,-949,-941,-932,-926,-919,-914,-899,-891,-882,-875,-865,-848,-841,-831,-824,-814,-799,-792,-782,-259145	259147	N\A	N\A	N\A	N\A	-200	200	-200	200	0.03	-5	0	0	-1	-10000	-10000	-10000	3	2000	1	N\A	-10000	43	2.32326	0	8.65636	N\A	-10000	92	MAP 1-2
P	0	29	0	-2.98377	-76.4408	0.833632	2.61582	0.122654	-1.53768	11.805	89.133	165	-10000	0	4	1	A	0	18061	0	1.69688	-1	0	0	-10000	-1992,-1985,-1975,-1968,-1959,-1952,-1942,-1934,-1925,-1918,-1909,-1901,-1892,-1885,-1875,-1868,-1859,-1851,-1842,-1835,-1825,-1818,-1809,-1801,-1794,-1786,-1773,-1769,-1760,-1753,-1742,-1736,-1727,-1719,-1710,-1701,-1692,-1685,-1675,-1668,-1663,-1659,-1653,-1645,-1636,-1626,-1619,-1609,-1601,-1594,-1585,-1576,-1569,-1558,-1551,-1542,-1536,-1525,-1519,-1509,-1502,-1492,-1485,-1475,-1469,-1459,-1452,-1442,-1434,-1425,-1419,-1409,-1402,-1394,-1386,-1375,-1370,-1359,-1354,-1342,-1336,-1326,-1320,-1309,-1302,-1292,-1284,-1275,-1269,-1259,-1251,-1242,-1236,-1229,-1224,-1209,-1201,-1192,-1185,-1175,-1158,-1151,-1141,-1134,-1124,-1109,-1102,-1092,-1085,-1075,-1067,-1058,-1050,-1042,-1034,-1025,-1017,-1008,-1001,-992,-985,-975,-968,-958,-952,-942,-934,-925,-917,-908,-901,-892,-885,-875,-868,-858,-851,-842,-835,-825,-817,-808,-802,-792,-784,-775,-259455	259457	N\A	N\A	N\A	N\A	-200	200	-200	200	0.03	-5	0	0	-1	-10000	-10000	-10000	3	2000	1	N\A	-10000	189	1.88384	0	12.2692	N\A	-10000	92	MAP 1-2
P	0	30	0	-1.75624	-76.5289	0.832772	2.62973	0.121119	-1.53568	11.844	88.17	-72	-10000	0	4	1	A	0	18061	0	1.69688	-1	0	0	-10000	-1997,-1990,-1979,-1973,-1964,-1956,-1947,-1938,-1929,-1922,-1912,-1905,-1900,-1896,-1890,-1882,-1873,-1863,-1856,-1846,-1838,-1831,-1822,-1813,-1806,-1795,-1788,-1779,-1773,-1762,-1756,-1746,-1739,-1729,-1722,-1712,-1706,-1696,-1689,-1679,-1671,-1662,-1656,-1646,-1639,-1631,-1623,-1612,-1607,-1596,-1591,-1579,-1573,-1563,-1557,-1546,-1539,-1529,-1521,-1512,-1506,-1496,-1488,-1479,-1473,-1466,-1461,-1446,-1438,-1429,-1422,-1412,-1395,-1388,-1378,-1371,-1361,-1346,-1339,-1329,-1322,-1312,-1304,-1295,-1287,-1279,-1271,-1262,-1254,-1245,-1238,-1229,-1222,-1212,-1205,-1195,-1189,-1179,-1171,-1162,-1154,-1145,-1138,-1129,-1122,-1112,-1105,-1095,-1088,-1079,-1072,-1062,-1054,-1045,-1039,-1029,-1021,-1012,-1005,-995,-988,-979,-972,-962,-955,-945,-939,-929,-921,-912,-905,-898,-889,-878,-871,-860,-856,-846,-839,-828,-822,-813,-805,-795,-781,-769,-259692	259694	N\A	N\A	N\A	N\A	-200	200	-200	200	0.03	-5	0	0	-1	-10000	-10000	-10000	3	2000	1	N\A	-10000	236	1.23068	0	12.2692	N\A	-10000	92	MAP 1-2
P	0	31	0	-0.178306	-76.651	0.830639	2.64202	0.120696	-1.53132	5.94	84.582	-17	-10000	0	4	1	A	0	18061	0	0.917492	-1	0	0	-10000	-1993,-1985,-1974,-1969,-1958,-1953,-1941,-1935,-1925,-1919,-1908,-1901,-1891,-1883,-1874,-1868,-1858,-1850,-1841,-1835,-1828,-1823,-1808,-1800,-1791,-1784,-1774,-1757,-1750,-1740,-1733,-1723,-1708,-1701,-1691,-1684,-1674,-1666,-1657,-1649,-1641,-1633,-1624,-1616,-1607,-1600,-1591,-1584,-1574,-1567,-1557,-1551,-1541,-1533,-1524,-1516,-1507,-1500,-1491,-1484,-1474,-1467,-1457,-1450,-1441,-1434,-1424,-1416,-1407,-1401,-1391,-1383,-1374,-1367,-1357,-1350,-1341,-1334,-1324,-1317,-1307,-1301,-1291,-1283,-1274,-1267,-1260,-1251,-1240,-1233,-1222,-1218,-1208,-1201,-1190,-1184,-1175,-1167,-1157,-1143,-1131,-1123,-1099,-1090,-1073,-1067,-1057,-1051,-1040,-1032,-1024,-1016,-1008,-1001,-985,-974,-966,-957,-950,-942,-933,-924,-907,-902,-890,-883,-874,-866,-857,-849,-843,-838,-834,-823,-817,-806,-791,-781,-773,-768,-758,-751,-740,-724,-718,-707,-260054	260056	N\A	N\A	N\A	N\A	-200	200	-200	200	0.03	-5	0	0	-1	-10000	-10000	-10000	3	2000	1	N\A	-10000	55	1.58265	0	11.0611	N\A	-10000	92	MAP 1-2
P	0	32	0	1.08132	-76.7564	0.81253	2.64927	0.122366	-1.5251	10.665	87.219	80	-10000	0	4	1	A	0	18061	0	1.92051	-1	0	0	-10000	-1996,-1989,-1979,-1972,-1962,-1954,-1945,-1937,-1929,-1921,-1912,-1904,-1895,-1888,-1879,-1872,-1862,-1855,-1845,-1839,-1829,-1821,-1812,-1804,-1795,-1788,-1779,-1772,-1762,-1755,-1745,-1738,-1729,-1722,-1712,-1704,-1695,-1689,-1679,-1671,-1662,-1655,-1645,-1638,-1629,-1622,-1612,-1605,-1595,-1589,-1579,-1571,-1562,-1555,-1548,-1539,-1528,-1521,-1510,-1506,-1496,-1489,-1478,-1472,-1463,-1455,-1445,-1431,-1419,-1411,-1387,-1378,-1361,-1355,-1345,-1339,-1328,-1320,-1312,-1304,-1296,-1289,-1273,-1262,-1254,-1245,-1238,-1230,-1221,-1212,-1195,-1190,-1178,-1171,-1162,-1154,-1145,-1137,-1131,-1126,-1122,-1111,-1105,-1094,-1079,-1069,-1061,-1056,-1046,-1039,-1028,-1012,-1006,-995,-978,-970,-962,-954,-945,-937,-928,-922,-912,-895,-887,-878,-870,-861,-855,-845,-837,-832,-828,-823,-812,-795,-789,-778,-770,-761,-747,-744,-737,-728,-722,-712,-260342	260344	N\A	N\A	N\A	N\A	-200	200	-200	200	0.03	-5	0	0	-1	-10000	-10000	-10000	3	2000	1	N\A	-10000	97	1.26415	0	0.917191	N\A	-10000	92	MAP 1-2
P	0	33	0	2.66928	-76.8625	0.807222	2.65884	0.125491	-1.51644	10.404	81.354	167	-10000	0	4	1	A	0	18061	0	1.94851	-1	0	0	-10000	-1992,-1985,-1975,-1968,-1959,-1952,-1942,-1935,-1925,-1919,-1909,-1901,-1892,-1885,-1878,-1869,-1858,-1851,-1840,-1836,-1826,-1819,-1808,-1802,-1793,-1785,-1775,-1761,-1749,-1741,-1717,-1708,-1691,-1685,-1675,-1669,-1658,-1650,-1642,-1634,-1626,-1619,-1603,-1592,-1584,-1575,-1568,-1560,-1551,-1542,-1525,-1520,-1508,-1501,-1492,-1484,-1475,-1467,-1461,-1456,-1452,-1441,-1435,-1424,-1409,-1399,-1391,-1386,-1376,-1369,-1358,-1342,-1336,-1325,-1308,-1300,-1292,-1284,-1275,-1267,-1258,-1252,-1242,-1225,-1217,-1208,-1200,-1191,-1185,-1175,-1167,-1162,-1158,-1153,-1142,-1125,-1119,-1108,-1100,-1091,-1077,-1074,-1067,-1058,-1052,-1042,-1034,-1025,-1017,-1008,-1001,-992,-984,-975,-967,-958,-951,-942,-935,-923,-908,-902,-891,-875,-869,-858,-853,-841,-836,-825,-808,-802,-791,-784,-774,-767,-758,-750,-741,-735,-725,-718,-708,-702,-692,-684,-260672	260674	N\A	N\A	N\A	N\A	-200	200	-200	200	0.03	-5	0	0	-1	-10000	-10000	-10000	3	2000	1	N\A	-10000	87	1.59152	0	3.20831	N\A	-10000	92	MAP 1-2
P	0	34	0	5.8599	-77.0959	0.766851	2.66488	0.135647	-1.50197	7.533	75.021	127	-10000	0	4	1	A	0	18061	0	1.40971	-1	0	0	-10000	-1997,-1989,-1984,-1980,-1975,-1964,-1947,-1941,-1930,-1922,-1913,-1899,-1896,-1889,-1880,-1874,-1864,-1856,-1847,-1839,-1830,-1823,-1814,-1806,-1797,-1789,-1780,-1773,-1764,-1757,-1745,-1730,-1724,-1713,-1697,-1691,-1680,-1675,-1663,-1658,-1647,-1630,-1624,-1613,-1606,-1596,-1589,-1580,-1572,-1563,-1557,-1547,-1540,-1530,-1524,-1514,-1506,-1497,-1489,-1480,-1472,-1463,-1457,-1447,-1440,-1430,-1424,-1413,-1408,-1404,-1399,-1389,-1381,-1372,-1365,-1356,-1347,-1339,-1330,-1322,-1313,-1306,-1297,-1289,-1280,-1273,-1263,-1247,-1240,-1230,-1222,-1213,-1206,-1197,-1189,-1180,-1163,-1155,-1148,-1141,-1130,-1122,-1113,-1105,-1096,-1091,-1080,-1072,-1063,-1055,-1047,-1039,-1030,-1023,-1013,-1006,-997,-989,-980,-972,-963,-956,-947,-939,-930,-924,-914,-896,-890,-881,-863,-857,-847,-838,-829,-824,-813,-806,-796,-790,-780,-772,-763,-757,-747,-740,-261494	261496	N\A	N\A	N\A	N\A	-200	200	-200	200	0.03	-5	0	0	-1	-10000	-10000	-10000	3	2000	1	N\A	-10000	217	1.26134	0	11.2766	N\A	-10000	92	MAP 1-2
P	0	35	0	6.97039	-77.2758	0.765965	2.67318	0.130635	-1.4939	8.58	76.08	-106	-10000	0	4	1	A	0	18061	0	1.40971	-1	0	0	-10000	-1997,-1990,-1978,-1963,-1957,-1946,-1930,-1924,-1913,-1908,-1896,-1891,-1880,-1863,-1857,-1846,-1839,-1829,-1822,-1813,-1805,-1796,-1790,-1780,-1773,-1763,-1757,-1747,-1739,-1730,-1722,-1713,-1705,-1696,-1690,-1680,-1673,-1663,-1657,-1646,-1641,-1637,-1632,-1622,-1614,-1605,-1598,-1589,-1580,-1572,-1563,-1555,-1546,-1539,-1530,-1522,-1513,-1506,-1496,-1480,-1473,-1463,-1455,-1446,-1439,-1430,-1422,-1413,-1396,-1388,-1381,-1374,-1363,-1355,-1346,-1338,-1329,-1324,-1313,-1305,-1296,-1288,-1280,-1272,-1263,-1256,-1246,-1239,-1230,-1222,-1213,-1205,-1196,-1189,-1180,-1172,-1163,-1157,-1147,-1129,-1123,-1114,-1096,-1090,-1080,-1071,-1062,-1057,-1046,-1039,-1029,-1023,-1013,-1005,-996,-990,-980,-973,-963,-946,-940,-930,-922,-912,-907,-896,-888,-879,-872,-863,-855,-846,-829,-823,-812,-807,-796,-789,-779,-773,-763,-755,-746,-739,-729,-723,-261727	261729	N\A	N\A	N\A	N\A	-200	200	-200	200	0.03	-5	0	0	-1	-10000	-10000	-10000	3	2000	1	N\A	-10000	233	1.12496	0	11.2766	N\A	-10000	92	MAP 1-2
P	0	36	0	8.8455	-77.4645	0.760387	2.69619	0.126375	-1.48172	18.672	78.459	160	-10000	0	4	1	A	0	18061	0	3.33884	-1	0	0	-10000	-1997,-1989,-1980,-1972,-1963,-1957,-1947,-1940,-1930,-1924,-1913,-1908,-1904,-1899,-1889,-1881,-1872,-1865,-1856,-1847,-1839,-1830,-1822,-1813,-1806,-1797,-1789,-1780,-1773,-1763,-1747,-1740,-1730,-1722,-1713,-1706,-1697,-1689,-1680,-1663,-1655,-1648,-1641,-1630,-1622,-1613,-1605,-1596,-1591,-1580,-1572,-1563,-1555,-1547,-1539,-1530,-1523,-1513,-1506,-1497,-1489,-1480,-1472,-1463,-1456,-1447,-1439,-1430,-1424,-1414,-1396,-1390,-1381,-1363,-1357,-1347,-1338,-1329,-1324,-1313,-1306,-1296,-1290,-1280,-1272,-1263,-1257,-1247,-1240,-1230,-1213,-1207,-1197,-1189,-1179,-1174,-1163,-1155,-1146,-1139,-1130,-1122,-1113,-1096,-1090,-1079,-1074,-1063,-1056,-1046,-1040,-1030,-1022,-1013,-1006,-996,-990,-980,-972,-963,-955,-946,-940,-930,-922,-913,-906,-896,-890,-880,-874,-863,-846,-840,-830,-813,-805,-791,-781,-772,-762,-757,-746,-739,-730,-723,-261994	261996	N\A	N\A	N\A	N\A	-200	200	-200	200	0.03	-5	0	0	-1	-10000	-10000	-10000	3	2000	1	N\A	-10000	266	1.88459	0	11.5129	N\A	-10000	92	MAP 1-2
P	0	37	0	12.0387	-77.6771	0.643441	2.74964	0.120267	-1.46274	22.923	80.484	178	-10000	0	4	1	A	0	18061	0	3.49728	-1	0	0	-10000	-1997,-1989,-1980,-1963,-1955,-1948,-1941,-1930,-1922,-1913,-1905,-1896,-1891,-1880,-1872,-1863,-1855,-1847,-1839,-1830,-1823,-1813,-1806,-1797,-1789,-1780,-1772,-1763,-1756,-1747,-1739,-1730,-1724,-1714,-1696,-1690,-1681,-1663,-1657,-1647,-1638,-1629,-1624,-1613,-1606,-1596,-1590,-1580,-1572,-1563,-1557,-1547,-1540,-1530,-1513,-1507,-1497,-1489,-1479,-1474,-1463,-1455,-1446,-1439,-1430,-1422,-1413,-1396,-1390,-1379,-1374,-1363,-1356,-1346,-1340,-1330,-1322,-1313,-1306,-1296,-1290,-1280,-1272,-1263,-1255,-1246,-1240,-1230,-1222,-1213,-1206,-1196,-1190,-1180,-1174,-1163,-1146,-1140,-1130,-1113,-1105,-1091,-1081,-1072,-1062,-1057,-1046,-1039,-1030,-1023,-1013,-1005,-996,-980,-973,-963,-955,-946,-939,-930,-923,-913,-905,-896,-889,-880,-872,-863,-855,-846,-838,-829,-823,-813,-805,-796,-789,-780,-773,-764,-749,-739,-729,-715,-706,-697,-262294	262296	N\A	N\A	N\A	N\A	-200	200	-200	200	0.03	-5	0	0	-1	-10000	-10000	-10000	3	2000	1	N\A	-10000	18	3.20238	0	10.345	N\A	-10000	92	MAP 1-2
P	0	38	0	15.2267	-77.8706	0.360416	2.8266	0.10309	-1.45164	15.21	83.553	119	-10000	0	4	1	A	0	18061	0	2.65691	-1	0	0	-10000	-1999,-1990,-1973,-1967,-1956,-1951,-1940,-1933,-1923,-1917,-1907,-1899,-1890,-1883,-1873,-1867,-1857,-1849,-1840,-1832,-1823,-1817,-1807,-1799,-1790,-1783,-1773,-1767,-1757,-1751,-1740,-1723,-1717,-1707,-1690,-1682,-1668,-1658,-1649,-1639,-1634,-1623,-1616,-1607,-1600,-1590,-1582,-1573,-1557,-1550,-1540,-1532,-1523,-1516,-1507,-1500,-1490,-1482,-1473,-1466,-1457,-1449,-1440,-1432,-1423,-1415,-1406,-1400,-1390,-1382,-1373,-1366,-1357,-1350,-1341,-1326,-1316,-1306,-1292,-1283,-1274,-1256,-1250,-1245,-1218,-1208,-1201,-1193,-1189,-1182,-1177,-1172,-1167,-1159,-1152,-1140,-1132,-1123,-1116,-1106,-1099,-1090,-1083,-1073,-1065,-1056,-1050,-1040,-1032,-1023,-1016,-1006,-999,-990,-982,-973,-966,-956,-950,-940,-932,-923,-915,-906,-900,-890,-882,-873,-866,-856,-849,-840,-833,-823,-816,-806,-789,-782,-773,-767,-756,-749,-740,-732,-723,-717,-262871	262873	N\A	N\A	N\A	N\A	-200	200	-200	200	0.03	-5	0	0	-1	-10000	-10000	-10000	3	2000	1	N\A	-10000	172	0.66792	0	5.29033	N\A	-10000	92	MAP 1-2
P	0	39	0	15.3205	-77.8949	0.757366	2.82935	0.0985206	-1.45812	26.565	86.043	136	-10000	0	4	1	A	0	18061	0	4.17101	-1	0	0	-10000	-1998,-1989,-1982,-1972,-1964,-1955,-1939,-1932,-1922,-1914,-1905,-1898,-1889,-1882,-1872,-1864,-1855,-1848,-1839,-1831,-1822,-1814,-1805,-1797,-1788,-1782,-1772,-1764,-1755,-1748,-1739,-1732,-1723,-1708,-1698,-1688,-1674,-1665,-1656,-1638,-1632,-1627,-1600,-1590,-1583,-1575,-1571,-1564,-1559,-1554,-1549,-1541,-1534,-1522,-1514,-1505,-1498,-1488,-1481,-1472,-1465,-1455,-1447,-1438,-1432,-1422,-1414,-1405,-1398,-1388,-1381,-1372,-1364,-1355,-1348,-1338,-1332,-1322,-1314,-1305,-1297,-1288,-1282,-1272,-1264,-1255,-1248,-1238,-1231,-1222,-1215,-1205,-1198,-1188,-1171,-1164,-1155,-1149,-1138,-1131,-1122,-1114,-1105,-1099,-1088,-1081,-1072,-1065,-1055,-1048,-1038,-1031,-1022,-1015,-1005,-997,-988,-981,-972,-964,-955,-948,-938,-931,-922,-915,-905,-898,-888,-881,-872,-865,-855,-847,-838,-831,-822,-814,-805,-798,-788,-781,-772,-765,-755,-748,-263253	263255	N\A	N\A	N\A	N\A	-200	200	-200	200	0.03	-5	0	0	-1	-10000	-10000	-10000	3	2000	1	N\A	-10000	17	0.408621	0	10.375	N\A	-10000	92	MAP 1-2
P	0	40	0	15.3982	-77.9384	1.03776	2.82236	0.097497	-1.45225	30.597	86.067	-12	-10000	0	4	1	A	0	18061	0	4.55258	-1	0	0	-10000	-1997,-1987,-1979,-1970,-1963,-1954,-1947,-1938,-1923,-1913,-1903,-1889,-1880,-1871,-1853,-1847,-1842,-1815,-1805,-1798,-1790,-1786,-1779,-1774,-1769,-1764,-1756,-1749,-1737,-1729,-1720,-1713,-1703,-1696,-1687,-1680,-1670,-1662,-1653,-1647,-1637,-1629,-1620,-1613,-1603,-1596,-1587,-1579,-1570,-1563,-1553,-1547,-1537,-1529,-1520,-1512,-1503,-1497,-1487,-1479,-1470,-1463,-1453,-1446,-1437,-1430,-1420,-1413,-1403,-1386,-1379,-1370,-1364,-1353,-1346,-1337,-1329,-1320,-1314,-1303,-1296,-1287,-1280,-1270,-1263,-1253,-1246,-1237,-1230,-1220,-1212,-1203,-1196,-1187,-1179,-1170,-1163,-1153,-1146,-1137,-1130,-1120,-1113,-1103,-1096,-1087,-1080,-1070,-1062,-1053,-1046,-1037,-1029,-1020,-1013,-1003,-996,-987,-980,-970,-963,-953,-946,-936,-929,-920,-913,-903,-886,-880,-870,-861,-853,-847,-836,-828,-819,-813,-803,-795,-786,-780,-770,-763,-753,-746,-263468	263470	N\A	N\A	N\A	N\A	-200	200	-200	200	0.03	-5	0	0	-1	-10000	-10000	-10000	3	2000	1	N\A	-10000	148	0.294172	0	10.2597	N\A	-10000	92	MAP 1-2
P	0	41	0	15.784	-78.1008	0.992844	2.80216	0.0908022	-1.41581	41.79	86.73	168	-10000	0	4	1	A	0	18061	0	6.37366	-1	0	0	-10000	-1999,-1989,-1983,-1973,-1965,-1956,-1948,-1939,-1933,-1923,-1915,-1906,-1899,-1889,-1882,-1873,-1866,-1856,-1849,-1839,-1822,-1815,-1806,-1800,-1789,-1782,-1773,-1765,-1756,-1750,-1739,-1732,-1723,-1716,-1706,-1699,-1689,-1682,-1673,-1666,-1656,-1648,-1639,-1632,-1623,-1615,-1606,-1599,-1589,-1582,-1573,-1566,-1556,-1549,-1539,-1532,-1523,-1516,-1506,-1498,-1489,-1482,-1473,-1465,-1456,-1449,-1439,-1432,-1423,-1416,-1406,-1399,-1389,-1382,-1372,-1365,-1356,-1349,-1339,-1322,-1316,-1306,-1297,-1289,-1283,-1272,-1264,-1255,-1249,-1239,-1231,-1222,-1216,-1206,-1199,-1189,-1182,-1172,-1166,-1156,-1147,-1139,-1132,-1122,-1115,-1105,-1099,-1089,-1081,-1072,-1066,-1056,-1049,-1039,-1031,-1022,-1005,-997,-988,-981,-972,-965,-955,-949,-941,-938,-932,-922,-914,-905,-900,-889,-881,-872,-865,-855,-849,-839,-832,-822,-815,-805,-799,-789,-782,-772,-263904	263906	N\A	N\A	N\A	N\A	-200	200	-200	200	0.03	-5	0	0	-1	-10000	-10000	-10000	3	2000	1	N\A	-10000	180	0.421041	0	12.1153	N\A	-10000	92	MAP 1-2
P	0	42	0	16.5919	-78.2175	0.741073	2.79757	0.0829465	-1.39093	48.708	89.772	140	-10000	0	4	1	A	0	18061	0	7.86198	-1	0	0	-10000	-1996,-1985,-1978,-1969,-1962,-1952,-1945,-1935,-1928,-1919,-1912,-1902,-1894,-1885,-1878,-1869,-1861,-1852,-1845,-1835,-1828,-1819,-1812,-1802,-1795,-1785,-1778,-1769,-1762,-1752,-1744,-1735,-1728,-1719,-1711,-1702,-1695,-1685,-1678,-1669,-1662,-1652,-1645,-1635,-1628,-1618,-1611,-1602,-1595,-1585,-1568,-1562,-1552,-1543,-1535,-1529,-1518,-1510,-1501,-1495,-1485,-1477,-1468,-1462,-1452,-1445,-1435,-1428,-1418,-1412,-1402,-1393,-1385,-1378,-1368,-1361,-1351,-1345,-1335,-1327,-1318,-1312,-1302,-1295,-1285,-1277,-1268,-1251,-1243,-1234,-1227,-1218,-1211,-1201,-1195,-1187,-1184,-1178,-1168,-1160,-1151,-1146,-1135,-1127,-1118,-1111,-1101,-1095,-1085,-1078,-1068,-1061,-1051,-1045,-1035,-1028,-1018,-1010,-1001,-995,-985,-977,-968,-961,-951,-945,-935,-928,-918,-911,-901,-895,-885,-878,-868,-861,-851,-844,-835,-828,-818,-811,-801,-795,-785,-776,-264150	264152	N\A	N\A	N\A	N\A	-200	200	-200	200	0.03	-5	0	0	-1	-10000	-10000	-10000	3	2000	1	N\A	-10000	28	0.854269	0	8.86215	N\A	-10000	92	MAP 1-2
P	0	43	0	17.8156	-78.3436	0.520074	2.80196	0.0725703	-1.36846	55.254	89.772	179	-10000	0	4	1	A	0	18061	0	8.44707	-1	0	0	-10000	-1996,-1988,-1979,-1972,-1963,-1955,-1946,-1939,-1929,-1922,-1913,-1906,-1896,-1889,-1879,-1872,-1862,-1855,-1846,-1839,-1829,-1812,-1806,-1796,-1787,-1779,-1773,-1762,-1754,-1745,-1739,-1729,-1721,-1712,-1706,-1696,-1689,-1679,-1672,-1662,-1656,-1646,-1637,-1629,-1622,-1612,-1605,-1595,-1589,-1579,-1571,-1562,-1556,-1546,-1539,-1529,-1521,-1512,-1495,-1487,-1478,-1471,-1462,-1455,-1445,-1439,-1431,-1428,-1422,-1412,-1404,-1395,-1390,-1379,-1371,-1362,-1355,-1345,-1339,-1329,-1322,-1312,-1305,-1295,-1289,-1279,-1272,-1262,-1254,-1245,-1239,-1229,-1221,-1212,-1205,-1195,-1189,-1179,-1172,-1162,-1155,-1145,-1139,-1129,-1122,-1112,-1105,-1095,-1088,-1079,-1072,-1062,-1055,-1045,-1039,-1029,-1020,-1012,-1005,-995,-989,-979,-972,-962,-954,-945,-938,-929,-922,-912,-904,-895,-889,-879,-872,-862,-855,-845,-838,-829,-822,-812,-805,-795,-788,-779,-264394	264396	N\A	N\A	N\A	N\A	-200	200	-200	200	0.03	-5	0	0	-1	-10000	-10000	-10000	3	2000	1	N\A	-10000	39	1.24988	0	12.2618	N\A	-10000	92	MAP 1-2
P	0	44	0	19.2111	-78.4727	0.3932	2.80968	0.057382	-1.34455	62.079	89.55	39	-10000	0	4	1	A	0	18061	0	10.0189	-1	0	0	-10000	-1996,-1986,-1978,-1969,-1963,-1953,-1946,-1936,-1929,-1919,-1913,-1903,-1894,-1886,-1879,-1869,-1862,-1852,-1846,-1836,-1828,-1819,-1813,-1803,-1796,-1786,-1778,-1769,-1752,-1744,-1735,-1728,-1719,-1712,-1702,-1696,-1688,-1685,-1679,-1669,-1661,-1652,-1647,-1636,-1628,-1619,-1612,-1602,-1596,-1586,-1579,-1569,-1562,-1552,-1546,-1536,-1529,-1519,-1511,-1502,-1496,-1486,-1478,-1469,-1462,-1452,-1446,-1436,-1429,-1419,-1412,-1402,-1396,-1386,-1379,-1369,-1362,-1352,-1345,-1336,-1329,-1319,-1312,-1302,-1296,-1286,-1277,-1269,-1262,-1252,-1246,-1236,-1229,-1219,-1211,-1202,-1195,-1186,-1179,-1169,-1161,-1152,-1146,-1136,-1129,-1119,-1112,-1102,-1095,-1086,-1079,-1069,-1062,-1052,-1045,-1036,-1029,-1019,-1012,-1002,-995,-986,-979,-969,-962,-952,-945,-936,-929,-919,-912,-902,-895,-886,-879,-869,-862,-852,-845,-836,-828,-819,-812,-802,-795,-786,-264651	264653	N\A	N\A	N\A	N\A	-200	200	-200	200	0.03	-5	0	0	-1	-10000	-10000	-10000	3	2000	1	N\A	-10000	140	1.40719	0	11.5614	N\A	-10000	92	MAP 1-2
P	0	45	0	20.4938	-78.5873	0.425335	2.80713	0.0414597	-1.31732	72.549	89.103	177	-10000	0	4	1	A	0	18061	0	11.2922	-1	0	0	-10000	-1997,-1991,-1981,-1974,-1964,-1957,-1947,-1941,-1931,-1924,-1914,-1906,-1897,-1891,-1881,-1873,-1864,-1857,-1847,-1841,-1831,-1824,-1814,-1807,-1797,-1791,-1781,-1774,-1764,-1757,-1747,-1740,-1731,-1724,-1714,-1707,-1697,-1691,-1681,-1672,-1664,-1657,-1647,-1641,-1631,-1624,-1614,-1606,-1597,-1590,-1581,-1574,-1564,-1556,-1547,-1541,-1531,-1524,-1514,-1507,-1497,-1490,-1481,-1474,-1464,-1457,-1447,-1440,-1431,-1424,-1414,-1407,-1397,-1390,-1381,-1374,-1364,-1357,-1347,-1340,-1331,-1324,-1314,-1307,-1297,-1290,-1281,-1274,-1264,-1257,-1247,-1240,-1231,-1223,-1214,-1207,-1197,-1190,-1181,-1173,-1164,-1157,-1147,-1140,-1131,-1124,-1114,-1106,-1097,-1090,-1081,-1073,-1064,-1057,-1047,-1040,-1031,-1024,-1014,-1007,-997,-990,-981,-974,-964,-957,-947,-940,-931,-923,-914,-907,-897,-890,-881,-874,-864,-857,-847,-841,-830,-823,-814,-806,-797,-790,-265046	265048	N\A	N\A	N\A	N\A	-200	200	-200	200	0.03	-5	0	0	-1	-10000	-10000	-10000	3	2000	1	N\A	-10000	138	1.28819	0	12.7461	N\A	-10000	92	MAP 1-2
P	0	46	0	22.1975	-78.6811	0.3973	2.81269	0.0262658	-1.2872	84.126	96.705	19	-10000	0	4	1	A	0	18061	0	13.1255	-1	0	0	-10000	-1999,-1989,-1981,-1972,-1966,-1956,-1949,-1939,-1932,-1922,-1915,-1906,-1899,-1889,-1882,-1872,-1865,-1856,-1849,-1839,-1832,-1822,-1815,-1806,-1799,-1789,-1782,-1772,-1765,-1756,-1749,-1739,-1732,-1722,-1715,-1706,-1699,-1689,-1682,-1672,-1665,-1656,-1648,-1639,-1632,-1622,-1615,-1606,-1598,-1589,-1582,-1572,-1565,-1556,-1549,-1539,-1531,-1522,-1515,-1506,-1498,-1489,-1482,-1472,-1465,-1456,-1449,-1439,-1432,-1422,-1415,-1406,-1399,-1389,-1382,-1372,-1365,-1356,-1348,-1339,-1332,-1322,-1315,-1306,-1299,-1289,-1282,-1272,-1266,-1255,-1248,-1239,-1231,-1222,-1215,-1205,-1198,-1189,-1181,-1172,-1164,-1155,-1148,-1139,-1132,-1122,-1115,-1105,-1098,-1089,-1082,-1072,-1065,-1055,-1048,-1039,-1032,-1022,-1015,-1005,-998,-989,-982,-972,-965,-955,-948,-939,-932,-922,-915,-905,-898,-889,-882,-872,-865,-855,-848,-839,-832,-822,-815,-805,-799,-789,-265471	265473	N\A	N\A	N\A	N\A	-200	200	-200	200	0.03	-5	0	0	-1	-10000	-10000	-10000	3	2000	1	N\A	-10000	158	1.70653	0	12.2078	N\A	-10000	92	MAP 1-2
P	0	47	0	23.4344	-78.7669	0.329621	2.81436	0.0183949	-1.26285	86.163	94.953	11	-10000	0	4	1	A	0	18061	0	13.6445	-1	0	0	-10000	-1997,-1989,-1980,-1973,-1963,-1956,-1947,-1939,-1930,-1923,-1913,-1906,-1897,-1890,-1880,-1872,-1863,-1856,-1847,-1839,-1830,-1823,-1813,-1806,-1797,-1790,-1780,-1773,-1763,-1756,-1747,-1740,-1730,-1723,-1713,-1706,-1697,-1689,-1680,-1673,-1663,-1656,-1647,-1640,-1630,-1623,-1613,-1607,-1596,-1589,-1580,-1572,-1563,-1556,-1546,-1539,-1530,-1522,-1513,-1505,-1496,-1489,-1480,-1473,-1463,-1456,-1446,-1439,-1430,-1423,-1413,-1406,-1396,-1389,-1380,-1373,-1363,-1356,-1346,-1339,-1330,-1323,-1313,-1306,-1296,-1289,-1280,-1273,-1263,-1256,-1246,-1239,-1230,-1223,-1213,-1206,-1196,-1189,-1180,-1173,-1163,-1156,-1146,-1140,-1130,-1122,-1113,-1106,-1096,-1089,-1080,-1072,-1063,-1056,-1046,-1039,-1030,-1023,-1013,-1006,-996,-989,-980,-972,-963,-956,-946,-939,-930,-922,-913,-906,-896,-889,-880,-873,-863,-856,-846,-839,-830,-822,-813,-806,-796,-789,-265812	265814	N\A	N\A	N\A	N\A	-200	200	-200	200	0.03	-5	0	0	-1	-10000	-10000	-10000	3	2000	1	N\A	-10000	8	1.24171	0	12.9631	N\A	-10000	92	MAP 1-2
P	0	48	0	24.2357	-78.8167	0.277514	2.81785	0.0116754	-1.24858	85.587	96.834	-193	-10000	0	4	1	A	0	18061	0	13.6445	-1	0	0	-10000	-1994,-1984,-1977,-1967,-1960,-1951,-1944,-1934,-1927,-1917,-1910,-1901,-1893,-1884,-1877,-1867,-1860,-1851,-1844,-1834,-1827,-1817,-1811,-1800,-1793,-1784,-1776,-1767,-1760,-1750,-1743,-1734,-1726,-1717,-1709,-1700,-1693,-1684,-1677,-1667,-1660,-1650,-1643,-1634,-1627,-1617,-1610,-1600,-1593,-1584,-1577,-1567,-1560,-1550,-1543,-1534,-1527,-1517,-1510,-1500,-1493,-1484,-1477,-1467,-1460,-1450,-1443,-1434,-1427,-1417,-1410,-1400,-1393,-1384,-1377,-1367,-1360,-1350,-1344,-1334,-1326,-1317,-1310,-1300,-1293,-1284,-1276,-1267,-1260,-1250,-1243,-1234,-1227,-1217,-1210,-1200,-1193,-1184,-1176,-1167,-1160,-1150,-1143,-1134,-1126,-1117,-1110,-1100,-1093,-1084,-1077,-1067,-1060,-1050,-1043,-1034,-1026,-1017,-1010,-1000,-993,-984,-976,-967,-960,-950,-943,-934,-926,-917,-910,-900,-893,-884,-876,-867,-860,-850,-843,-834,-826,-817,-810,-800,-793,-784,-266016	266018	N\A	N\A	N\A	N\A	-200	200	-200	200	0.03	-5	0	0	-1	-10000	-10000	-10000	3	2000	1	N\A	-10000	204	0.80449	0	12.9631	N\A	-10000	92	MAP 1-2
P	0	49	0	28.6642	-79.046	-0.0658908	2.87766	-0.0191457	-1.20037	9.549	98.025	-75	-10000	0	4	1	A	0	18061	0	1.37297	-1	0	0	-10000	-1995,-1985,-1977,-1968,-1961,-1951,-1944,-1935,-1927,-1918,-1911,-1901,-1894,-1885,-1878,-1868,-1861,-1851,-1844,-1835,-1827,-1818,-1811,-1801,-1794,-1785,-1777,-1768,-1761,-1751,-1744,-1735,-1728,-1718,-1711,-1701,-1694,-1685,-1677,-1668,-1661,-1651,-1644,-1635,-1627,-1618,-1611,-1601,-1594,-1585,-1577,-1568,-1561,-1551,-1544,-1535,-1527,-1518,-1511,-1501,-1494,-1485,-1477,-1468,-1461,-1451,-1444,-1435,-1427,-1418,-1411,-1401,-1394,-1385,-1377,-1368,-1361,-1351,-1344,-1335,-1327,-1318,-1311,-1301,-1294,-1285,-1277,-1268,-1261,-1251,-1244,-1235,-1227,-1218,-1211,-1201,-1194,-1185,-1177,-1168,-1161,-1151,-1144,-1135,-1127,-1118,-1111,-1101,-1094,-1084,-1077,-1068,-1061,-1051,-1044,-1034,-1027,-1018,-1011,-1001,-994,-984,-977,-968,-961,-951,-944,-934,-927,-918,-911,-901,-894,-884,-877,-868,-860,-851,-844,-834,-828,-818,-811,-800,-784,-767,-266667	266669	N\A	N\A	N\A	N\A	-200	200	-200	200	0.03	-5	0	0	-1	-10000	-10000	-10000	3	2000	1	N\A	-10000	214	1.73882	0	4.00777	N\A	-10000	92	MAP 1-2
P	0	50	0	33.5811	-79.3424	-0.301471	2.94591	-0.00980085	-1.14802	19.884	99.234	-102	-10000	0	4	1	A	0	18061	0	3.01671	-1	0	0	-10000	-1993,-1986,-1976,-1969,-1960,-1952,-1943,-1936,-1926,-1919,-1910,-1902,-1893,-1886,-1876,-1869,-1860,-1852,-1843,-1836,-1826,-1819,-1809,-1802,-1793,-1786,-1776,-1769,-1759,-1752,-1743,-1736,-1726,-1719,-1709,-1702,-1693,-1686,-1676,-1669,-1659,-1652,-1643,-1636,-1626,-1619,-1609,-1602,-1593,-1585,-1576,-1569,-1559,-1553,-1543,-1536,-1525,-1509,-1492,-1484,-1475,-1470,-1458,-1451,-1440,-1434,-1425,-1417,-1408,-1402,-1391,-1387,-1374,-1359,-1350,-1342,-1335,-1325,-1317,-1308,-1302,-1292,-1284,-1275,-1268,-1258,-1251,-1242,-1235,-1225,-1217,-1208,-1201,-1192,-1185,-1175,-1167,-1161,-1157,-1142,-1136,-1125,-1119,-1109,-1102,-1092,-1086,-1075,-1069,-1058,-1050,-1041,-1035,-1025,-1017,-1008,-1000,-992,-985,-975,-967,-958,-952,-942,-934,-925,-917,-908,-901,-892,-885,-875,-868,-858,-852,-842,-835,-825,-817,-808,-800,-792,-785,-773,-758,-752,-267392	267394	N\A	N\A	N\A	N\A	-200	200	-200	200	0.03	-5	0	0	-1	-10000	-10000	-10000	3	2000	1	N\A	-10000	27	4.93146	0	13.6862	N\A	-10000	92	MAP 1-2
P	0	51	0	37.5856	-79.667	0.275731	2.99175	-0.0307613	-1.1025	5.568	99.066	198	-10000	0	4	1	A	0	18061	0	0.865876	-1	0	0	-10000	-1995,-1988,-1978,-1971,-1961,-1954,-1945,-1937,-1928,-1921,-1911,-1905,-1895,-1888,-1877,-1861,-1844,-1836,-1827,-1822,-1810,-1803,-1792,-1786,-1777,-1769,-1760,-1754,-1743,-1739,-1726,-1711,-1702,-1694,-1687,-1677,-1669,-1660,-1654,-1644,-1636,-1627,-1620,-1610,-1603,-1594,-1587,-1577,-1569,-1560,-1553,-1544,-1537,-1527,-1519,-1513,-1509,-1494,-1488,-1477,-1471,-1461,-1454,-1444,-1438,-1427,-1421,-1410,-1402,-1393,-1387,-1377,-1369,-1360,-1352,-1344,-1337,-1327,-1319,-1310,-1304,-1294,-1286,-1277,-1269,-1260,-1253,-1244,-1237,-1227,-1220,-1210,-1204,-1194,-1187,-1177,-1169,-1160,-1152,-1144,-1137,-1125,-1110,-1104,-1093,-1077,-1071,-1060,-1055,-1044,-1038,-1027,-1017,-1010,-1004,-992,-988,-976,-972,-960,-952,-943,-938,-926,-920,-910,-904,-893,-887,-877,-869,-860,-853,-843,-836,-827,-820,-810,-802,-793,-785,-777,-770,-760,-752,-743,-267744	267746	N\A	N\A	N\A	N\A	-200	200	-200	200	0.03	-5	0	0	-1	-10000	-10000	-10000	3	2000	1	N\A	-10000	300	4.05893	0	4.61179	N\A	-10000	92	MAP 1-2
P	0	52	0	42.1296	-80.0738	0.800244	3.04672	-0.0712061	-1.05082	11.976	102.612	22	-10000	0	4	1	A	0	18061	0	2.05977	-1	0	0	-10000	-1996,-1986,-1978,-1969,-1963,-1953,-1945,-1936,-1929,-1919,-1912,-1903,-1896,-1886,-1878,-1869,-1862,-1853,-1846,-1836,-1828,-1822,-1818,-1803,-1797,-1786,-1780,-1770,-1763,-1753,-1747,-1736,-1730,-1719,-1711,-1702,-1696,-1686,-1678,-1669,-1661,-1653,-1646,-1636,-1628,-1619,-1613,-1603,-1595,-1586,-1578,-1569,-1562,-1553,-1546,-1536,-1529,-1519,-1513,-1503,-1496,-1486,-1478,-1469,-1461,-1453,-1446,-1434,-1419,-1413,-1402,-1386,-1380,-1369,-1364,-1353,-1347,-1336,-1326,-1319,-1313,-1301,-1297,-1285,-1281,-1269,-1261,-1252,-1247,-1235,-1229,-1219,-1213,-1202,-1196,-1186,-1178,-1169,-1162,-1152,-1145,-1136,-1129,-1119,-1111,-1102,-1094,-1086,-1079,-1069,-1061,-1052,-1046,-1036,-1028,-1019,-1012,-1002,-996,-986,-978,-969,-961,-952,-944,-936,-929,-919,-912,-902,-896,-886,-879,-869,-861,-852,-844,-835,-827,-819,-811,-802,-796,-785,-778,-769,-268053	268055	N\A	N\A	N\A	N\A	-200	200	-200	200	0.03	-5	0	0	-1	-10000	-10000	-10000	3	2000	1	N\A	-10000	176	4.59222	0	8.07318	N\A	-10000	92	MAP 1-2
P	0	53	0	44.0872	-80.2508	0.616536	3.07324	-0.0890346	-1.0239	9.141	103.614	82	-10000	0	4	1	A	0	18061	0	1.42101	-1	0	0	-10000	-1994,-1987,-1977,-1969,-1960,-1954,-1944,-1936,-1927,-1919,-1910,-1903,-1894,-1887,-1877,-1870,-1860,-1854,-1844,-1837,-1827,-1819,-1810,-1802,-1794,-1787,-1775,-1760,-1754,-1743,-1727,-1721,-1710,-1705,-1694,-1688,-1677,-1667,-1660,-1654,-1642,-1638,-1626,-1622,-1610,-1602,-1593,-1588,-1576,-1570,-1560,-1554,-1543,-1537,-1527,-1519,-1510,-1503,-1493,-1486,-1477,-1470,-1460,-1452,-1443,-1435,-1427,-1420,-1410,-1402,-1393,-1387,-1377,-1369,-1360,-1353,-1343,-1337,-1327,-1319,-1310,-1302,-1293,-1285,-1277,-1270,-1260,-1253,-1243,-1237,-1227,-1220,-1210,-1202,-1193,-1185,-1176,-1168,-1160,-1152,-1143,-1137,-1126,-1119,-1110,-1104,-1093,-1085,-1077,-1070,-1060,-1052,-1043,-1036,-1027,-1019,-1010,-1003,-993,-986,-977,-970,-960,-952,-943,-936,-927,-920,-912,-901,-891,-876,-869,-863,-859,-852,-844,-836,-826,-820,-810,-803,-793,-785,-776,-769,-268394	268396	N\A	N\A	N\A	N\A	-200	200	-200	200	0.03	-5	0	0	-1	-10000	-10000	-10000	3	2000	1	N\A	-10000	60	1.97413	0	4.70317	N\A	-10000	92	MAP 1-2
P	0	54	0	44.1922	-80.2604	0.398417	3.07401	-0.0869017	-1.02146	9.141	103.614	-143	-10000	0	4	1	A	0	18061	0	1.42101	-1	0	0	-10000	-2000,-1985,-1979,-1968,-1952,-1946,-1935,-1930,-1919,-1913,-1902,-1892,-1885,-1879,-1867,-1863,-1851,-1847,-1835,-1827,-1818,-1813,-1801,-1795,-1785,-1779,-1768,-1762,-1752,-1744,-1735,-1728,-1718,-1711,-1702,-1695,-1685,-1677,-1668,-1660,-1652,-1645,-1635,-1627,-1618,-1612,-1602,-1594,-1585,-1578,-1568,-1562,-1552,-1544,-1535,-1527,-1518,-1510,-1502,-1495,-1485,-1478,-1468,-1462,-1452,-1445,-1435,-1427,-1418,-1410,-1401,-1393,-1385,-1377,-1368,-1362,-1351,-1344,-1335,-1329,-1318,-1310,-1302,-1295,-1285,-1277,-1268,-1261,-1252,-1244,-1235,-1228,-1218,-1211,-1202,-1195,-1185,-1177,-1168,-1161,-1152,-1145,-1137,-1126,-1116,-1101,-1094,-1088,-1084,-1077,-1069,-1061,-1051,-1045,-1035,-1028,-1018,-1010,-1001,-994,-985,-977,-968,-961,-951,-945,-934,-929,-919,-910,-902,-896,-892,-885,-876,-868,-859,-852,-843,-835,-826,-818,-810,-801,-793,-785,-268619	268621	N\A	N\A	N\A	N\A	-200	200	-200	200	0.03	-5	0	0	-1	-10000	-10000	-10000	3	2000	1	N\A	-10000	225	0.242264	0	4.70317	N\A	-10000	92	MAP 1-2
P	0	55	0	44.2208	-80.3437	0.217949	3.02829	-0.11105	-0.987667	7.542	105.129	176	-10000	0	4	1	A	0	18061	0	1.35307	-1	0	0	-10000	-1991,-1985,-1975,-1968,-1958,-1950,-1941,-1933,-1924,-1916,-1908,-1900,-1891,-1885,-1874,-1867,-1858,-1852,-1841,-1833,-1825,-1818,-1808,-1800,-1791,-1784,-1775,-1767,-1758,-1751,-1741,-1734,-1725,-1718,-1708,-1700,-1691,-1684,-1675,-1668,-1660,-1649,-1639,-1624,-1617,-1611,-1607,-1600,-1592,-1584,-1574,-1568,-1558,-1551,-1541,-1533,-1524,-1517,-1508,-1500,-1491,-1484,-1474,-1468,-1457,-1452,-1442,-1433,-1425,-1419,-1415,-1408,-1399,-1391,-1382,-1375,-1366,-1358,-1349,-1341,-1333,-1324,-1316,-1308,-1300,-1291,-1283,-1274,-1266,-1258,-1250,-1241,-1233,-1224,-1216,-1208,-1200,-1191,-1183,-1174,-1167,-1158,-1150,-1141,-1135,-1132,-1124,-1117,-1108,-1101,-1091,-1083,-1074,-1067,-1058,-1052,-1040,-1033,-1024,-1016,-1008,-999,-991,-983,-974,-966,-958,-951,-942,-932,-927,-923,-918,-908,-902,-891,-885,-875,-868,-858,-849,-841,-834,-824,-816,-807,-269142	269144	N\A	N\A	N\A	N\A	-200	200	-200	200	0.03	-5	0	0	-1	-10000	-10000	-10000	3	2000	1	N\A	-10000	319	0.200784	0	20.215	N\A	-10000	92	MAP 1-2
P	0	56	0	44.3119	-80.4251	0.063087	2.9313	-0.155787	-0.908947	6.36	105.678	-186	-10000	0	4	1	A	0	18061	0	1.35307	-1	0	0	-10000	-1997,-1986,-1979,-1973,-1969,-1962,-1954,-1946,-1936,-1930,-1920,-1913,-1903,-1895,-1886,-1879,-1870,-1862,-1853,-1846,-1836,-1830,-1819,-1814,-1804,-1795,-1787,-1781,-1777,-1770,-1761,-1753,-1744,-1737,-1728,-1720,-1711,-1703,-1695,-1686,-1678,-1670,-1662,-1653,-1645,-1636,-1628,-1620,-1612,-1603,-1595,-1586,-1578,-1570,-1562,-1553,-1545,-1536,-1529,-1520,-1512,-1503,-1497,-1494,-1486,-1479,-1470,-1463,-1453,-1445,-1436,-1429,-1420,-1414,-1402,-1395,-1386,-1378,-1370,-1361,-1353,-1345,-1336,-1328,-1320,-1313,-1304,-1294,-1289,-1285,-1280,-1270,-1264,-1253,-1247,-1237,-1230,-1220,-1211,-1203,-1196,-1186,-1178,-1169,-1163,-1154,-1147,-1136,-1131,-1127,-1121,-1114,-1104,-1097,-1088,-1080,-1070,-1062,-1052,-1045,-1036,-1028,-1019,-1014,-1002,-998,-986,-980,-970,-962,-953,-948,-944,-935,-930,-919,-913,-903,-896,-886,-880,-869,-863,-853,-846,-836,-269504	269506	N\A	N\A	N\A	N\A	-200	200	-200	200	0.03	-5	0	0	-1	-10000	-10000	-10000	3	2000	1	N\A	-10000	362	0.197272	0	20.215	N\A	-10000	92	MAP 1-2
P	0	57	0	45.0345	-76.3718	-0.0519296	2.80588	-0.294889	-0.786896	10.161	109.701	180	-10000	0	4	1	A	0	18061	0	1.80274	-1	0	0	-10000	-1998,-1988,-1980,-1970,-1963,-1954,-1946,-1937,-1932,-1920,-1916,-1904,-1898,-1888,-1880,-1871,-1866,-1862,-1853,-1848,-1837,-1831,-1821,-1814,-1804,-1798,-1787,-1781,-1771,-1764,-1754,-1748,-1738,-1731,-1721,-1713,-1704,-1698,-1687,-1680,-1671,-1664,-1654,-1648,-1637,-1631,-1621,-1614,-1604,-1596,-1586,-1581,-1570,-1563,-1553,-1546,-1538,-1530,-1519,-1511,-1505,-1496,-1487,-1478,-1472,-1464,-1454,-1445,-1437,-1430,-1421,-1414,-1403,-1397,-1387,-1381,-1371,-1364,-1358,-1354,-1349,-1339,-1329,-1323,-1311,-1303,-1296,-1287,-1282,-1272,-1264,-1255,-1250,-1240,-1231,-1222,-1208,-1199,-1187,-1179,-1170,-1165,-1154,-1147,-1137,-1130,-1120,-1113,-1104,-1098,-1088,-1081,-1070,-1065,-1051,-1046,-1037,-1032,-1020,-1014,-1004,-996,-987,-981,-972,-963,-952,-945,-940,-931,-922,-910,-900,-888,-879,-869,-860,-855,-846,-836,-822,-817,-808,-800,-796,-790,-270422	270424	N\A	N\A	N\A	N\A	-200	200	-200	200	0.03	-5	0	0	-1	-10000	-10000	-10000	3	2000	1	N\A	-10000	25	2.21366	0	20.0582	N\A	-10000	92	MAP 1-2
P	0	58	0	45.3263	-72.9996	-0.00908899	2.81898	-0.297632	-0.795196	10.272	110.283	-193	-10000	0	4	1	A	0	18061	0	1.80274	-1	0	0	-10000	-1994,-1987,-1977,-1969,-1959,-1954,-1943,-1936,-1926,-1919,-1911,-1903,-1892,-1884,-1878,-1869,-1860,-1851,-1845,-1837,-1827,-1818,-1810,-1803,-1794,-1787,-1776,-1770,-1760,-1754,-1744,-1737,-1731,-1727,-1722,-1712,-1702,-1696,-1684,-1676,-1669,-1660,-1655,-1645,-1637,-1628,-1623,-1613,-1604,-1595,-1581,-1572,-1560,-1552,-1543,-1538,-1527,-1520,-1510,-1503,-1493,-1486,-1477,-1471,-1461,-1454,-1443,-1438,-1424,-1419,-1410,-1405,-1393,-1387,-1377,-1369,-1360,-1354,-1345,-1336,-1325,-1318,-1313,-1304,-1295,-1283,-1273,-1261,-1252,-1242,-1233,-1228,-1219,-1209,-1195,-1190,-1181,-1173,-1169,-1163,-1154,-1145,-1136,-1126,-1120,-1110,-1102,-1093,-1087,-1078,-1069,-1063,-1060,-1051,-1046,-1035,-1026,-1018,-1005,-994,-986,-977,-972,-960,-956,-951,-941,-926,-920,-910,-902,-893,-887,-877,-870,-860,-856,-844,-834,-827,-823,-810,-801,-794,-789,-785,-270795	270797	N\A	N\A	N\A	N\A	-200	200	-200	200	0.03	-5	0	0	-1	-10000	-10000	-10000	3	2000	1	N\A	-10000	373	3.38504	0	20.0582	N\A	-10000	92	MAP 1-2
P	0	59	0	45.5592	-70.302	-0.0611491	2.81999	-0.310366	-0.792044	3.219	111.648	-2	-10000	0	4	1	A	0	18061	0	0.550004	-1	0	0	-10000	-1995,-1986,-1975,-1968,-1963,-1954,-1945,-1933,-1923,-1911,-1902,-1892,-1883,-1878,-1869,-1859,-1845,-1840,-1831,-1823,-1819,-1813,-1804,-1795,-1786,-1776,-1770,-1760,-1752,-1743,-1737,-1728,-1719,-1713,-1710,-1701,-1696,-1685,-1676,-1668,-1655,-1644,-1636,-1627,-1622,-1610,-1606,-1601,-1591,-1576,-1570,-1560,-1552,-1543,-1537,-1527,-1520,-1510,-1506,-1494,-1484,-1477,-1473,-1460,-1451,-1444,-1439,-1435,-1427,-1421,-1410,-1406,-1402,-1393,-1388,-1377,-1369,-1360,-1354,-1344,-1335,-1327,-1318,-1310,-1302,-1293,-1285,-1277,-1269,-1260,-1252,-1243,-1236,-1227,-1219,-1210,-1202,-1193,-1185,-1177,-1168,-1160,-1152,-1143,-1135,-1126,-1119,-1110,-1102,-1093,-1087,-1077,-1070,-1060,-1052,-1043,-1035,-1027,-1019,-1010,-1002,-993,-985,-977,-969,-960,-953,-943,-937,-927,-919,-910,-902,-893,-885,-876,-869,-860,-854,-843,-837,-827,-819,-810,-804,-793,-271445	271447	N\A	N\A	N\A	N\A	-200	200	-200	200	0.03	-5	0	0	-1	-10000	-10000	-10000	3	2000	1	N\A	-10000	189	0.642122	0	10.5207	N\A	-10000	92	MAP 1-2
P	0	60	0	45.7084	-68.7007	-0.153225	2.8358	-0.310775	-0.79623	6.297	114.165	116	-10000	0	4	1	A	0	18061	0	1.10291	-1	0	0	-10000	-1994,-1985,-1977,-1964,-1953,-1945,-1936,-1931,-1919,-1915,-1910,-1900,-1885,-1879,-1869,-1861,-1852,-1846,-1836,-1829,-1819,-1815,-1803,-1793,-1786,-1782,-1769,-1760,-1753,-1748,-1744,-1736,-1730,-1719,-1715,-1711,-1702,-1697,-1686,-1678,-1669,-1663,-1653,-1644,-1636,-1627,-1619,-1611,-1602,-1594,-1586,-1578,-1569,-1561,-1552,-1545,-1536,-1528,-1519,-1511,-1502,-1494,-1486,-1477,-1469,-1461,-1452,-1444,-1435,-1428,-1419,-1411,-1402,-1396,-1386,-1379,-1369,-1361,-1352,-1344,-1336,-1328,-1319,-1311,-1302,-1294,-1286,-1278,-1269,-1262,-1252,-1246,-1236,-1228,-1219,-1211,-1202,-1194,-1185,-1178,-1169,-1163,-1152,-1146,-1136,-1128,-1119,-1113,-1102,-1094,-1085,-1078,-1069,-1061,-1052,-1044,-1036,-1028,-1019,-1011,-1002,-995,-986,-979,-969,-961,-952,-944,-936,-928,-919,-911,-902,-894,-886,-878,-869,-862,-852,-844,-836,-829,-819,-811,-802,-794,-271754	271756	N\A	N\A	N\A	N\A	-200	200	-200	200	0.03	-5	0	0	-1	-10000	-10000	-10000	3	2000	1	N\A	-10000	117	1.61091	0	9.07442	N\A	-10000	92	MAP 1-2
P	0	61	0	45.8269	-67.2777	-0.257979	2.85276	-0.304995	-0.803755	6.297	114.165	1	-10000	0	4	1	A	0	18061	0	1.11399	-1	0	0	-10000	-2000,-1996,-1983,-1974,-1967,-1962,-1958,-1950,-1944,-1933,-1929,-1925,-1916,-1911,-1900,-1892,-1883,-1877,-1867,-1858,-1850,-1841,-1833,-1825,-1816,-1808,-1800,-1792,-1783,-1775,-1766,-1759,-1750,-1742,-1733,-1725,-1716,-1708,-1700,-1691,-1683,-1675,-1666,-1658,-1649,-1642,-1633,-1625,-1616,-1610,-1600,-1593,-1583,-1575,-1566,-1558,-1550,-1542,-1533,-1525,-1516,-1508,-1500,-1492,-1483,-1476,-1466,-1460,-1450,-1442,-1433,-1425,-1416,-1408,-1399,-1392,-1383,-1377,-1366,-1360,-1350,-1342,-1333,-1327,-1316,-1308,-1299,-1292,-1283,-1275,-1266,-1258,-1250,-1242,-1233,-1225,-1216,-1209,-1200,-1193,-1183,-1175,-1166,-1158,-1150,-1142,-1133,-1125,-1116,-1108,-1100,-1092,-1083,-1076,-1066,-1058,-1050,-1043,-1033,-1025,-1016,-1008,-1000,-992,-983,-975,-966,-959,-950,-943,-932,-922,-919,-913,-908,-899,-878,-874,-864,-849,-843,-833,-828,-824,-816,-807,-271968	271970	N\A	N\A	N\A	N\A	-200	200	-200	200	0.03	-5	0	0	-1	-10000	-10000	-10000	3	2000	1	N\A	-10000	115	1.43177	0	18.2507	N\A	-10000	92	MAP 1-2
P	0	62	0	46.0206	-64.4583	-0.586878	2.87572	-0.294336	-0.815154	6.852	115.251	-153	-10000	0	4	1	A	0	18061	0	1.23554	-1	0	0	-10000	-1999,-1989,-1983,-1973,-1965,-1956,-1948,-1939,-1931,-1922,-1915,-1906,-1900,-1889,-1883,-1873,-1865,-1856,-1850,-1839,-1831,-1822,-1815,-1806,-1798,-1789,-1781,-1773,-1765,-1756,-1748,-1739,-1732,-1723,-1716,-1706,-1698,-1689,-1681,-1673,-1665,-1656,-1648,-1639,-1631,-1623,-1615,-1606,-1599,-1589,-1581,-1573,-1566,-1556,-1548,-1539,-1531,-1523,-1515,-1506,-1498,-1489,-1482,-1473,-1466,-1455,-1445,-1442,-1436,-1431,-1422,-1401,-1397,-1387,-1372,-1366,-1356,-1351,-1347,-1339,-1330,-1322,-1316,-1306,-1298,-1289,-1282,-1272,-1265,-1259,-1255,-1249,-1239,-1231,-1222,-1216,-1206,-1198,-1189,-1181,-1173,-1165,-1156,-1148,-1139,-1131,-1122,-1115,-1106,-1099,-1089,-1081,-1072,-1066,-1056,-1048,-1039,-1031,-1022,-1016,-1006,-998,-989,-983,-973,-966,-960,-955,-950,-940,-934,-927,-923,-918,-906,-900,-890,-885,-876,-867,-857,-848,-839,-833,-823,-816,-272491	272493	N\A	N\A	N\A	N\A	-200	200	-200	200	0.03	-5	0	0	-1	-10000	-10000	-10000	3	2000	1	N\A	-10000	154	2.84512	0	13.4553	N\A	-10000	92	MAP 1-2
P	0	63	0	46.1115	-63.3408	-0.74292	2.88045	-0.29167	-0.813752	1.32	113.346	-184	-10000	0	4	1	A	0	18061	0	0.224373	-1	0	0	-10000	-1992,-1984,-1976,-1968,-1959,-1951,-1942,-1935,-1926,-1919,-1909,-1901,-1892,-1884,-1876,-1868,-1859,-1851,-1842,-1834,-1826,-1818,-1809,-1802,-1792,-1784,-1776,-1769,-1759,-1751,-1742,-1734,-1726,-1718,-1709,-1701,-1692,-1685,-1676,-1669,-1658,-1648,-1645,-1639,-1634,-1625,-1604,-1600,-1590,-1575,-1569,-1559,-1554,-1550,-1542,-1533,-1525,-1519,-1509,-1501,-1492,-1485,-1475,-1468,-1462,-1458,-1452,-1442,-1434,-1425,-1419,-1409,-1401,-1392,-1384,-1376,-1368,-1359,-1351,-1342,-1334,-1325,-1318,-1309,-1302,-1292,-1284,-1275,-1269,-1259,-1251,-1242,-1234,-1225,-1219,-1209,-1201,-1192,-1186,-1176,-1169,-1163,-1158,-1153,-1143,-1137,-1130,-1126,-1121,-1109,-1103,-1093,-1088,-1079,-1070,-1060,-1051,-1042,-1036,-1026,-1019,-1008,-1003,-995,-983,-977,-971,-961,-954,-951,-944,-933,-927,-920,-911,-901,-892,-884,-878,-870,-858,-849,-837,-824,-819,-810,-272694	272696	N\A	N\A	N\A	N\A	-200	200	-200	200	0.03	-5	0	0	-1	-10000	-10000	-10000	3	2000	1	N\A	-10000	31	1.13204	0	10.502	N\A	-10000	92	MAP 1-2
P	0	64	0	46.448	-59.0362	-1.25853	2.91656	-0.261645	-0.814393	6.501	113.805	28	-10000	0	4	1	A	0	18061	0	1.29151	-1	0	0	-10000	-2000,-1991,-1984,-1974,-1967,-1961,-1957,-1951,-1941,-1933,-1924,-1918,-1908,-1900,-1891,-1883,-1875,-1867,-1858,-1850,-1841,-1833,-1824,-1817,-1808,-1801,-1791,-1783,-1774,-1768,-1758,-1750,-1741,-1733,-1724,-1718,-1708,-1700,-1691,-1685,-1675,-1668,-1662,-1657,-1652,-1642,-1636,-1629,-1625,-1620,-1608,-1602,-1592,-1587,-1578,-1569,-1559,-1550,-1541,-1535,-1525,-1518,-1507,-1502,-1494,-1482,-1476,-1470,-1460,-1453,-1450,-1443,-1432,-1426,-1419,-1410,-1400,-1391,-1383,-1377,-1369,-1357,-1348,-1336,-1323,-1318,-1309,-1302,-1291,-1286,-1283,-1274,-1266,-1259,-1254,-1249,-1239,-1232,-1224,-1217,-1209,-1203,-1199,-1191,-1185,-1175,-1166,-1160,-1157,-1152,-1142,-1133,-1124,-1118,-1109,-1100,-1089,-1077,-1068,-1059,-1054,-1049,-1044,-1035,-1027,-1017,-1007,-1001,-992,-983,-974,-962,-953,-940,-926,-920,-911,-906,-886,-877,-868,-855,-850,-840,-824,-819,-273193	273195	N\A	N\A	N\A	N\A	-200	200	-200	200	0.03	-5	0	0	-1	-10000	-10000	-10000	3	2000	1	N\A	-10000	149	1.91832	0	8.93253	N\A	-10000	92	MAP 1-2
P	0	65	0	46.7489	-53.9051	-1.57047	2.96688	-0.208536	-0.829777	5.709	120.408	-89	-10000	0	4	1	A	0	18061	0	1.30243	-1	0	0	-10000	-2000,-1991,-1983,-1977,-1969,-1957,-1948,-1936,-1923,-1918,-1909,-1902,-1891,-1886,-1883,-1874,-1866,-1859,-1854,-1849,-1839,-1832,-1824,-1817,-1809,-1803,-1799,-1791,-1785,-1775,-1766,-1760,-1757,-1752,-1742,-1733,-1724,-1718,-1709,-1700,-1689,-1677,-1668,-1659,-1654,-1649,-1644,-1635,-1627,-1617,-1607,-1601,-1592,-1583,-1574,-1562,-1553,-1540,-1526,-1520,-1511,-1506,-1486,-1477,-1468,-1455,-1450,-1440,-1424,-1419,-1409,-1402,-1390,-1385,-1374,-1368,-1355,-1350,-1340,-1334,-1326,-1318,-1307,-1300,-1291,-1283,-1275,-1266,-1258,-1252,-1243,-1232,-1219,-1212,-1200,-1195,-1189,-1177,-1165,-1157,-1148,-1138,-1123,-1104,-1098,-1091,-1082,-1070,-1060,-1051,-1041,-1037,-1027,-1018,-1006,-999,-995,-987,-979,-973,-961,-954,-945,-937,-923,-918,-909,-899,-890,-877,-870,-866,-857,-837,-828,-823,-811,-803,-794,-783,-773,-768,-759,-749,-741,-716,-273793	273795	N\A	N\A	N\A	N\A	-200	200	-200	200	0.03	-5	0	0	-1	-10000	-10000	-10000	3	2000	1	N\A	-10000	117	5.1493	0	8.94044	N\A	-10000	92	MAP 1-2
P	0	66	0	47.09	-49.5438	-1.46477	2.99044	-0.143234	-0.810942	5.97	114.534	157	-10000	0	4	1	A	0	18061	0	1.17015	-1	0	0	-10000	-1996,-1976,-1967,-1958,-1945,-1940,-1930,-1914,-1909,-1899,-1892,-1880,-1875,-1864,-1858,-1845,-1840,-1830,-1824,-1816,-1808,-1797,-1790,-1781,-1773,-1765,-1756,-1748,-1742,-1733,-1722,-1709,-1702,-1690,-1685,-1679,-1667,-1655,-1647,-1638,-1628,-1613,-1594,-1588,-1581,-1572,-1560,-1550,-1541,-1531,-1527,-1517,-1508,-1496,-1489,-1485,-1477,-1469,-1463,-1451,-1444,-1435,-1427,-1413,-1408,-1399,-1389,-1380,-1367,-1360,-1356,-1347,-1327,-1318,-1313,-1301,-1293,-1284,-1273,-1263,-1258,-1249,-1239,-1231,-1206,-1200,-1197,-1190,-1185,-1178,-1172,-1167,-1164,-1158,-1152,-1148,-1129,-1123,-1114,-1106,-1094,-1090,-1081,-1076,-1062,-1058,-1044,-1030,-1015,-1008,-998,-982,-973,-964,-949,-940,-931,-923,-919,-909,-899,-891,-887,-880,-875,-870,-866,-859,-849,-842,-832,-826,-814,-800,-793,-781,-770,-760,-751,-741,-736,-730,-720,-717,-709,-699,-274283	274285	N\A	N\A	N\A	N\A	-200	200	-200	200	0.03	-5	0	0	-1	-10000	-10000	-10000	3	2000	1	N\A	-10000	222	2.22284	0	14.6857	N\A	-10000	92	MAP 1-2
P	0	67	0	47.1763	-48.3553	-1.51315	2.99919	-0.128533	-0.791867	5.97	116.475	-45	-10000	0	4	1	A	0	18061	0	1.17015	-1	0	0	-10000	-1999,-1992,-1983,-1975,-1967,-1958,-1950,-1944,-1935,-1924,-1911,-1904,-1892,-1887,-1881,-1869,-1857,-1849,-1840,-1830,-1815,-1796,-1790,-1783,-1774,-1762,-1752,-1743,-1733,-1729,-1719,-1710,-1698,-1691,-1687,-1679,-1671,-1665,-1653,-1646,-1637,-1629,-1615,-1610,-1601,-1591,-1582,-1569,-1562,-1558,-1549,-1529,-1520,-1515,-1503,-1495,-1486,-1475,-1465,-1460,-1451,-1441,-1433,-1408,-1402,-1399,-1392,-1387,-1380,-1374,-1369,-1366,-1360,-1354,-1350,-1331,-1325,-1316,-1308,-1296,-1292,-1283,-1278,-1264,-1260,-1246,-1232,-1217,-1210,-1200,-1184,-1175,-1166,-1151,-1142,-1133,-1125,-1121,-1111,-1101,-1093,-1089,-1082,-1077,-1072,-1068,-1061,-1051,-1044,-1034,-1028,-1016,-1002,-995,-983,-972,-962,-953,-943,-938,-932,-922,-919,-911,-901,-896,-889,-880,-874,-868,-860,-856,-852,-846,-839,-832,-825,-817,-813,-806,-801,-794,-781,-776,-771,-765,-274485	274487	N\A	N\A	N\A	N\A	-200	200	-200	200	0.03	-5	0	0	-1	-10000	-10000	-10000	3	2000	1	N\A	-10000	202	1.19268	0	14.6857	N\A	-10000	92	MAP 1-2
P	0	68	0	47.239	-46.7607	-1.32276	3.0054	-0.113299	-0.784039	4.317	110.889	60	-10000	0	4	1	A	0	18061	0	1.21455	-1	0	0	-10000	-2000,-1985,-1978,-1968,-1952,-1943,-1934,-1919,-1910,-1901,-1893,-1889,-1879,-1869,-1861,-1857,-1850,-1845,-1840,-1836,-1829,-1819,-1812,-1802,-1796,-1784,-1770,-1763,-1751,-1740,-1730,-1721,-1711,-1706,-1700,-1690,-1687,-1679,-1669,-1664,-1657,-1648,-1642,-1636,-1628,-1624,-1620,-1614,-1607,-1600,-1593,-1585,-1581,-1574,-1569,-1562,-1549,-1544,-1539,-1533,-1515,-1507,-1498,-1492,-1487,-1474,-1465,-1455,-1440,-1431,-1422,-1413,-1404,-1398,-1390,-1380,-1370,-1365,-1357,-1349,-1337,-1332,-1328,-1323,-1314,-1307,-1298,-1290,-1281,-1271,-1264,-1257,-1248,-1240,-1232,-1224,-1220,-1215,-1207,-1199,-1190,-1172,-1164,-1155,-1146,-1136,-1120,-1111,-1101,-1090,-1082,-1077,-1072,-1057,-1049,-1040,-1030,-1024,-1016,-1007,-1002,-993,-987,-983,-973,-960,-954,-950,-940,-930,-920,-911,-905,-898,-890,-887,-878,-864,-855,-848,-841,-833,-824,-813,-799,-785,-275253	275255	N\A	N\A	N\A	N\A	-200	200	-200	200	0.03	-5	0	0	-1	-10000	-10000	-10000	3	2000	1	N\A	-10000	199	0.287749	0	19.0387	N\A	-10000	92	MAP 1-2
P	0	69	0	47.2299	-46.5314	-0.742599	2.99592	-0.10954	-0.80264	5.511	115.425	182	-10000	0	4	1	A	0	18061	0	0.999627	-1	0	0	-10000	-2000,-1995,-1989,-1979,-1976,-1968,-1958,-1953,-1946,-1937,-1931,-1925,-1917,-1913,-1909,-1903,-1896,-1889,-1882,-1874,-1870,-1863,-1858,-1851,-1838,-1833,-1828,-1822,-1804,-1796,-1787,-1781,-1776,-1763,-1754,-1744,-1729,-1720,-1711,-1702,-1693,-1687,-1679,-1669,-1659,-1654,-1646,-1638,-1626,-1621,-1617,-1612,-1603,-1596,-1587,-1579,-1570,-1560,-1553,-1546,-1537,-1529,-1521,-1513,-1509,-1504,-1496,-1488,-1479,-1461,-1453,-1444,-1435,-1425,-1409,-1400,-1390,-1379,-1371,-1366,-1361,-1346,-1338,-1329,-1319,-1313,-1305,-1296,-1291,-1282,-1276,-1272,-1262,-1249,-1243,-1239,-1229,-1219,-1209,-1200,-1194,-1187,-1179,-1176,-1167,-1153,-1144,-1137,-1130,-1122,-1113,-1102,-1088,-1074,-1070,-1059,-1052,-1046,-1039,-1036,-1032,-1026,-1019,-1009,-1003,-988,-979,-970,-961,-954,-943,-934,-920,-913,-908,-901,-893,-888,-880,-870,-863,-859,-854,-849,-845,-838,-275542	275544	N\A	N\A	N\A	N\A	-200	200	-200	200	0.03	-5	0	0	-1	-10000	-10000	-10000	3	2000	1	N\A	-10000	121	0.623888	0	13.4582	N\A	-10000	92	MAP 1-2
P	0	70	0	47.3391	-45.2061	-0.246312	2.99438	-0.0987976	-0.808904	6.939	115.713	-100	-10000	0	4	1	A	0	18061	0	1.34508	-1	0	0	-10000	-2000,-1988,-1983,-1979,-1974,-1965,-1958,-1949,-1941,-1932,-1922,-1915,-1908,-1899,-1891,-1883,-1875,-1871,-1866,-1858,-1850,-1841,-1823,-1815,-1806,-1797,-1787,-1771,-1762,-1752,-1741,-1733,-1728,-1723,-1708,-1700,-1691,-1681,-1675,-1667,-1658,-1653,-1644,-1638,-1634,-1624,-1611,-1605,-1601,-1591,-1581,-1571,-1562,-1556,-1549,-1541,-1538,-1529,-1515,-1506,-1499,-1492,-1484,-1475,-1464,-1450,-1436,-1432,-1421,-1414,-1408,-1401,-1398,-1394,-1388,-1381,-1371,-1365,-1350,-1341,-1332,-1323,-1316,-1305,-1296,-1282,-1275,-1270,-1263,-1255,-1250,-1242,-1232,-1225,-1221,-1216,-1211,-1207,-1200,-1187,-1173,-1168,-1164,-1158,-1154,-1144,-1140,-1134,-1125,-1115,-1106,-1099,-1090,-1082,-1073,-1058,-1049,-1040,-1024,-1016,-1007,-998,-992,-983,-972,-965,-957,-950,-940,-932,-924,-913,-908,-902,-898,-895,-882,-874,-866,-857,-849,-840,-833,-824,-815,-807,-275904	275906	N\A	N\A	N\A	N\A	-200	200	-200	200	0.03	-5	0	0	-1	-10000	-10000	-10000	3	2000	1	N\A	-10000	282	1.41943	0	9.4619	N\A	-10000	92	MAP 1-2
P	0	71	0	47.5563	-42.3896	-0.446698	3.02138	-0.0691839	-0.800919	7.083	109.959	-40	-10000	0	4	1	A	0	18061	0	1.48678	-1	0	0	-10000	-1999,-1990,-1980,-1974,-1966,-1957,-1952,-1943,-1937,-1933,-1923,-1910,-1904,-1900,-1890,-1880,-1870,-1861,-1855,-1848,-1840,-1837,-1828,-1814,-1805,-1798,-1791,-1783,-1774,-1763,-1749,-1735,-1731,-1720,-1713,-1707,-1700,-1697,-1693,-1687,-1680,-1670,-1664,-1649,-1640,-1631,-1622,-1615,-1604,-1595,-1581,-1574,-1569,-1562,-1554,-1549,-1541,-1531,-1524,-1520,-1515,-1510,-1506,-1499,-1486,-1472,-1467,-1463,-1457,-1453,-1443,-1439,-1433,-1424,-1414,-1405,-1398,-1389,-1381,-1372,-1357,-1348,-1339,-1323,-1315,-1306,-1297,-1291,-1282,-1271,-1264,-1256,-1249,-1239,-1231,-1223,-1212,-1207,-1201,-1197,-1194,-1181,-1173,-1165,-1156,-1148,-1139,-1132,-1123,-1114,-1106,-1098,-1089,-1081,-1073,-1065,-1056,-1048,-1039,-1031,-1023,-1015,-1006,-998,-990,-981,-973,-965,-956,-948,-939,-931,-923,-915,-906,-898,-890,-881,-873,-859,-854,-847,-839,-827,-814,-806,-276203	276205	N\A	N\A	N\A	N\A	-200	200	-200	200	0.03	-5	0	0	-1	-10000	-10000	-10000	3	2000	1	N\A	-10000	60	2.83196	0	15.5108	N\A	-10000	92	MAP 1-2
P	0	72	0	47.8525	-38.107	-1.31393	3.07731	-0.0175503	-0.79034	4.206	105.645	-181	-10000	0	4	1	A	0	18061	0	1.14563	-1	0	0	-10000	-1990,-1981,-1972,-1963,-1956,-1945,-1936,-1922,-1915,-1910,-1903,-1895,-1890,-1882,-1872,-1865,-1861,-1856,-1851,-1847,-1840,-1827,-1813,-1808,-1804,-1798,-1794,-1784,-1780,-1774,-1765,-1755,-1746,-1739,-1730,-1722,-1713,-1698,-1689,-1680,-1664,-1656,-1647,-1638,-1632,-1623,-1612,-1605,-1597,-1590,-1580,-1572,-1564,-1553,-1548,-1542,-1538,-1535,-1522,-1514,-1506,-1497,-1489,-1480,-1473,-1464,-1455,-1447,-1439,-1430,-1422,-1414,-1406,-1397,-1389,-1380,-1372,-1364,-1356,-1347,-1339,-1331,-1322,-1314,-1306,-1297,-1289,-1280,-1272,-1264,-1256,-1247,-1239,-1231,-1222,-1214,-1200,-1195,-1188,-1180,-1168,-1155,-1147,-1136,-1131,-1123,-1113,-1105,-1097,-1090,-1081,-1071,-1063,-1055,-1047,-1040,-1031,-1028,-1018,-1013,-1006,-998,-987,-981,-972,-964,-955,-948,-940,-930,-922,-910,-901,-897,-890,-878,-869,-864,-860,-848,-831,-820,-815,-811,-806,-791,-276544	276546	N\A	N\A	N\A	N\A	-200	200	-200	200	0.03	-5	0	0	-1	-10000	-10000	-10000	3	2000	1	N\A	-10000	141	4.37954	0	19.358	N\A	-10000	92	MAP 1-2
P	0	73	0	47.995	-35.4318	-1.92429	3.11877	0.0209961	-0.785279	7.146	108.909	170	-10000	0	4	1	A	0	18061	0	1.57996	-1	0	0	-10000	-1997,-1988,-1979,-1963,-1955,-1946,-1937,-1931,-1922,-1911,-1904,-1896,-1889,-1879,-1871,-1863,-1852,-1847,-1841,-1837,-1834,-1821,-1813,-1805,-1796,-1788,-1779,-1772,-1763,-1754,-1746,-1738,-1729,-1721,-1713,-1705,-1696,-1688,-1679,-1671,-1663,-1655,-1646,-1638,-1630,-1621,-1613,-1605,-1596,-1588,-1579,-1571,-1563,-1555,-1546,-1538,-1530,-1521,-1513,-1499,-1494,-1487,-1479,-1467,-1454,-1446,-1435,-1430,-1422,-1412,-1404,-1396,-1389,-1380,-1370,-1362,-1354,-1346,-1339,-1330,-1327,-1317,-1312,-1305,-1297,-1286,-1280,-1271,-1263,-1254,-1247,-1239,-1229,-1221,-1209,-1200,-1196,-1189,-1177,-1168,-1163,-1159,-1147,-1130,-1119,-1114,-1110,-1105,-1090,-1083,-1080,-1072,-1062,-1053,-1046,-1039,-1034,-1030,-1022,-1012,-1005,-997,-988,-980,-972,-963,-953,-946,-938,-931,-923,-919,-913,-902,-896,-889,-880,-870,-863,-856,-847,-838,-829,-821,-813,-805,-276843	276845	N\A	N\A	N\A	N\A	-200	200	-200	200	0.03	-5	0	0	-1	-10000	-10000	-10000	3	2000	1	N\A	-10000	351	2.74763	0	17.5745	N\A	-10000	92	MAP 1-2
P	0	74	0	48.0435	-34.1071	-1.37169	3.13472	0.0332415	-0.791549	11.229	102.351	-160	-10000	0	4	1	A	0	18061	0	2.47697	-1	0	0	-10000	-1993,-1984,-1976,-1968,-1959,-1951,-1942,-1934,-1926,-1918,-1909,-1901,-1893,-1884,-1876,-1862,-1857,-1850,-1842,-1830,-1817,-1809,-1798,-1793,-1785,-1775,-1767,-1759,-1752,-1743,-1733,-1725,-1717,-1709,-1702,-1693,-1690,-1680,-1675,-1668,-1660,-1649,-1643,-1634,-1626,-1617,-1610,-1602,-1592,-1584,-1572,-1563,-1559,-1552,-1540,-1531,-1526,-1522,-1510,-1493,-1482,-1477,-1473,-1468,-1453,-1446,-1443,-1435,-1425,-1416,-1409,-1402,-1397,-1393,-1385,-1375,-1368,-1360,-1351,-1343,-1335,-1326,-1316,-1309,-1301,-1294,-1286,-1282,-1276,-1265,-1259,-1252,-1243,-1233,-1226,-1219,-1210,-1201,-1192,-1184,-1176,-1168,-1162,-1154,-1148,-1142,-1134,-1127,-1122,-1116,-1110,-1106,-1101,-1093,-1083,-1077,-1068,-1060,-1051,-1043,-1035,-1026,-1016,-1009,-1003,-992,-984,-976,-966,-960,-951,-935,-927,-918,-910,-901,-893,-884,-876,-868,-859,-851,-843,-835,-826,-813,-277206	277208	N\A	N\A	N\A	N\A	-200	200	-200	200	0.03	-5	0	0	-1	-10000	-10000	-10000	3	2000	1	N\A	-10000	330	1.43613	0	14.5894	N\A	-10000	92	MAP 1-2
P	0	75	0	48.0849	-33.1045	-0.992071	-3.12338	0.0609305	-0.818132	8.916	99.666	-154	-10000	0	4	1	A	0	18061	0	2.40765	-1	0	0	-10000	-1997,-1990,-1987,-1979,-1969,-1960,-1953,-1946,-1941,-1937,-1929,-1919,-1912,-1904,-1895,-1887,-1879,-1870,-1860,-1853,-1845,-1838,-1830,-1826,-1820,-1809,-1803,-1796,-1787,-1777,-1770,-1763,-1754,-1745,-1736,-1728,-1720,-1712,-1706,-1698,-1692,-1686,-1678,-1671,-1666,-1660,-1654,-1650,-1645,-1637,-1627,-1621,-1612,-1604,-1595,-1587,-1579,-1570,-1560,-1553,-1547,-1536,-1528,-1520,-1510,-1504,-1495,-1479,-1471,-1462,-1454,-1445,-1437,-1428,-1420,-1412,-1403,-1395,-1387,-1379,-1370,-1357,-1353,-1346,-1338,-1329,-1321,-1312,-1304,-1295,-1285,-1276,-1271,-1265,-1254,-1250,-1244,-1241,-1236,-1228,-1220,-1212,-1204,-1195,-1187,-1178,-1171,-1153,-1146,-1136,-1121,-1112,-1103,-1095,-1087,-1079,-1070,-1062,-1054,-1048,-1036,-1028,-1016,-1009,-1003,-996,-986,-977,-971,-967,-963,-954,-945,-937,-929,-920,-912,-904,-895,-887,-879,-870,-862,-853,-845,-837,-277750	277752	N\A	N\A	N\A	N\A	-200	200	-200	200	0.03	-5	0	0	-1	-10000	-10000	-10000	3	2000	1	N\A	-10000	6	1.07289	0	17.5444	N\A	-10000	92	MAP 1-2
P	0	76	0	48.0467	-32.8973	-1.00029	-3.07519	0.116486	-0.841294	7.635	99.228	193	-10000	0	4	1	A	0	18061	0	2.12869	-1	0	0	-10000	-1999,-1990,-1980,-1973,-1966,-1957,-1948,-1939,-1931,-1923,-1915,-1909,-1901,-1895,-1889,-1881,-1874,-1869,-1863,-1857,-1853,-1848,-1840,-1830,-1824,-1815,-1807,-1798,-1790,-1782,-1773,-1763,-1756,-1750,-1739,-1731,-1723,-1713,-1707,-1698,-1682,-1674,-1665,-1657,-1648,-1640,-1631,-1623,-1615,-1606,-1598,-1590,-1582,-1573,-1560,-1556,-1549,-1541,-1532,-1524,-1515,-1507,-1498,-1488,-1479,-1474,-1468,-1457,-1453,-1447,-1444,-1439,-1431,-1423,-1415,-1407,-1398,-1390,-1381,-1374,-1356,-1349,-1339,-1324,-1315,-1306,-1298,-1290,-1282,-1273,-1265,-1257,-1251,-1239,-1231,-1219,-1212,-1206,-1199,-1189,-1180,-1174,-1170,-1166,-1157,-1148,-1140,-1132,-1123,-1115,-1107,-1098,-1090,-1082,-1073,-1065,-1056,-1048,-1040,-1032,-1023,-1015,-1007,-998,-990,-979,-974,-965,-957,-950,-940,-932,-923,-915,-907,-898,-890,-883,-873,-865,-857,-849,-840,-832,-823,-815,-277953	277955	N\A	N\A	N\A	N\A	-200	200	-200	200	0.03	-5	0	0	-1	-10000	-10000	-10000	3	2000	1	N\A	-10000	347	0.210895	0	16.7415	N\A	-10000	92	MAP 1-2
P	0	77	0	48.0452	-31.7749	-0.566954	-2.77717	0.424379	-0.769849	25.116	98.619	186	-10000	0	4	1	A	0	18061	0	6.85705	-1	0	0	-10000	-1996,-1989,-1979,-1964,-1955,-1946,-1938,-1930,-1922,-1913,-1905,-1897,-1891,-1879,-1871,-1859,-1852,-1846,-1839,-1829,-1820,-1814,-1810,-1806,-1797,-1788,-1780,-1772,-1763,-1755,-1747,-1738,-1730,-1722,-1713,-1705,-1696,-1688,-1680,-1672,-1663,-1655,-1647,-1638,-1630,-1619,-1614,-1605,-1597,-1590,-1580,-1572,-1563,-1555,-1547,-1538,-1530,-1523,-1513,-1505,-1497,-1489,-1480,-1472,-1463,-1455,-1447,-1438,-1433,-1423,-1414,-1404,-1393,-1389,-1381,-1372,-1363,-1356,-1347,-1339,-1331,-1322,-1314,-1305,-1297,-1289,-1280,-1272,-1263,-1255,-1247,-1239,-1230,-1222,-1214,-1206,-1197,-1189,-1180,-1172,-1164,-1154,-1147,-1139,-1130,-1122,-1114,-1105,-1097,-1089,-1080,-1073,-1064,-1055,-1047,-1039,-1030,-1022,-1014,-1005,-997,-989,-983,-964,-956,-947,-940,-930,-922,-914,-905,-897,-889,-880,-872,-864,-855,-847,-839,-830,-822,-814,-805,-798,-790,-780,-278593	278595	N\A	N\A	N\A	N\A	-200	200	-200	200	0.03	-5	0	0	-1	-10000	-10000	-10000	3	2000	1	N\A	-10000	7	1.20315	0	14.3029	N\A	-10000	92	MAP 1-2
P	0	78	0	48.3722	-28.3282	-0.859594	-2.57841	0.523142	-0.643173	40.521	96.066	198	-10000	0	4	1	A	0	18061	0	11.0621	-1	0	0	-10000	-1993,-1984,-1976,-1968,-1959,-1954,-1944,-1935,-1925,-1914,-1910,-1902,-1893,-1884,-1877,-1868,-1860,-1852,-1843,-1835,-1826,-1818,-1810,-1801,-1793,-1784,-1776,-1768,-1760,-1751,-1743,-1735,-1727,-1718,-1710,-1701,-1693,-1685,-1675,-1668,-1660,-1651,-1643,-1635,-1626,-1618,-1610,-1601,-1594,-1585,-1576,-1568,-1560,-1551,-1543,-1535,-1526,-1518,-1510,-1504,-1485,-1477,-1468,-1461,-1451,-1443,-1435,-1426,-1418,-1410,-1401,-1393,-1385,-1376,-1368,-1360,-1351,-1343,-1335,-1326,-1319,-1311,-1301,-1293,-1285,-1275,-1268,-1260,-1251,-1243,-1234,-1226,-1218,-1210,-1201,-1193,-1185,-1176,-1168,-1160,-1152,-1143,-1135,-1126,-1118,-1110,-1101,-1093,-1085,-1076,-1068,-1060,-1051,-1043,-1035,-1027,-1018,-1010,-1001,-993,-985,-976,-968,-960,-951,-943,-935,-927,-918,-910,-901,-893,-885,-876,-868,-860,-851,-843,-835,-826,-818,-810,-801,-793,-785,-777,-279114	279116	N\A	N\A	N\A	N\A	-200	200	-200	200	0.03	-5	0	0	-1	-10000	-10000	-10000	3	2000	1	N\A	-10000	10	2.24298	0	14.6178	N\A	-10000	92	MAP 1-2
P	0	79	0	48.61	-23.906	-1.23034	-2.48573	0.534631	-0.570765	17.853	94.227	190	-10000	0	4	1	A	0	18061	0	4.98016	-1	0	0	-10000	-1992,-1984,-1976,-1967,-1960,-1952,-1942,-1934,-1926,-1916,-1909,-1901,-1892,-1884,-1875,-1867,-1859,-1851,-1842,-1834,-1826,-1817,-1809,-1801,-1793,-1784,-1776,-1767,-1759,-1751,-1742,-1734,-1726,-1717,-1709,-1701,-1692,-1684,-1676,-1668,-1659,-1651,-1642,-1634,-1626,-1617,-1609,-1601,-1592,-1584,-1576,-1568,-1559,-1551,-1542,-1534,-1526,-1517,-1509,-1501,-1492,-1484,-1476,-1467,-1459,-1451,-1442,-1434,-1426,-1418,-1409,-1401,-1392,-1384,-1376,-1368,-1359,-1351,-1342,-1334,-1326,-1318,-1309,-1301,-1293,-1284,-1276,-1268,-1259,-1251,-1243,-1234,-1226,-1218,-1209,-1201,-1193,-1184,-1176,-1168,-1159,-1151,-1143,-1134,-1126,-1118,-1109,-1101,-1093,-1084,-1076,-1068,-1060,-1051,-1043,-1035,-1026,-1018,-1009,-1001,-993,-984,-976,-968,-959,-951,-943,-934,-926,-918,-909,-901,-893,-884,-876,-868,-859,-851,-843,-834,-826,-818,-809,-801,-793,-784,-279755	279757	N\A	N\A	N\A	N\A	-200	200	-200	200	0.03	-5	0	0	-1	-10000	-10000	-10000	3	2000	1	N\A	-10000	8	4.44405	0	12.4638	N\A	-10000	92	MAP 1-2
P	0	80	0	48.695	-23.8035	-1.09772	-2.56802	0.484986	-0.638435	25.683	94.908	152	-10000	0	4	1	A	0	18061	0	7.02787	-1	0	0	-10000	-1997,-1989,-1980,-1972,-1964,-1956,-1947,-1939,-1930,-1922,-1914,-1905,-1897,-1889,-1880,-1872,-1864,-1856,-1847,-1839,-1830,-1822,-1814,-1805,-1797,-1789,-1780,-1772,-1764,-1755,-1747,-1739,-1730,-1722,-1714,-1706,-1697,-1689,-1680,-1672,-1664,-1656,-1647,-1639,-1630,-1622,-1614,-1606,-1597,-1589,-1581,-1572,-1564,-1556,-1547,-1539,-1531,-1522,-1514,-1506,-1497,-1489,-1481,-1472,-1464,-1456,-1447,-1439,-1431,-1422,-1414,-1406,-1397,-1389,-1381,-1372,-1364,-1356,-1348,-1339,-1331,-1323,-1314,-1306,-1297,-1289,-1281,-1272,-1264,-1256,-1247,-1239,-1231,-1222,-1214,-1206,-1197,-1189,-1181,-1172,-1164,-1156,-1147,-1139,-1131,-1122,-1114,-1106,-1097,-1089,-1081,-1072,-1064,-1056,-1047,-1039,-1031,-1022,-1014,-1006,-997,-989,-981,-972,-964,-956,-947,-939,-931,-922,-914,-906,-897,-889,-881,-872,-864,-856,-847,-839,-831,-822,-814,-806,-797,-789,-280043	280045	N\A	N\A	N\A	N\A	-200	200	-200	200	0.03	-5	0	0	-1	-10000	-10000	-10000	3	2000	1	N\A	-10000	38	0.18791	0	12.2716	N\A	-10000	92	MAP 1-2
P	0	81	0	48.5816	-23.4642	-1.3027	-2.6126	0.366151	-0.734327	25.323	89.874	-147	-10000	0	4	1	A	0	18061	0	7.02787	-1	0	0	-10000	-1996,-1988,-1979,-1971,-1963,-1955,-1946,-1938,-1929,-1921,-1913,-1905,-1896,-1888,-1880,-1871,-1863,-1855,-1846,-1838,-1830,-1821,-1813,-1805,-1796,-1788,-1780,-1771,-1763,-1755,-1746,-1738,-1730,-1721,-1713,-1705,-1696,-1688,-1680,-1671,-1663,-1655,-1647,-1638,-1630,-1622,-1613,-1605,-1596,-1588,-1580,-1571,-1563,-1555,-1546,-1538,-1530,-1521,-1513,-1505,-1496,-1488,-1480,-1471,-1463,-1455,-1446,-1438,-1430,-1421,-1413,-1405,-1396,-1388,-1380,-1371,-1363,-1355,-1346,-1338,-1330,-1321,-1313,-1305,-1296,-1288,-1280,-1271,-1263,-1255,-1246,-1238,-1230,-1221,-1213,-1205,-1196,-1188,-1180,-1171,-1163,-1155,-1146,-1138,-1130,-1121,-1113,-1105,-1096,-1088,-1080,-1072,-1063,-1055,-1046,-1038,-1030,-1022,-1013,-1005,-996,-988,-980,-971,-964,-956,-947,-939,-931,-923,-913,-906,-897,-889,-880,-872,-864,-855,-847,-837,-831,-822,-813,-805,-797,-789,-280342	280344	N\A	N\A	N\A	N\A	-200	200	-200	200	0.03	-5	0	0	-1	-10000	-10000	-10000	3	2000	1	N\A	-10000	299	0.412348	0	12.2716	N\A	-10000	92	MAP 1-2
P	0	82	0	48.0273	-22.8487	-2.51095	-2.49141	0.151019	-0.910409	28.155	88.563	198	-10000	0	4	1	A	0	18061	0	7.90228	-1	0	0	-10000	-2000,-1992,-1984,-1975,-1967,-1959,-1950,-1942,-1934,-1925,-1917,-1909,-1900,-1892,-1884,-1875,-1867,-1859,-1850,-1842,-1834,-1825,-1817,-1809,-1800,-1792,-1784,-1775,-1767,-1759,-1750,-1742,-1734,-1725,-1717,-1709,-1700,-1692,-1684,-1675,-1667,-1659,-1650,-1642,-1634,-1626,-1617,-1609,-1600,-1592,-1584,-1576,-1567,-1559,-1550,-1542,-1534,-1525,-1518,-1510,-1501,-1493,-1485,-1477,-1467,-1460,-1451,-1443,-1434,-1426,-1418,-1409,-1401,-1391,-1385,-1376,-1367,-1359,-1351,-1343,-1334,-1326,-1318,-1310,-1301,-1292,-1284,-1276,-1268,-1259,-1251,-1243,-1234,-1226,-1218,-1209,-1201,-1193,-1184,-1176,-1168,-1159,-1151,-1143,-1134,-1126,-1118,-1109,-1101,-1093,-1084,-1076,-1068,-1059,-1051,-1043,-1034,-1026,-1018,-1009,-1001,-993,-984,-976,-968,-959,-951,-943,-934,-926,-918,-910,-901,-893,-884,-876,-868,-859,-851,-843,-834,-826,-818,-810,-801,-793,-280896	280898	N\A	N\A	N\A	N\A	-200	200	-200	200	0.03	-5	0	0	-1	-10000	-10000	-10000	3	2000	1	N\A	-10000	13	0.46179	0	11.6219	N\A	-10000	92	MAP 1-2
P	0	83	0	46.642	-22.5755	-2.79172	-2.51053	0.0631371	-0.998622	46.857	87.384	185	-10000	0	4	1	A	0	18061	0	12.9303	-1	0	0	-10000	-1998,-1988,-1982,-1973,-1964,-1956,-1948,-1940,-1931,-1923,-1915,-1907,-1898,-1889,-1881,-1873,-1865,-1856,-1848,-1840,-1831,-1823,-1815,-1806,-1798,-1790,-1781,-1773,-1765,-1756,-1748,-1740,-1731,-1723,-1715,-1706,-1698,-1690,-1681,-1673,-1665,-1656,-1648,-1640,-1631,-1623,-1615,-1606,-1598,-1590,-1581,-1573,-1565,-1556,-1548,-1540,-1531,-1523,-1515,-1507,-1498,-1490,-1481,-1473,-1465,-1456,-1448,-1440,-1431,-1423,-1415,-1407,-1398,-1390,-1381,-1373,-1365,-1357,-1348,-1340,-1331,-1323,-1315,-1307,-1298,-1290,-1282,-1273,-1264,-1249,-1240,-1232,-1223,-1215,-1207,-1199,-1190,-1182,-1174,-1165,-1157,-1149,-1140,-1132,-1124,-1115,-1107,-1098,-1090,-1082,-1073,-1065,-1057,-1049,-1040,-1032,-1024,-1015,-1007,-998,-990,-982,-974,-965,-957,-948,-940,-932,-924,-915,-907,-898,-890,-882,-874,-865,-857,-848,-840,-832,-824,-815,-807,-799,-791,-782,-281493	281495	N\A	N\A	N\A	N\A	-200	200	-200	200	0.03	-5	0	0	-1	-10000	-10000	-10000	3	2000	1	N\A	-10000	2	0.928732	0	11.8203	N\A	-10000	92	MAP 1-2
P	0	84	0	42.5895	-22.0989	-2.40502	-2.56527	0.0786131	-1.04736	60.321	86.367	169	-10000	0	4	1	A	0	18061	0	16.4847	-1	0	0	-10000	-1997,-1989,-1980,-1972,-1964,-1956,-1947,-1939,-1930,-1922,-1914,-1905,-1897,-1889,-1880,-1872,-1864,-1856,-1847,-1839,-1830,-1822,-1814,-1806,-1797,-1789,-1780,-1772,-1764,-1756,-1747,-1739,-1731,-1722,-1713,-1698,-1689,-1681,-1672,-1664,-1656,-1648,-1639,-1631,-1623,-1614,-1606,-1598,-1589,-1581,-1573,-1564,-1556,-1547,-1539,-1531,-1522,-1514,-1506,-1498,-1489,-1481,-1473,-1464,-1456,-1447,-1439,-1431,-1423,-1414,-1406,-1397,-1389,-1381,-1373,-1364,-1356,-1347,-1339,-1331,-1323,-1314,-1306,-1297,-1289,-1281,-1273,-1264,-1256,-1248,-1240,-1231,-1223,-1214,-1206,-1198,-1189,-1181,-1173,-1164,-1156,-1148,-1139,-1131,-1123,-1114,-1106,-1098,-1089,-1081,-1073,-1064,-1056,-1048,-1039,-1031,-1023,-1014,-1006,-998,-989,-981,-973,-964,-956,-948,-939,-931,-923,-914,-906,-898,-889,-881,-873,-864,-856,-848,-839,-831,-823,-814,-806,-798,-789,-781,-281942	281944	N\A	N\A	N\A	N\A	-200	200	-200	200	0.03	-5	0	0	-1	-10000	-10000	-10000	3	2000	1	N\A	-10000	30	2.54214	0	13.6848	N\A	-10000	92	MAP 1-2
P	0	85	0	39.1297	-21.6999	-2.01612	-2.59076	0.103926	-1.0774	68.286	83.544	186	-10000	0	4	1	A	0	18061	0	18.7084	-1	0	0	-10000	-1997,-1988,-1980,-1971,-1963,-1955,-1947,-1938,-1930,-1922,-1913,-1905,-1897,-1888,-1880,-1872,-1863,-1855,-1846,-1838,-1830,-1821,-1813,-1805,-1797,-1788,-1780,-1772,-1763,-1755,-1746,-1738,-1730,-1722,-1713,-1705,-1696,-1688,-1680,-1672,-1663,-1655,-1646,-1638,-1630,-1622,-1613,-1605,-1596,-1588,-1580,-1572,-1563,-1555,-1547,-1539,-1530,-1522,-1513,-1505,-1497,-1488,-1480,-1472,-1463,-1455,-1447,-1438,-1430,-1422,-1413,-1405,-1397,-1388,-1380,-1372,-1363,-1355,-1347,-1338,-1330,-1322,-1313,-1305,-1297,-1288,-1280,-1272,-1263,-1255,-1247,-1238,-1230,-1222,-1213,-1205,-1197,-1188,-1180,-1172,-1163,-1155,-1147,-1138,-1130,-1122,-1113,-1105,-1097,-1088,-1080,-1072,-1063,-1055,-1047,-1038,-1030,-1022,-1014,-1005,-997,-988,-980,-972,-963,-955,-947,-938,-930,-922,-913,-905,-897,-888,-880,-872,-863,-855,-847,-838,-830,-822,-813,-805,-797,-789,-282241	282243	N\A	N\A	N\A	N\A	-200	200	-200	200	0.03	-5	0	0	-1	-10000	-10000	-10000	3	2000	1	N\A	-10000	17	3.50432	0	12.4273	N\A	-10000	92	MAP 1-2
P	0	86	0	36.5865	-21.3924	-1.80234	-2.61387	0.119636	-1.09713	68.286	82.356	-26	-10000	0	4	1	A	0	18061	0	18.7084	-1	0	0	-10000	-2000,-1992,-1984,-1975,-1967,-1958,-1950,-1942,-1934,-1925,-1917,-1908,-1900,-1892,-1884,-1875,-1867,-1858,-1850,-1842,-1834,-1825,-1817,-1808,-1800,-1792,-1784,-1775,-1767,-1759,-1751,-1742,-1734,-1725,-1717,-1709,-1700,-1692,-1684,-1675,-1667,-1659,-1650,-1642,-1634,-1625,-1617,-1609,-1600,-1592,-1584,-1575,-1567,-1559,-1550,-1542,-1534,-1525,-1517,-1509,-1500,-1492,-1484,-1475,-1467,-1459,-1450,-1442,-1434,-1425,-1417,-1409,-1400,-1392,-1384,-1375,-1367,-1359,-1350,-1342,-1334,-1325,-1317,-1309,-1300,-1292,-1284,-1275,-1267,-1259,-1250,-1242,-1234,-1226,-1217,-1209,-1200,-1192,-1184,-1175,-1167,-1159,-1150,-1142,-1134,-1125,-1117,-1109,-1100,-1092,-1084,-1075,-1067,-1059,-1050,-1042,-1034,-1025,-1017,-1009,-1001,-992,-984,-975,-967,-959,-951,-942,-934,-925,-917,-909,-901,-892,-884,-875,-867,-859,-851,-842,-834,-825,-817,-809,-801,-792,-282453	282455	N\A	N\A	N\A	N\A	-200	200	-200	200	0.03	-5	0	0	-1	-10000	-10000	-10000	3	2000	1	N\A	-10000	212	2.57062	0	12.4273	N\A	-10000	92	MAP 1-2
P	0	87	0	32.9743	-20.8814	-1.73185	-2.64109	0.13657	-1.12194	14.589	79.269	62	-10000	0	4	1	A	0	18061	0	4.02498	-1	0	0	-10000	-1995,-1987,-1978,-1970,-1962,-1953,-1945,-1937,-1928,-1920,-1912,-1903,-1895,-1887,-1878,-1870,-1862,-1853,-1845,-1837,-1828,-1820,-1812,-1803,-1795,-1787,-1778,-1770,-1762,-1753,-1745,-1737,-1728,-1720,-1712,-1703,-1695,-1687,-1678,-1670,-1662,-1654,-1645,-1637,-1628,-1620,-1612,-1603,-1595,-1587,-1578,-1570,-1562,-1553,-1545,-1537,-1528,-1520,-1512,-1503,-1495,-1487,-1478,-1470,-1462,-1453,-1445,-1437,-1429,-1420,-1412,-1403,-1395,-1387,-1379,-1370,-1362,-1353,-1345,-1337,-1329,-1320,-1312,-1303,-1295,-1287,-1279,-1270,-1262,-1253,-1245,-1237,-1229,-1220,-1212,-1203,-1195,-1187,-1179,-1170,-1162,-1153,-1145,-1137,-1129,-1120,-1112,-1103,-1095,-1087,-1079,-1070,-1062,-1053,-1045,-1037,-1029,-1020,-1012,-1004,-995,-987,-979,-970,-962,-954,-945,-937,-929,-920,-912,-904,-895,-887,-879,-870,-862,-854,-845,-837,-829,-820,-812,-804,-795,-787,-282881	282883	N\A	N\A	N\A	N\A	-200	200	-200	200	0.03	-5	0	0	-1	-10000	-10000	-10000	3	2000	1	N\A	-10000	88	3.64889	0	12.1215	N\A	-10000	92	MAP 1-2
P	0	88	0	32.1631	-20.7823	-1.7906	-2.64002	0.137521	-1.12823	14.589	77.937	-150	-10000	0	4	1	A	0	18061	0	4.02498	-1	0	0	-10000	-1999,-1990,-1982,-1974,-1965,-1957,-1949,-1940,-1932,-1924,-1915,-1907,-1899,-1890,-1882,-1874,-1866,-1857,-1849,-1840,-1832,-1824,-1815,-1807,-1799,-1790,-1782,-1774,-1765,-1757,-1749,-1740,-1732,-1724,-1715,-1707,-1699,-1690,-1682,-1674,-1665,-1657,-1649,-1641,-1632,-1624,-1615,-1607,-1599,-1591,-1582,-1574,-1565,-1557,-1549,-1541,-1532,-1524,-1515,-1507,-1499,-1491,-1482,-1474,-1465,-1457,-1449,-1441,-1432,-1424,-1415,-1407,-1399,-1391,-1382,-1374,-1365,-1357,-1349,-1341,-1332,-1324,-1315,-1307,-1299,-1291,-1282,-1274,-1265,-1257,-1249,-1241,-1232,-1224,-1216,-1207,-1199,-1191,-1182,-1174,-1166,-1157,-1149,-1141,-1132,-1124,-1116,-1107,-1099,-1091,-1082,-1074,-1066,-1057,-1049,-1041,-1032,-1024,-1016,-1007,-999,-991,-982,-974,-966,-957,-949,-941,-932,-924,-916,-907,-899,-891,-882,-874,-866,-857,-849,-841,-832,-824,-816,-807,-799,-791,-283093	283095	N\A	N\A	N\A	N\A	-200	200	-200	200	0.03	-5	0	0	-1	-10000	-10000	-10000	3	2000	1	N\A	-10000	212	0.81934	0	12.1215	N\A	-10000	92	MAP 1-2
P	0	89	0	31.5177	-20.7531	-1.86619	-2.63325	0.136658	-1.13554	10.956	75.786	198	-10000	0	4	1	A	0	18061	0	3.00214	-1	0	0	-10000	-1993,-1984,-1976,-1967,-1959,-1951,-1943,-1934,-1926,-1917,-1909,-1901,-1893,-1884,-1876,-1867,-1859,-1851,-1843,-1834,-1826,-1817,-1809,-1801,-1793,-1784,-1776,-1767,-1759,-1751,-1743,-1734,-1726,-1717,-1709,-1701,-1693,-1684,-1676,-1667,-1659,-1651,-1643,-1634,-1626,-1617,-1609,-1601,-1593,-1584,-1576,-1568,-1559,-1551,-1543,-1534,-1526,-1518,-1509,-1501,-1493,-1484,-1476,-1468,-1459,-1451,-1443,-1434,-1426,-1418,-1409,-1401,-1393,-1384,-1376,-1368,-1359,-1351,-1343,-1334,-1326,-1318,-1309,-1301,-1293,-1284,-1276,-1268,-1259,-1251,-1243,-1234,-1226,-1218,-1209,-1201,-1193,-1184,-1176,-1168,-1159,-1151,-1143,-1134,-1126,-1118,-1109,-1101,-1093,-1084,-1076,-1068,-1059,-1051,-1043,-1034,-1026,-1018,-1009,-1001,-992,-986,-969,-961,-951,-944,-940,-935,-926,-919,-910,-902,-893,-885,-877,-868,-860,-853,-843,-835,-827,-819,-810,-802,-793,-785,-283445	283447	N\A	N\A	N\A	N\A	-200	200	-200	200	0.03	-5	0	0	-1	-10000	-10000	-10000	3	2000	1	N\A	-10000	348	0.65041	0	12.2465	N\A	-10000	92	MAP 1-2
P	0	90	0	30.9922	-20.764	-1.98102	-2.62449	0.136881	-1.13979	21.342	80.454	199	-10000	0	4	1	A	0	18061	0	5.77188	-1	0	0	-10000	-2000,-1992,-1983,-1975,-1967,-1958,-1950,-1942,-1933,-1925,-1917,-1908,-1900,-1892,-1883,-1875,-1867,-1858,-1850,-1842,-1833,-1825,-1817,-1808,-1800,-1792,-1783,-1775,-1767,-1758,-1750,-1742,-1733,-1725,-1717,-1708,-1700,-1692,-1683,-1675,-1667,-1658,-1650,-1642,-1633,-1625,-1617,-1608,-1600,-1592,-1583,-1575,-1567,-1558,-1550,-1542,-1533,-1525,-1517,-1508,-1500,-1492,-1483,-1475,-1467,-1458,-1450,-1441,-1435,-1418,-1410,-1400,-1393,-1389,-1384,-1375,-1368,-1359,-1351,-1342,-1334,-1326,-1317,-1309,-1302,-1292,-1284,-1276,-1268,-1259,-1251,-1242,-1234,-1226,-1217,-1209,-1201,-1193,-1184,-1176,-1167,-1159,-1151,-1143,-1134,-1126,-1117,-1109,-1101,-1093,-1084,-1076,-1067,-1059,-1051,-1043,-1034,-1026,-1017,-1009,-1001,-993,-984,-976,-967,-959,-951,-943,-934,-925,-917,-910,-902,-892,-884,-877,-868,-859,-851,-843,-834,-826,-818,-810,-801,-793,-283894	283896	N\A	N\A	N\A	N\A	-200	200	-200	200	0.03	-5	0	0	-1	-10000	-10000	-10000	3	2000	1	N\A	-10000	1	0.538009	0	12.0366	N\A	-10000	92	MAP 1-2
P	0	91	0	30.2564	-20.7526	-2.02379	-2.6272	0.138572	-1.14245	25.431	80.052	176	-10000	0	4	1	A	0	18061	0	7.04774	-1	0	0	-10000	-1998,-1990,-1981,-1973,-1965,-1956,-1948,-1940,-1931,-1923,-1915,-1906,-1898,-1890,-1881,-1873,-1865,-1856,-1848,-1840,-1831,-1823,-1815,-1806,-1798,-1790,-1781,-1773,-1765,-1756,-1748,-1740,-1731,-1723,-1715,-1706,-1698,-1690,-1681,-1673,-1664,-1658,-1641,-1633,-1623,-1616,-1612,-1607,-1598,-1591,-1582,-1574,-1565,-1557,-1549,-1540,-1532,-1525,-1515,-1507,-1499,-1491,-1482,-1474,-1465,-1457,-1449,-1440,-1432,-1424,-1416,-1407,-1399,-1390,-1382,-1374,-1366,-1357,-1349,-1340,-1332,-1324,-1316,-1307,-1299,-1290,-1282,-1274,-1266,-1257,-1249,-1240,-1232,-1224,-1216,-1207,-1199,-1190,-1182,-1174,-1166,-1157,-1148,-1140,-1133,-1125,-1115,-1107,-1100,-1091,-1082,-1074,-1066,-1057,-1049,-1041,-1033,-1024,-1016,-1007,-999,-991,-983,-974,-966,-958,-949,-941,-933,-924,-916,-907,-899,-891,-880,-875,-870,-865,-858,-848,-841,-832,-824,-816,-808,-797,-284117	284119	N\A	N\A	N\A	N\A	-200	200	-200	200	0.03	-5	0	0	-1	-10000	-10000	-10000	3	2000	1	N\A	-10000	23	0.737189	0	11.857	N\A	-10000	92	MAP 1-2
P	0	92	0	27.5361	-20.7399	-2.05641	-2.64876	0.144321	-1.15329	36.327	86.178	199	-10000	0	4	1	A	0	18061	0	10.1035	-1	0	0	-10000	-1993,-1984,-1976,-1967,-1959,-1951,-1943,-1934,-1926,-1917,-1909,-1901,-1893,-1884,-1876,-1867,-1859,-1851,-1843,-1834,-1826,-1817,-1809,-1801,-1793,-1784,-1776,-1767,-1759,-1751,-1743,-1734,-1725,-1717,-1710,-1702,-1692,-1684,-1677,-1668,-1659,-1651,-1643,-1634,-1626,-1618,-1610,-1601,-1593,-1584,-1576,-1568,-1560,-1551,-1543,-1535,-1526,-1518,-1510,-1501,-1493,-1484,-1476,-1468,-1457,-1452,-1447,-1442,-1435,-1425,-1418,-1409,-1401,-1393,-1385,-1374,-1369,-1359,-1351,-1343,-1335,-1326,-1318,-1309,-1301,-1292,-1285,-1276,-1268,-1259,-1251,-1243,-1234,-1226,-1218,-1210,-1201,-1193,-1184,-1176,-1168,-1159,-1151,-1143,-1134,-1126,-1118,-1110,-1101,-1093,-1085,-1076,-1068,-1060,-1051,-1043,-1035,-1026,-1018,-1010,-1001,-993,-985,-976,-968,-960,-951,-943,-934,-926,-918,-910,-901,-893,-885,-876,-868,-860,-851,-843,-835,-826,-818,-810,-801,-793,-284694	284696	N\A	N\A	N\A	N\A	-200	200	-200	200	0.03	-5	0	0	-1	-10000	-10000	-10000	3	2000	1	N\A	-10000	23	2.72047	0	11.6276	N\A	-10000	92	MAP 1-2
P	0	93	0	23.7019	-20.4378	-2.07979	-2.68488	0.159809	-1.16572	43.929	87.852	27	-10000	0	4	1	A	0	18061	0	11.9498	-1	0	0	-10000	-1997,-1990,-1980,-1973,-1964,-1956,-1948,-1940,-1929,-1924,-1914,-1906,-1898,-1890,-1881,-1873,-1864,-1856,-1847,-1840,-1831,-1823,-1814,-1806,-1798,-1789,-1781,-1773,-1765,-1756,-1748,-1739,-1731,-1723,-1714,-1706,-1698,-1689,-1681,-1673,-1665,-1656,-1648,-1640,-1631,-1623,-1615,-1606,-1598,-1590,-1581,-1573,-1565,-1556,-1548,-1540,-1531,-1523,-1515,-1506,-1498,-1489,-1481,-1473,-1465,-1456,-1448,-1440,-1431,-1423,-1415,-1406,-1398,-1390,-1381,-1373,-1365,-1356,-1348,-1340,-1331,-1323,-1315,-1306,-1298,-1290,-1281,-1273,-1265,-1256,-1248,-1240,-1231,-1223,-1215,-1206,-1198,-1190,-1181,-1173,-1165,-1156,-1148,-1140,-1131,-1123,-1115,-1106,-1098,-1090,-1081,-1073,-1065,-1056,-1048,-1040,-1031,-1023,-1015,-1006,-998,-990,-981,-973,-965,-956,-948,-940,-931,-923,-915,-906,-898,-890,-881,-873,-865,-856,-848,-840,-831,-823,-815,-806,-798,-790,-285249	285251	N\A	N\A	N\A	N\A	-200	200	-200	200	0.03	-5	0	0	-1	-10000	-10000	-10000	3	2000	1	N\A	-10000	172	3.84618	0	11.5999	N\A	-10000	92	MAP 1-2
P	0	94	0	22.6804	-20.3352	-2.09547	-2.69048	0.166054	-1.17134	42.798	87.882	-174	-10000	0	4	1	A	0	18061	0	11.9498	-1	0	0	-10000	-1999,-1990,-1982,-1974,-1966,-1957,-1949,-1940,-1932,-1924,-1915,-1907,-1899,-1890,-1882,-1874,-1866,-1857,-1849,-1841,-1832,-1824,-1816,-1807,-1799,-1791,-1782,-1774,-1766,-1757,-1749,-1741,-1732,-1724,-1716,-1707,-1699,-1690,-1682,-1674,-1666,-1657,-1649,-1641,-1632,-1624,-1616,-1607,-1599,-1591,-1582,-1574,-1566,-1557,-1549,-1541,-1532,-1524,-1516,-1507,-1499,-1491,-1482,-1474,-1466,-1457,-1449,-1441,-1432,-1424,-1416,-1407,-1399,-1391,-1382,-1374,-1366,-1357,-1349,-1341,-1332,-1324,-1316,-1307,-1299,-1291,-1282,-1274,-1266,-1257,-1249,-1241,-1232,-1224,-1216,-1207,-1199,-1191,-1182,-1174,-1166,-1157,-1149,-1141,-1132,-1124,-1116,-1107,-1099,-1091,-1082,-1074,-1066,-1057,-1049,-1041,-1032,-1024,-1016,-1007,-999,-991,-982,-974,-966,-957,-949,-941,-932,-924,-916,-907,-899,-891,-882,-874,-866,-857,-849,-841,-832,-824,-816,-807,-799,-791,-285450	285452	N\A	N\A	N\A	N\A	-200	200	-200	200	0.03	-5	0	0	-1	-10000	-10000	-10000	3	2000	1	N\A	-10000	201	1.02672	0	11.5999	N\A	-10000	92	MAP 1-2
P	0	95	0	21.5154	-20.2913	-2.06509	-2.68676	0.177861	-1.17708	8.67	89.439	-17	-10000	0	4	1	A	0	18061	0	2.23833	-1	0	0	-10000	-1999,-1991,-1983,-1974,-1966,-1958,-1949,-1941,-1933,-1924,-1916,-1908,-1899,-1891,-1883,-1874,-1866,-1858,-1849,-1841,-1833,-1824,-1816,-1808,-1799,-1791,-1783,-1774,-1766,-1758,-1749,-1741,-1733,-1724,-1716,-1708,-1699,-1691,-1683,-1674,-1666,-1658,-1649,-1641,-1633,-1624,-1616,-1608,-1599,-1591,-1583,-1574,-1566,-1558,-1549,-1541,-1533,-1524,-1516,-1508,-1499,-1491,-1483,-1474,-1466,-1458,-1449,-1441,-1433,-1424,-1416,-1408,-1399,-1391,-1383,-1374,-1366,-1358,-1349,-1341,-1333,-1324,-1316,-1308,-1299,-1291,-1283,-1274,-1266,-1258,-1249,-1241,-1233,-1224,-1216,-1208,-1199,-1191,-1183,-1174,-1166,-1158,-1149,-1141,-1133,-1124,-1116,-1108,-1099,-1091,-1083,-1075,-1066,-1058,-1049,-1041,-1033,-1025,-1016,-1008,-999,-991,-983,-975,-966,-958,-949,-941,-933,-925,-916,-908,-899,-891,-883,-875,-866,-858,-849,-841,-833,-825,-816,-808,-799,-791,-285792	285794	N\A	N\A	N\A	N\A	-200	200	-200	200	0.03	-5	0	0	-1	-10000	-10000	-10000	3	2000	1	N\A	-10000	157	1.16623	0	13.3453	N\A	-10000	92	MAP 1-2
P	0	96	0	18.9717	-20.2963	-2.01498	-2.69159	0.197269	-1.18262	8.337	90.795	-57	-10000	0	4	1	A	0	18061	0	1.94354	-1	0	0	-10000	-1998,-1989,-1981,-1973,-1964,-1956,-1948,-1939,-1931,-1923,-1914,-1906,-1898,-1889,-1881,-1873,-1864,-1856,-1848,-1839,-1831,-1823,-1814,-1806,-1798,-1789,-1781,-1773,-1764,-1756,-1748,-1739,-1731,-1723,-1714,-1706,-1698,-1689,-1681,-1673,-1664,-1656,-1648,-1639,-1631,-1623,-1614,-1606,-1598,-1589,-1581,-1573,-1565,-1556,-1548,-1539,-1531,-1523,-1515,-1506,-1498,-1489,-1481,-1473,-1465,-1456,-1448,-1439,-1431,-1423,-1415,-1406,-1398,-1389,-1381,-1373,-1365,-1356,-1348,-1339,-1331,-1323,-1315,-1306,-1298,-1289,-1281,-1273,-1265,-1256,-1248,-1239,-1231,-1223,-1214,-1206,-1198,-1189,-1181,-1173,-1165,-1156,-1148,-1140,-1131,-1123,-1115,-1106,-1098,-1089,-1081,-1073,-1065,-1056,-1048,-1039,-1031,-1023,-1015,-1006,-998,-992,-983,-971,-965,-956,-950,-941,-932,-924,-916,-907,-899,-890,-882,-874,-866,-857,-848,-840,-832,-824,-815,-807,-799,-790,-286282	286284	N\A	N\A	N\A	N\A	-200	200	-200	200	0.03	-5	0	0	-1	-10000	-10000	-10000	3	2000	1	N\A	-10000	254	1.58493	0	15.0083	N\A	-10000	92	MAP 1-2
P	0	97	0	16.4818	-20.1061	-1.98171	-2.70721	0.208723	-1.18755	3.468	92.682	-119	-10000	0	4	1	A	0	18061	0	0.965625	-1	0	0	-10000	-1993,-1985,-1977,-1968,-1960,-1951,-1943,-1935,-1927,-1918,-1910,-1901,-1893,-1885,-1876,-1868,-1860,-1851,-1843,-1835,-1827,-1818,-1810,-1802,-1793,-1785,-1777,-1768,-1760,-1751,-1743,-1735,-1727,-1718,-1710,-1701,-1693,-1685,-1677,-1668,-1660,-1654,-1645,-1633,-1627,-1618,-1612,-1603,-1594,-1586,-1578,-1569,-1561,-1552,-1544,-1536,-1528,-1519,-1510,-1502,-1494,-1486,-1477,-1469,-1461,-1452,-1444,-1435,-1427,-1419,-1411,-1402,-1394,-1385,-1377,-1369,-1361,-1352,-1344,-1335,-1327,-1319,-1311,-1302,-1294,-1285,-1277,-1269,-1261,-1252,-1244,-1236,-1227,-1219,-1211,-1202,-1194,-1185,-1177,-1169,-1161,-1152,-1144,-1136,-1120,-1111,-1102,-1093,-1083,-1070,-1060,-1053,-1044,-1035,-1031,-1027,-1024,-1018,-1010,-1003,-992,-984,-977,-969,-960,-952,-944,-935,-927,-919,-911,-902,-894,-885,-877,-869,-861,-852,-844,-835,-827,-819,-811,-802,-794,-785,-286944	286946	N\A	N\A	N\A	N\A	-200	200	-200	200	0.03	-5	0	0	-1	-10000	-10000	-10000	3	2000	1	N\A	-10000	62	2.49731	0	17.12	N\A	-10000	92	MAP 1-2
P	0	98	0	15.8446	-20.0582	-1.96309	-2.70821	0.211875	-1.1873	6.66	92.913	-19	-10000	0	4	1	A	0	18061	0	1.39422	-1	0	0	-10000	-2000,-1992,-1984,-1976,-1967,-1959,-1953,-1944,-1932,-1926,-1917,-1911,-1902,-1893,-1885,-1877,-1868,-1860,-1851,-1843,-1835,-1827,-1818,-1809,-1801,-1793,-1785,-1776,-1768,-1760,-1751,-1743,-1734,-1726,-1718,-1710,-1701,-1693,-1684,-1676,-1668,-1660,-1651,-1643,-1634,-1626,-1618,-1610,-1601,-1593,-1584,-1576,-1568,-1560,-1551,-1543,-1535,-1526,-1518,-1510,-1501,-1493,-1484,-1476,-1468,-1460,-1451,-1443,-1435,-1419,-1410,-1401,-1392,-1382,-1369,-1359,-1352,-1343,-1334,-1330,-1326,-1323,-1317,-1309,-1302,-1291,-1283,-1276,-1268,-1259,-1251,-1243,-1234,-1226,-1218,-1210,-1201,-1193,-1184,-1176,-1168,-1160,-1151,-1143,-1134,-1126,-1118,-1110,-1101,-1093,-1084,-1076,-1068,-1060,-1051,-1043,-1035,-1026,-1018,-1009,-1002,-993,-985,-974,-967,-960,-955,-952,-943,-934,-927,-918,-910,-903,-898,-889,-884,-868,-860,-852,-843,-833,-824,-818,-809,-802,-287243	287245	N\A	N\A	N\A	N\A	-200	200	-200	200	0.03	-5	0	0	-1	-10000	-10000	-10000	3	2000	1	N\A	-10000	100	0.639297	0	17.2778	N\A	-10000	92	MAP 1-2
P	0	99	0	14.8325	-20.1772	-1.94901	-2.71156	0.21111	-1.18695	7.182	93.108	65	-10000	0	4	1	A	0	18061	0	1.29293	-1	0	0	-10000	-2000,-1992,-1983,-1975,-1967,-1959,-1950,-1942,-1933,-1925,-1917,-1909,-1900,-1892,-1883,-1875,-1867,-1859,-1850,-1842,-1834,-1825,-1817,-1809,-1800,-1792,-1783,-1775,-1767,-1759,-1750,-1742,-1734,-1718,-1709,-1700,-1691,-1681,-1668,-1658,-1651,-1642,-1633,-1629,-1625,-1622,-1616,-1608,-1601,-1590,-1582,-1575,-1567,-1558,-1550,-1542,-1533,-1525,-1517,-1509,-1500,-1492,-1483,-1475,-1467,-1459,-1450,-1442,-1433,-1425,-1417,-1409,-1400,-1392,-1383,-1375,-1367,-1359,-1350,-1342,-1334,-1325,-1317,-1308,-1301,-1292,-1284,-1273,-1266,-1259,-1254,-1251,-1242,-1233,-1226,-1217,-1209,-1202,-1197,-1188,-1183,-1167,-1159,-1151,-1142,-1132,-1123,-1117,-1108,-1101,-1092,-1084,-1076,-1067,-1059,-1050,-1042,-1034,-1026,-1017,-1009,-1000,-992,-984,-976,-967,-951,-942,-933,-924,-918,-908,-900,-892,-883,-876,-867,-859,-850,-842,-834,-825,-817,-809,-800,-792,-287542	287544	N\A	N\A	N\A	N\A	-200	200	-200	200	0.03	-5	0	0	-1	-10000	-10000	-10000	3	2000	1	N\A	-10000	84	1.01915	0	16.9614	N\A	-10000	92	MAP 1-2
P	0	100	0	13.4853	-20.1592	-1.90193	-2.72725	0.215672	-1.18788	7.182	93.522	-137	-10000	0	4	1	A	0	18061	0	1.29293	-1	0	0	-10000	-1994,-1985,-1977,-1969,-1961,-1952,-1944,-1936,-1920,-1911,-1902,-1893,-1883,-1870,-1860,-1853,-1844,-1835,-1831,-1827,-1824,-1818,-1810,-1803,-1792,-1784,-1777,-1769,-1760,-1752,-1744,-1735,-1727,-1719,-1711,-1702,-1694,-1685,-1677,-1669,-1661,-1652,-1644,-1635,-1627,-1619,-1611,-1602,-1594,-1585,-1577,-1569,-1561,-1552,-1544,-1536,-1527,-1519,-1510,-1503,-1494,-1486,-1475,-1468,-1461,-1456,-1453,-1444,-1435,-1428,-1419,-1411,-1404,-1399,-1390,-1385,-1369,-1361,-1353,-1344,-1334,-1325,-1319,-1310,-1303,-1294,-1286,-1278,-1269,-1261,-1252,-1244,-1236,-1228,-1219,-1211,-1202,-1194,-1186,-1178,-1169,-1153,-1144,-1135,-1126,-1120,-1110,-1102,-1094,-1085,-1078,-1069,-1061,-1052,-1044,-1036,-1027,-1019,-1011,-1002,-994,-986,-977,-969,-961,-952,-944,-936,-927,-919,-911,-903,-891,-885,-877,-868,-859,-853,-849,-844,-835,-828,-820,-811,-802,-794,-287744	287746	N\A	N\A	N\A	N\A	-200	200	-200	200	0.03	-5	0	0	-1	-10000	-10000	-10000	3	2000	1	N\A	-10000	202	1.3482	0	16.9614	N\A	-10000	92	MAP 1-2
P	0	101	0	9.48977	-19.7477	-1.70444	-2.79524	0.242008	-1.19871	3.315	93.348	132	-10000	0	4	1	A	0	18061	0	0.772078	-1	0	0	-10000	-1993,-1985,-1976,-1968,-1959,-1952,-1943,-1935,-1924,-1917,-1910,-1905,-1902,-1893,-1884,-1877,-1868,-1860,-1853,-1848,-1839,-1834,-1818,-1810,-1802,-1793,-1783,-1774,-1768,-1759,-1752,-1743,-1735,-1727,-1718,-1710,-1701,-1693,-1685,-1677,-1668,-1660,-1651,-1643,-1635,-1627,-1618,-1602,-1593,-1584,-1575,-1569,-1559,-1551,-1543,-1534,-1527,-1518,-1510,-1501,-1493,-1485,-1476,-1468,-1460,-1451,-1443,-1435,-1426,-1418,-1410,-1401,-1393,-1385,-1376,-1368,-1360,-1352,-1340,-1334,-1326,-1317,-1308,-1302,-1298,-1293,-1284,-1277,-1269,-1260,-1251,-1243,-1235,-1227,-1218,-1210,-1201,-1193,-1185,-1176,-1168,-1160,-1152,-1143,-1135,-1127,-1118,-1105,-1101,-1091,-1086,-1081,-1073,-1068,-1063,-1059,-1051,-1039,-1034,-1020,-1009,-1002,-992,-984,-975,-969,-959,-951,-941,-934,-926,-918,-910,-901,-893,-885,-877,-868,-860,-851,-843,-835,-827,-817,-807,-802,-288193	288195	N\A	N\A	N\A	N\A	-200	200	-200	200	0.03	-5	0	0	-1	-10000	-10000	-10000	3	2000	1	N\A	-10000	269	4.02149	0	20.4984	N\A	-10000	92	MAP 1-2
P	0	102	0	6.942	-19.4176	-1.63167	-2.84214	0.261628	-1.21101	5.868	94.767	-50	-10000	0	4	1	A	0	18061	0	1.03446	-1	0	0	-10000	-1993,-1985,-1977,-1968,-1952,-1943,-1934,-1925,-1919,-1909,-1901,-1893,-1884,-1877,-1868,-1860,-1851,-1843,-1835,-1826,-1818,-1810,-1801,-1793,-1785,-1776,-1768,-1760,-1751,-1743,-1735,-1726,-1718,-1710,-1702,-1690,-1684,-1676,-1667,-1658,-1652,-1648,-1643,-1634,-1627,-1619,-1610,-1601,-1593,-1585,-1577,-1568,-1560,-1551,-1543,-1535,-1526,-1518,-1510,-1502,-1493,-1485,-1477,-1468,-1455,-1451,-1441,-1436,-1431,-1423,-1418,-1413,-1409,-1401,-1389,-1384,-1370,-1359,-1352,-1342,-1334,-1325,-1319,-1309,-1301,-1291,-1284,-1276,-1268,-1260,-1251,-1243,-1235,-1227,-1218,-1210,-1201,-1193,-1185,-1177,-1167,-1157,-1152,-1143,-1134,-1124,-1119,-1109,-1102,-1092,-1086,-1082,-1077,-1068,-1059,-1053,-1049,-1034,-1025,-1019,-1016,-1007,-1001,-992,-984,-976,-969,-961,-952,-943,-936,-931,-919,-909,-901,-893,-889,-884,-875,-867,-860,-852,-841,-826,-819,-810,-288543	288545	N\A	N\A	N\A	N\A	-200	200	-200	200	0.03	-5	0	0	-1	-10000	-10000	-10000	3	2000	1	N\A	-10000	182	2.57011	0	22.7727	N\A	-10000	92	MAP 1-2
P	0	103	0	4.35013	-19.2308	-1.52495	-2.88378	0.278834	-1.22166	6.744	93.948	-86	-10000	0	4	1	A	0	18061	0	1.23357	-1	0	0	-10000	-1993,-1985,-1976,-1968,-1960,-1952,-1943,-1935,-1927,-1918,-1905,-1901,-1891,-1886,-1881,-1873,-1868,-1863,-1859,-1851,-1839,-1834,-1820,-1809,-1802,-1792,-1784,-1775,-1769,-1759,-1751,-1741,-1734,-1726,-1718,-1710,-1701,-1693,-1685,-1677,-1668,-1660,-1651,-1643,-1635,-1627,-1617,-1607,-1602,-1593,-1584,-1574,-1569,-1559,-1552,-1542,-1536,-1532,-1527,-1518,-1509,-1503,-1499,-1484,-1475,-1469,-1466,-1457,-1451,-1442,-1434,-1426,-1419,-1411,-1402,-1393,-1386,-1381,-1369,-1359,-1351,-1343,-1339,-1334,-1325,-1317,-1310,-1302,-1291,-1276,-1269,-1260,-1251,-1243,-1235,-1227,-1218,-1210,-1201,-1194,-1185,-1177,-1168,-1160,-1151,-1143,-1135,-1127,-1118,-1110,-1102,-1093,-1085,-1077,-1068,-1060,-1052,-1043,-1035,-1027,-1018,-1010,-1001,-993,-985,-977,-972,-966,-963,-953,-943,-934,-929,-924,-919,-909,-902,-892,-885,-876,-868,-859,-852,-835,-827,-818,-288993	288995	N\A	N\A	N\A	N\A	-200	200	-200	200	0.03	-5	0	0	-1	-10000	-10000	-10000	3	2000	1	N\A	-10000	36	2.60077	0	19.9385	N\A	-10000	92	MAP 1-2
P	0	104	0	-2.72417	-19.787	-1.25585	-3.02907	0.31642	-1.23945	5.448	94.68	65	-10000	0	4	1	A	0	18061	0	0.780504	-1	0	0	-10000	-1999,-1984,-1975,-1969,-1966,-1957,-1951,-1942,-1934,-1926,-1919,-1911,-1902,-1893,-1886,-1881,-1869,-1859,-1851,-1843,-1839,-1834,-1825,-1817,-1810,-1802,-1791,-1776,-1769,-1760,-1751,-1743,-1735,-1727,-1718,-1710,-1701,-1694,-1685,-1677,-1668,-1660,-1651,-1643,-1635,-1627,-1618,-1610,-1602,-1593,-1585,-1577,-1568,-1560,-1552,-1543,-1535,-1527,-1518,-1510,-1501,-1493,-1485,-1477,-1472,-1466,-1463,-1453,-1443,-1434,-1429,-1424,-1419,-1409,-1402,-1392,-1385,-1376,-1368,-1359,-1352,-1335,-1327,-1318,-1310,-1302,-1293,-1284,-1276,-1269,-1260,-1252,-1243,-1235,-1227,-1218,-1210,-1202,-1194,-1185,-1177,-1168,-1160,-1152,-1143,-1135,-1122,-1113,-1103,-1098,-1089,-1074,-1069,-1060,-1053,-1039,-1035,-1029,-1022,-1018,-1000,-991,-984,-974,-969,-961,-951,-944,-935,-928,-918,-911,-902,-894,-886,-877,-866,-858,-854,-848,-835,-827,-818,-810,-803,-794,-289493	289495	N\A	N\A	N\A	N\A	-200	200	-200	200	0.03	-5	0	0	-1	-10000	-10000	-10000	3	2000	1	N\A	-10000	143	3.87852	0	23.4881	N\A	-10000	92	MAP 1-2
P	0	105	0	-6.91998	-20.3414	-1.14602	-3.12575	0.333239	-1.2562	7.683	94.878	70	-10000	0	4	1	A	0	18061	0	1.09886	-1	0	0	-10000	-1999,-1991,-1983,-1974,-1966,-1957,-1950,-1941,-1933,-1924,-1916,-1907,-1899,-1891,-1883,-1874,-1866,-1858,-1849,-1841,-1833,-1824,-1816,-1808,-1799,-1791,-1783,-1774,-1766,-1757,-1749,-1741,-1733,-1728,-1722,-1719,-1709,-1699,-1690,-1685,-1680,-1675,-1665,-1658,-1648,-1641,-1632,-1624,-1615,-1608,-1591,-1583,-1574,-1566,-1558,-1549,-1540,-1532,-1525,-1516,-1508,-1499,-1491,-1483,-1474,-1466,-1458,-1450,-1441,-1433,-1424,-1416,-1408,-1399,-1391,-1378,-1369,-1359,-1354,-1345,-1330,-1325,-1316,-1309,-1295,-1291,-1285,-1278,-1274,-1256,-1247,-1240,-1230,-1225,-1217,-1207,-1200,-1191,-1184,-1174,-1167,-1158,-1150,-1142,-1133,-1122,-1114,-1110,-1104,-1091,-1083,-1074,-1066,-1059,-1050,-1041,-1033,-1024,-1017,-1008,-991,-983,-975,-966,-957,-949,-941,-933,-925,-917,-908,-899,-891,-880,-874,-867,-858,-854,-848,-842,-837,-823,-815,-809,-802,-795,-289749	289751	N\A	N\A	N\A	N\A	-200	200	-200	200	0.03	-5	0	0	-1	-10000	-10000	-10000	3	2000	1	N\A	-10000	5	4.2337	0	15.1616	N\A	-10000	92	MAP 1-2
P	0	106	0	-9.56675	-84.5281	52.6813	1.63087	0.751677	-0.196306	75.783	101.004	198	-10000	0	4	1	A	0	18061	0	11.9443	-1	0	0	-10000	-2000,-1983,-1967,-1950,-1933,-1917,-1900,-1890,-1869,-1852,-1847,-1836,-1829,-1819,-1814,-1803,-1786,-1780,-1770,-1763,-1753,-1746,-1736,-1730,-1719,-1713,-1703,-1696,-1686,-1679,-1669,-1663,-1653,-1646,-1636,-1629,-1619,-1613,-1603,-1596,-1586,-1579,-1569,-1563,-1553,-1546,-1536,-1529,-1519,-1513,-1503,-1496,-1486,-1479,-1469,-1463,-1453,-1446,-1436,-1429,-1419,-1413,-1403,-1386,-1380,-1369,-1363,-1353,-1346,-1336,-1329,-1319,-1313,-1303,-1296,-1286,-1279,-1269,-1263,-1253,-1246,-1236,-1229,-1219,-1212,-1203,-1196,-1186,-1179,-1169,-1162,-1153,-1146,-1136,-1129,-1119,-1112,-1103,-1096,-1086,-1079,-1069,-1062,-1053,-1046,-1036,-1029,-1019,-1012,-1002,-996,-986,-979,-969,-963,-952,-936,-929,-919,-912,-902,-896,-886,-879,-869,-862,-852,-846,-836,-829,-819,-812,-802,-796,-786,-779,-769,-762,-752,-746,-736,-729,-719,-712,-702,-696,-915684	915693	N\A	N\A	N\A	N\A	-200	200	-200	200	0.03	-5	0	0	-1	-10000	-10000	-10000	3	2000	1	N\A	-10000	118	0.387431	0	18.5675	N\A	-10000	92	MAP 1-2
P	0	108	0	15.571	-85.9365	52.2849	1.83846	-0.700361	-0.375519	5.679	99.003	71	-10000	0	4	1	A	0	18061	0	1.20007	-1	0	0	-10000	-2000,-1996,-1988,-1979,-1972,-1968,-1962,-1951,-1941,-1938,-1928,-1921,-1916,-1913,-1899,-1895,-1888,-1882,-1872,-1862,-1853,-1845,-1837,-1828,-1820,-1812,-1803,-1795,-1786,-1778,-1770,-1762,-1753,-1745,-1737,-1728,-1720,-1712,-1703,-1695,-1687,-1678,-1670,-1662,-1653,-1645,-1637,-1628,-1620,-1612,-1603,-1595,-1582,-1572,-1563,-1553,-1546,-1537,-1529,-1520,-1512,-1508,-1495,-1486,-1482,-1470,-1458,-1453,-1445,-1438,-1428,-1419,-1402,-1395,-1389,-1378,-1370,-1362,-1354,-1345,-1337,-1328,-1312,-1303,-1295,-1287,-1281,-1271,-1261,-1251,-1246,-1241,-1229,-1221,-1212,-1195,-1188,-1179,-1169,-1162,-1154,-1145,-1136,-1129,-1120,-1112,-1103,-1095,-1087,-1078,-1070,-1062,-1054,-1045,-1037,-1029,-1020,-1012,-1004,-995,-987,-978,-970,-962,-952,-941,-929,-920,-913,-909,-899,-894,-878,-870,-862,-854,-844,-836,-829,-824,-811,-804,-800,-794,-785,-781,-987684	987693	N\A	N\A	N\A	N\A	-200	200	-200	200	0.03	-5	0	0	-1	-10000	-10000	-10000	3	2000	1	N\A	-10000	147	0.484077	0	16.9339	N\A	-10000	92	MAP 1-2
P	0	109	0	40.6519	-88.9566	51.7168	1.94575	-0.913551	-0.385753	5.583	87.63	-2	-10000	0	4	1	A	0	18061	0	1.07437	-1	0	0	-10000	-1996,-1990,-1978,-1968,-1962,-1953,-1946,-1937,-1929,-1920,-1913,-1904,-1896,-1887,-1879,-1871,-1862,-1846,-1837,-1829,-1820,-1813,-1804,-1796,-1787,-1778,-1770,-1763,-1750,-1743,-1737,-1729,-1721,-1713,-1701,-1696,-1687,-1680,-1671,-1662,-1654,-1646,-1637,-1630,-1617,-1613,-1606,-1595,-1585,-1580,-1570,-1562,-1553,-1546,-1539,-1527,-1517,-1513,-1507,-1489,-1479,-1472,-1457,-1453,-1445,-1431,-1420,-1411,-1403,-1394,-1380,-1371,-1361,-1355,-1345,-1338,-1328,-1319,-1313,-1305,-1299,-1288,-1284,-1271,-1267,-1263,-1260,-1249,-1243,-1236,-1229,-1221,-1213,-1202,-1196,-1188,-1180,-1170,-1163,-1154,-1145,-1137,-1129,-1113,-1105,-1090,-1080,-1072,-1063,-1052,-1045,-1037,-1029,-1019,-1009,-1003,-993,-987,-978,-973,-963,-955,-945,-930,-922,-912,-902,-896,-888,-880,-868,-858,-854,-845,-835,-830,-825,-816,-813,-806,-796,-780,-770,-762,-752,-746,-995183	995192	N\A	N\A	N\A	N\A	-200	200	-200	200	0.03	-5	0	0	-1	-10000	-10000	-10000	3	2000	1	N\A	-10000	186	0.858016	0	9.30624	N\A	-10000	92	MAP 1-2
P	0	110	0	31.0192	-86.9294	37.0197	1.92982	-0.83993	-0.326345	6.414	88.302	-4	-10000	0	4	1	A	0	18061	0	1.28701	-1	0	0	-10000	-1996,-1987,-1976,-1967,-1955,-1944,-1937,-1926,-1915,-1911,-1904,-1894,-1888,-1878,-1871,-1861,-1855,-1844,-1838,-1828,-1824,-1820,-1815,-1805,-1794,-1788,-1777,-1772,-1761,-1754,-1744,-1738,-1728,-1721,-1712,-1700,-1690,-1681,-1674,-1670,-1655,-1646,-1638,-1626,-1612,-1596,-1592,-1584,-1575,-1564,-1560,-1550,-1539,-1531,-1521,-1507,-1495,-1488,-1482,-1478,-1464,-1455,-1445,-1441,-1432,-1423,-1412,-1403,-1398,-1390,-1380,-1371,-1361,-1356,-1351,-1338,-1325,-1311,-1306,-1301,-1292,-1287,-1283,-1272,-1261,-1256,-1247,-1244,-1238,-1228,-1220,-1214,-1210,-1199,-1191,-1176,-1167,-1158,-1148,-1143,-1124,-1114,-1109,-1101,-1094,-1081,-1073,-1067,-1060,-1049,-1041,-1034,-1015,-1006,-994,-973,-965,-956,-944,-932,-923,-917,-912,-907,-893,-875,-856,-842,-838,-824,-816,-811,-804,-792,-773,-761,-753,-742,-730,-725,-721,-715,-711,-706,-697,-688,-999887	999896	N\A	N\A	N\A	N\A	-200	200	-200	200	0.03	-5	0	0	-1	-10000	-10000	-10000	3	2000	1	N\A	-10000	192	1.60854	0	5.55576	N\A	-10000	92	MAP 1-2
P	0	111	0	16.8238	-85.9583	35.712	1.85292	-0.754928	-0.338158	2.247	92.442	7	-10000	0	4	1	A	0	18061	0	0.376536	-1	0	0	-10000	-1999,-1993,-1987,-1975,-1961,-1956,-1942,-1923,-1910,-1892,-1886,-1876,-1870,-1864,-1861,-1850,-1846,-1837,-1828,-1823,-1812,-1808,-1793,-1775,-1760,-1742,-1733,-1724,-1710,-1704,-1689,-1676,-1669,-1655,-1636,-1624,-1610,-1602,-1593,-1577,-1569,-1560,-1543,-1526,-1519,-1513,-1508,-1496,-1487,-1472,-1462,-1455,-1444,-1438,-1428,-1420,-1411,-1405,-1387,-1377,-1370,-1360,-1352,-1343,-1338,-1327,-1320,-1310,-1304,-1293,-1277,-1271,-1260,-1252,-1243,-1237,-1226,-1220,-1211,-1196,-1188,-1176,-1164,-1156,-1144,-1121,-1109,-1102,-1093,-1079,-1069,-1060,-1055,-1044,-1037,-1027,-1011,-1002,-993,-979,-976,-971,-960,-952,-943,-927,-922,-910,-903,-890,-887,-876,-860,-854,-843,-839,-826,-821,-810,-802,-793,-787,-776,-770,-760,-746,-737,-729	1004545	N\A	N\A	N\A	N\A	-200	200	-200	200	0.03	-5	0	0	-1	-10000	-10000	-10000	3	2000	1	N\A	-10000	176	0.675772	0	19.8362	N\A	-10000	92	MAP 1-2
P	0	112	0	0.764795	-85.5903	34.9561	1.81286	-0.783706	-0.340218	27.786	101.76	25	-10000	0	4	1	A	0	18061	0	4.34307	-1	0	0	-10000	-1992,-1987,-1976,-1969,-1959,-1951,-1942,-1937,-1925,-1919,-1909,-1903,-1892,-1885,-1876,-1869,-1859,-1852,-1842,-1836,-1826,-1819,-1809,-1802,-1792,-1786,-1776,-1769,-1759,-1752,-1742,-1735,-1726,-1719,-1709,-1692,-1685,-1676,-1669,-1659,-1652,-1642,-1636,-1626,-1619,-1609,-1602,-1592,-1585,-1576,-1569,-1559,-1552,-1542,-1535,-1525,-1519,-1509,-1503,-1492,-1485,-1476,-1470,-1459,-1452,-1442,-1426,-1419,-1409,-1402,-1392,-1386,-1376,-1369,-1359,-1352,-1342,-1336,-1326,-1319,-1309,-1302,-1292,-1286,-1276,-1269,-1259,-1252,-1242,-1235,-1226,-1219,-1209,-1202,-1192,-1186,-1176,-1169,-1159,-1152,-1142,-1135,-1126,-1119,-1109,-1103,-1091,-1083,-1078,-1073,-1069,-1061,-1058,-1052,-1042,-1036,-1025,-1019,-1009,-1002,-991,-985,-975,-967,-958,-952,-942,-934	1008195	N\A	N\A	N\A	N\A	-200	200	-200	200	0.03	-5	0	0	-1	-10000	-10000	-10000	3	2000	1	N\A	-10000	105	1.35431	0	21.6068	N\A	-10000	92	MAP 1-2
P	0	113	0	-9.52636	-82.6738	19.8826	1.80793	-0.643433	-0.399893	3.144	112.212	47	-10000	0	4	1	A	0	18061	0	0.484312	-1	0	0	-10000	-1997,-1988,-1979,-1969,-1963,-1954,-1947,-1937,-1930,-1920,-1914,-1903,-1897,-1887,-1880,-1870,-1862,-1853,-1847,-1837,-1830,-1820,-1816,-1803,-1797,-1788,-1781,-1770,-1762,-1753,-1747,-1738,-1734,-1729,-1720,-1713,-1703,-1697,-1687,-1680,-1670,-1663,-1653,-1646,-1637,-1629,-1620,-1613,-1603,-1595,-1587,-1580,-1570,-1563,-1553,-1547,-1537,-1520,-1514,-1503,-1499,-1489,-1479,-1464,-1453,-1446,-1436,-1430,-1420,-1413,-1407,-1403,-1388,-1370,-1351,-1336,-1329,-1315,-1303,-1297,-1286,-1281,-1270,-1264,-1253,-1248,-1237,-1230,-1220,-1203,-1187,-1179,-1170,-1163,-1153,-1147,-1136,-1130,-1120,-1113,-1103,-1097,-1086,-1080,-1070,-1062,-1053,-1047,-1036,-1030,-1020,-1012,-1003,-997,-986,-981,-970,-964,-953,-947,-937,-930,-920,-912,-903,-897,-887,-870	1013592	N\A	N\A	N\A	N\A	-200	200	-200	200	0.03	-5	0	0	-1	-10000	-10000	-10000	3	2000	1	N\A	-10000	232	1.64144	0	18.3685	N\A	-10000	92	MAP 1-2
P	0	114	0	3.41212	-84.5901	20.2402	1.79246	-0.586924	-0.359697	6.444	113.412	-103	-10000	0	4	1	A	0	18061	0	1.11525	-1	0	0	-10000	-1999,-1988,-1983,-1978,-1973,-1966,-1956,-1950,-1933,-1922,-1913,-1904,-1899,-1890,-1882,-1868,-1860,-1855,-1841,-1833,-1825,-1816,-1806,-1800,-1791,-1786,-1771,-1762,-1756,-1739,-1732,-1722,-1716,-1706,-1700,-1689,-1683,-1673,-1666,-1656,-1633,-1623,-1616,-1605,-1595,-1592,-1583,-1577,-1569,-1562,-1549,-1539,-1525,-1516,-1507,-1482,-1474,-1463,-1455,-1446,-1441,-1433,-1425,-1413,-1407,-1402,-1389,-1384,-1371,-1362,-1354,-1343,-1339,-1333,-1325,-1320,-1311,-1305,-1301,-1291,-1279,-1271,-1260,-1253,-1238,-1220,-1203,-1195,-1187,-1178,-1169,-1157,-1154,-1144,-1133,-1122,-1112,-1102,-1089,-1079,-1071,-1060,-1051,-1046,-1036,-1028,-1017,-1012,-1004,-995,-984,-975,-965,-962,-954,-946,-942,-933,-928,-919,-910,-900,-895,-890,-884,-876,-867,-862	1019596	N\A	N\A	N\A	N\A	-200	200	-200	200	0.03	-5	0	0	-1	-10000	-10000	-10000	3	2000	1	N\A	-10000	51	0.760603	0	20.6115	N\A	-10000	92	MAP 1-2
P	0	115	0	16.1061	-85.2573	20.0895	1.83511	-0.673628	-0.300005	5.895	117.684	25	-10000	0	4	1	A	0	18061	0	1.09136	-1	0	0	-10000	-1997,-1989,-1980,-1976,-1965,-1957,-1953,-1947,-1932,-1923,-1914,-1905,-1894,-1881,-1872,-1862,-1852,-1839,-1829,-1819,-1808,-1798,-1788,-1781,-1774,-1763,-1753,-1749,-1745,-1739,-1731,-1720,-1716,-1707,-1702,-1697,-1692,-1688,-1682,-1678,-1664,-1655,-1649,-1639,-1632,-1623,-1616,-1606,-1598,-1589,-1581,-1573,-1565,-1556,-1548,-1540,-1531,-1523,-1515,-1506,-1498,-1489,-1482,-1473,-1465,-1456,-1448,-1442,-1431,-1423,-1397,-1390,-1382,-1372,-1365,-1360,-1355,-1343,-1332,-1325,-1314,-1304,-1300,-1290,-1280,-1273,-1262,-1255,-1248,-1240,-1232,-1223,-1215,-1206,-1199,-1190,-1181,-1173,-1165,-1156,-1148,-1137,-1127,-1123,-1114,-1104,-1099,-1094,-1090,-1081,-1071,-1066,-1062,-1056,-1048,-1039,-1028,-1016,-1008,-999,-995,-981,-974,-966,-962,-956,-947,-942	1024216	N\A	N\A	N\A	N\A	-200	200	-200	200	0.03	-5	0	0	-1	-10000	-10000	-10000	3	2000	1	N\A	-10000	143	1.44033	0	13.6459	N\A	-10000	92	MAP 1-2
P	0	116	0	28.4317	-87.2793	20.4058	1.7936	-0.633697	-0.212636	6.483	116.778	-165	-10000	0	4	1	A	0	18061	0	1.06485	-1	0	0	-10000	-1999,-1981,-1969,-1953,-1946,-1942,-1936,-1929,-1916,-1912,-1903,-1883,-1877,-1870,-1861,-1851,-1846,-1837,-1828,-1818,-1806,-1797,-1791,-1784,-1771,-1763,-1751,-1744,-1731,-1719,-1713,-1706,-1701,-1692,-1687,-1680,-1669,-1665,-1656,-1648,-1642,-1633,-1622,-1612,-1604,-1594,-1581,-1577,-1571,-1549,-1542,-1537,-1529,-1514,-1504,-1496,-1483,-1479,-1467,-1453,-1449,-1445,-1432,-1420,-1411,-1400,-1392,-1381,-1372,-1358,-1349,-1336,-1328,-1321,-1316,-1301,-1292,-1283,-1273,-1264,-1249,-1241,-1230,-1219,-1207,-1200,-1186,-1179,-1166,-1154,-1142,-1137,-1131,-1122,-1114,-1108,-1103,-1099,-1089,-1081,-1071,-1064,-1049,-1037,-1031,-1023,-1014,-1004,-995,-989,-984,-975,-965,-951,-944,-938,-934,-928,-918,-912,-901,-895,-889,-880,-870,-866,-849,-839	1028674	N\A	N\A	N\A	N\A	-200	200	-200	200	0.03	-5	0	0	-1	-10000	-10000	-10000	3	2000	1	N\A	-10000	239	6.81132	0	21.1671	N\A	-10000	92	MAP 1-2
P	0	117	0	41.3516	-86.1923	19.4339	1.82152	-0.633892	-0.233091	1.179	108.789	-67	-10000	0	4	1	A	0	18061	0	0.205717	-1	0	0	-10000	-1996,-1988,-1979,-1964,-1957,-1950,-1943,-1925,-1914,-1893,-1888,-1882,-1871,-1867,-1861,-1844,-1833,-1809,-1787,-1776,-1768,-1761,-1754,-1744,-1738,-1735,-1727,-1710,-1694,-1688,-1675,-1670,-1657,-1642,-1637,-1626,-1612,-1607,-1593,-1588,-1579,-1565,-1561,-1547,-1542,-1538,-1528,-1515,-1507,-1495,-1485,-1476,-1471,-1462,-1443,-1434,-1423,-1417,-1410,-1400,-1390,-1379,-1357,-1345,-1326,-1315,-1311,-1307,-1297,-1292,-1284,-1274,-1264,-1259,-1250,-1242,-1227,-1220,-1210,-1200,-1188,-1184,-1176,-1165,-1158,-1150,-1144,-1141,-1125,-1121,-1117,-1112,-1093,-1088,-1084,-1077,-1060,-1050,-1039,-1026,-1018,-1008,-991,-976,-972,-962,-949,-943,-934,-929,-920,-912,-900,-896,-891,-879,-871,-863,-857,-843,-830,-824,-813,-807,-800,-794,-789,-779	1035234	N\A	N\A	N\A	N\A	-200	200	-200	200	0.03	-5	0	0	-1	-10000	-10000	-10000	3	2000	1	N\A	-10000	25	1.22261	0	12.1755	N\A	-10000	92	MAP 1-2
P	0	118	0	-11.9541	-84.4275	6.34663	1.77857	-0.23145	-0.297594	12.864	103.341	-36	-10000	0	4	1	A	0	18061	0	2.18204	-1	0	0	-10000	-1999,-1987,-1971,-1965,-1954,-1948,-1937,-1931,-1921,-1914,-1904,-1898,-1888,-1881,-1871,-1854,-1848,-1839,-1831,-1823,-1814,-1804,-1797,-1787,-1771,-1765,-1754,-1737,-1730,-1721,-1704,-1697,-1687,-1681,-1671,-1664,-1654,-1648,-1637,-1631,-1621,-1615,-1605,-1582,-1572,-1553,-1548,-1538,-1525,-1516,-1505,-1498,-1487,-1482,-1473,-1464,-1454,-1437,-1431,-1421,-1403,-1387,-1382,-1370,-1353,-1348,-1338,-1331,-1320,-1314,-1304,-1298,-1290,-1286,-1270,-1254,-1247,-1237,-1231,-1220,-1214,-1204,-1187,-1170,-1164,-1154,-1137,-1130,-1120,-1114,-1104,-1097,-1087,-1071,-1054,-1037,-1022,-1015,-1011,-1005,-987,-982,-972,-965,-955,-949,-939,-921,-903,-887,-870,-864,-854,-847,-837,-831,-821,-814,-804,-787,-781,-770,-753,-747,-737,-730,-720,-714	1042594	N\A	N\A	N\A	N\A	-200	200	-200	200	0.03	-5	0	0	-1	-10000	-10000	-10000	3	2000	1	N\A	-10000	202	0.826979	0	19.5643	N\A	-10000	92	MAP 1-2
P	0	119	0	-1.91519	-86.1218	7.2384	1.70325	-0.18564	-0.258265	103.158	113.961	136	-10000	0	4	1	A	0	18061	0	15.5682	-1	0	0	-10000	-1998,-1991,-1981,-1964,-1957,-1948,-1931,-1924,-1914,-1907,-1898,-1891,-1881,-1874,-1864,-1857,-1848,-1841,-1831,-1824,-1814,-1807,-1798,-1791,-1781,-1774,-1764,-1757,-1748,-1741,-1731,-1724,-1714,-1707,-1697,-1691,-1681,-1674,-1664,-1657,-1647,-1641,-1631,-1624,-1614,-1607,-1597,-1591,-1581,-1574,-1564,-1557,-1547,-1541,-1531,-1524,-1514,-1507,-1497,-1491,-1481,-1474,-1464,-1457,-1447,-1441,-1431,-1424,-1414,-1407,-1397,-1391,-1381,-1374,-1364,-1357,-1347,-1340,-1331,-1324,-1314,-1307,-1297,-1290,-1281,-1274,-1264,-1257,-1247,-1241,-1231,-1214,-1197,-1190,-1181,-1173,-1164,-1147,-1140,-1131,-1124,-1114,-1107,-1097,-1090,-1081,-1073,-1064,-1057,-1047,-1040,-1031,-1024,-1014,-1007,-997,-990,-981,-974,-964,-957,-947,-940,-931,-923,-914,-907,-897	1047106	N\A	N\A	N\A	N\A	-200	200	-200	200	0.03	-5	0	0	-1	-10000	-10000	-10000	3	2000	1	N\A	-10000	46	2.49611	0	20.0966	N\A	-10000	92	MAP 1-2
P	0	120	0	8.66222	-87.6588	7.48111	1.7301	-0.191345	-0.173157	173.385	103.422	188	-10000	0	4	1	A	0	18061	0	24.767	-1	0	0	-10000	-1996,-1986,-1979,-1970,-1962,-1953,-1946,-1936,-1929,-1920,-1912,-1903,-1896,-1886,-1879,-1870,-1862,-1853,-1846,-1836,-1829,-1820,-1812,-1803,-1796,-1786,-1779,-1770,-1762,-1753,-1746,-1736,-1729,-1720,-1712,-1703,-1696,-1686,-1679,-1670,-1662,-1653,-1646,-1636,-1629,-1620,-1612,-1603,-1596,-1586,-1579,-1570,-1562,-1553,-1546,-1536,-1529,-1520,-1512,-1503,-1496,-1486,-1479,-1470,-1462,-1453,-1446,-1436,-1429,-1420,-1412,-1403,-1396,-1386,-1379,-1370,-1362,-1353,-1346,-1336,-1329,-1320,-1312,-1303,-1296,-1286,-1279,-1270,-1262,-1253,-1246,-1236,-1229,-1220,-1212,-1203,-1195,-1186,-1179,-1170,-1162,-1153,-1145,-1136,-1129,-1119,-1112,-1103,-1095,-1086,-1079,-1069,-1062,-1053,-1045,-1036,-1029,-1019,-1012,-1003,-995,-986,-979,-969,-962,-953,-945,-936	1050946	N\A	N\A	N\A	N\A	-200	200	-200	200	0.03	-5	0	0	-1	-10000	-10000	-10000	3	2000	1	N\A	-10000	43	0.833017	0	10.2481	N\A	-10000	92	MAP 1-2
P	0	121	0	18.6737	-86.7993	7.06453	1.68878	-0.00661234	-0.228565	6.516	95.097	-111	-10000	0	4	1	A	0	18061	0	1.28573	-1	0	0	-10000	-1995,-1988,-1977,-1961,-1944,-1927,-1910,-1904,-1894,-1887,-1880,-1870,-1860,-1854,-1845,-1837,-1827,-1813,-1793,-1776,-1760,-1754,-1744,-1737,-1727,-1719,-1710,-1694,-1686,-1677,-1669,-1660,-1653,-1644,-1636,-1627,-1620,-1610,-1604,-1594,-1587,-1577,-1569,-1560,-1553,-1544,-1536,-1527,-1520,-1510,-1504,-1494,-1487,-1477,-1470,-1460,-1452,-1444,-1436,-1427,-1420,-1410,-1402,-1393,-1377,-1370,-1360,-1354,-1344,-1336,-1330,-1327,-1310,-1303,-1294,-1286,-1277,-1270,-1260,-1254,-1244,-1237,-1227,-1220,-1210,-1204,-1194,-1187,-1177,-1169,-1160,-1154,-1144,-1138,-1132,-1123,-1111,-1103,-1093,-1077,-1060,-1044,-1037,-1027,-1010,-1004,-993,-977,-963,-954,-943,-933,-922,-910,-896,-887,-876,-860,-853,-843,-826,-810,-802,-793,-776,-760,-752,-742	1055458	N\A	N\A	N\A	N\A	-200	200	-200	200	0.03	-5	0	0	-1	-10000	-10000	-10000	3	2000	1	N\A	-10000	201	0.437812	0	20.9944	N\A	-10000	92	MAP 1-2
P	0	122	0	27.3088	-89.2472	7.59992	1.71849	-0.0921847	-0.135907	5.934	95.517	149	-10000	0	4	1	A	0	18061	0	1.18316	-1	0	0	-10000	-1990,-1983,-1969,-1952,-1948,-1940,-1934,-1922,-1917,-1910,-1900,-1892,-1883,-1877,-1868,-1860,-1850,-1843,-1834,-1826,-1815,-1806,-1802,-1792,-1782,-1773,-1768,-1765,-1759,-1750,-1742,-1732,-1727,-1716,-1709,-1700,-1688,-1682,-1677,-1667,-1659,-1650,-1643,-1635,-1631,-1625,-1618,-1609,-1600,-1590,-1580,-1567,-1560,-1547,-1541,-1535,-1527,-1518,-1508,-1499,-1493,-1485,-1476,-1467,-1451,-1443,-1435,-1432,-1417,-1409,-1399,-1390,-1380,-1367,-1359,-1352,-1333,-1325,-1315,-1302,-1292,-1285,-1281,-1272,-1267,-1260,-1252,-1248,-1238,-1230,-1226,-1219,-1215,-1209,-1202,-1189,-1184,-1173,-1169,-1160,-1150,-1139,-1135,-1122,-1115,-1109,-1102,-1092,-1083,-1076,-1068,-1059,-1051,-1043,-1034,-1025,-1015,-1003,-997,-992,-985,-975,-968,-964,-959,-952,-940,-933	1059894	N\A	N\A	N\A	N\A	-200	200	-200	200	0.03	-5	0	0	-1	-10000	-10000	-10000	3	2000	1	N\A	-10000	116	0.138697	0	28.3232	N\A	-10000	92	MAP 1-2
P	0	123	0	35.2812	-88.6386	6.86063	1.7275	0.0523382	-0.126205	53.4	108.741	179	-10000	0	4	1	A	0	18061	0	14.9309	-1	0	0	-10000	-1996,-1987,-1979,-1970,-1962,-1954,-1946,-1937,-1929,-1920,-1912,-1904,-1896,-1887,-1879,-1870,-1862,-1854,-1845,-1837,-1829,-1820,-1812,-1804,-1796,-1787,-1779,-1771,-1762,-1754,-1746,-1737,-1729,-1721,-1712,-1704,-1696,-1687,-1679,-1671,-1662,-1654,-1646,-1637,-1629,-1621,-1612,-1604,-1596,-1587,-1579,-1571,-1562,-1554,-1546,-1538,-1530,-1521,-1512,-1504,-1497,-1488,-1479,-1471,-1463,-1455,-1446,-1438,-1430,-1421,-1413,-1404,-1396,-1392,-1387,-1379,-1375,-1371,-1362,-1355,-1346,-1338,-1329,-1321,-1312,-1304,-1291,-1287,-1279,-1271,-1263,-1254,-1246,-1238,-1229,-1221,-1213,-1204,-1196,-1188,-1179,-1171,-1163,-1154,-1146,-1138,-1130,-1121,-1113,-1104,-1096,-1088,-1079,-1071,-1063,-1054,-1046,-1038,-1029,-1021,-1013,-1004,-996,-988,-980,-971,-963,-954	1064396	N\A	N\A	N\A	N\A	-200	200	-200	200	0.03	-5	0	0	-1	-10000	-10000	-10000	3	2000	1	N\A	-10000	6	0.524608	0	25.718	N\A	-10000	92	MAP 1-2
P	0	124	0	43.977	-89.1387	7.73108	1.70669	0.0870268	-0.014959	178.011	101.379	-22	-10000	0	4	1	A	0	18061	0	37.6365	-1	0	0	-10000	-1997,-1988,-1980,-1972,-1964,-1955,-1947,-1938,-1930,-1922,-1914,-1905,-1897,-1888,-1880,-1872,-1864,-1855,-1847,-1838,-1830,-1822,-1814,-1805,-1797,-1788,-1780,-1772,-1764,-1755,-1747,-1738,-1730,-1722,-1714,-1705,-1697,-1688,-1680,-1672,-1664,-1655,-1647,-1638,-1630,-1622,-1614,-1605,-1597,-1588,-1580,-1572,-1564,-1555,-1547,-1538,-1530,-1522,-1514,-1505,-1497,-1488,-1480,-1472,-1464,-1455,-1447,-1438,-1430,-1422,-1414,-1405,-1397,-1389,-1380,-1372,-1364,-1355,-1347,-1339,-1330,-1322,-1314,-1305,-1297,-1289,-1280,-1272,-1264,-1255,-1247,-1239,-1230,-1222,-1214,-1205,-1197,-1189,-1180,-1172,-1164,-1155,-1147,-1139,-1130,-1122,-1114,-1105,-1097,-1089,-1080,-1072,-1064,-1055,-1047,-1039,-1030,-1022,-1014,-1005,-997,-989,-981,-972,-964,-955,-947,-939	1070295	N\A	N\A	N\A	N\A	-200	200	-200	200	0.03	-5	0	0	-1	-10000	-10000	-10000	3	2000	1	N\A	-10000	174	0.887999	0	22.7226	N\A	-10000	92	MAP 1-2
P	0	125	0	-4.65414	-85.7057	0.0607967	1.74	-0.041282	-0.215613	22.038	114.195	-52	-10000	0	4	1	A	0	18061	0	3.74481	-1	0	0	-10000	-1996,-1985,-1979,-1973,-1965,-1961,-1953,-1946,-1933,-1920,-1911,-1903,-1891,-1882,-1877,-1865,-1852,-1844,-1835,-1830,-1819,-1814,-1802,-1796,-1785,-1777,-1769,-1762,-1752,-1744,-1735,-1729,-1719,-1711,-1702,-1696,-1686,-1680,-1670,-1654,-1650,-1645,-1635,-1623,-1612,-1602,-1595,-1585,-1579,-1569,-1562,-1553,-1549,-1539,-1535,-1530,-1520,-1510,-1495,-1488,-1477,-1471,-1468,-1461,-1452,-1444,-1435,-1429,-1419,-1413,-1401,-1395,-1384,-1379,-1369,-1360,-1352,-1344,-1335,-1328,-1316,-1302,-1294,-1285,-1279,-1269,-1261,-1252,-1244,-1235,-1229,-1218,-1211,-1202,-1194,-1185,-1178,-1168,-1161,-1152,-1145,-1135,-1127,-1118,-1112,-1102,-1094,-1085,-1079,-1069,-1061,-1052,-1045,-1035,-1027,-1018,-1003,-995,-985,-981,-976,-971,-966,-962,-952,-944,-939,-934	1082306	N\A	N\A	N\A	N\A	-200	200	-200	200	0.03	-5	0	0	-1	-10000	-10000	-10000	3	2000	1	N\A	-10000	251	2.46073	0	19.7202	N\A	-10000	92	MAP 1-2
P	0	126	0	1.84179	-86.0031	0.325613	1.7432	-0.197814	-0.247402	18.537	108.417	112	-10000	0	4	1	A	0	18061	0	2.68093	-1	0	0	-10000	-1996,-1989,-1979,-1972,-1962,-1955,-1946,-1939,-1929,-1922,-1912,-1905,-1896,-1889,-1879,-1872,-1862,-1855,-1846,-1839,-1829,-1822,-1812,-1805,-1796,-1789,-1779,-1772,-1762,-1755,-1746,-1739,-1729,-1722,-1712,-1705,-1696,-1689,-1679,-1672,-1662,-1655,-1646,-1639,-1629,-1622,-1612,-1605,-1596,-1589,-1579,-1572,-1562,-1555,-1546,-1539,-1529,-1522,-1512,-1505,-1496,-1489,-1479,-1472,-1462,-1455,-1446,-1438,-1429,-1422,-1412,-1405,-1396,-1389,-1379,-1372,-1362,-1355,-1346,-1339,-1329,-1322,-1312,-1305,-1296,-1288,-1279,-1272,-1262,-1255,-1246,-1238,-1229,-1222,-1212,-1205,-1196,-1188,-1179,-1172,-1162,-1155,-1146,-1138,-1129,-1122,-1112,-1105,-1096,-1088,-1079,-1072,-1062,-1055,-1046,-1038,-1029,-1022,-1012,-1005,-996,-988,-979,-972,-962,-955,-946,-938	1086968	N\A	N\A	N\A	N\A	-200	200	-200	200	0.03	-5	0	0	-1	-10000	-10000	-10000	3	2000	1	N\A	-10000	51	0.685232	0	5.62811	N\A	-10000	92	MAP 1-2
P	0	129	0	8.52613	-86.3118	0.112594	1.67615	0.30628	-0.198891	6.27	103.377	1	-10000	0	4	1	A	0	18061	0	1.11618	-1	0	0	-10000	-2000,-1986,-1979,-1967,-1951,-1946,-1934,-1915,-1905,-1901,-1891,-1882,-1878,-1870,-1867,-1861,-1851,-1840,-1834,-1829,-1818,-1814,-1807,-1798,-1784,-1773,-1763,-1750,-1744,-1740,-1734,-1720,-1711,-1701,-1696,-1691,-1685,-1677,-1667,-1654,-1646,-1635,-1622,-1612,-1602,-1595,-1584,-1579,-1569,-1562,-1558,-1552,-1546,-1535,-1528,-1523,-1516,-1508,-1498,-1488,-1485,-1478,-1470,-1462,-1452,-1446,-1432,-1418,-1413,-1399,-1390,-1380,-1370,-1361,-1355,-1346,-1338,-1328,-1323,-1315,-1302,-1284,-1279,-1274,-1266,-1253,-1248,-1240,-1237,-1233,-1217,-1204,-1199,-1186,-1178,-1174,-1167,-1152,-1134,-1114,-1101,-1082,-1061,-1048,-1041,-1034,-1027,-1016,-1005,-997,-983,-971,-961,-953,-941,-933,-928,-920,-917,-911,-905,-901,-896,-887,-881,-874,-867,-854	1139458	N\A	N\A	N\A	N\A	-200	200	-200	200	0.03	-5	0	0	-1	-10000	-10000	-10000	3	2000	1	N\A	-10000	26	0.0138367	0	13.5222	N\A	-10000	92	MAP 1-2
P	0	130	0	15.2478	-87.1177	0.0362837	1.67876	0.279128	-0.165738	6.444	107.148	71	-10000	0	4	1	A	0	18061	0	1.31173	-1	0	0	-10000	-1994,-1981,-1966,-1959,-1948,-1944,-1941,-1930,-1924,-1917,-1911,-1897,-1883,-1875,-1867,-1858,-1851,-1838,-1831,-1826,-1818,-1806,-1801,-1792,-1782,-1776,-1769,-1763,-1749,-1741,-1731,-1717,-1710,-1701,-1696,-1691,-1684,-1676,-1668,-1659,-1649,-1634,-1626,-1617,-1600,-1584,-1568,-1550,-1534,-1517,-1500,-1484,-1467,-1451,-1434,-1417,-1402,-1391,-1384,-1368,-1346,-1334,-1327,-1317,-1313,-1307,-1293,-1285,-1275,-1260,-1249,-1241,-1229,-1222,-1218,-1208,-1197,-1190,-1182,-1177,-1161,-1146,-1142,-1130,-1124,-1116,-1108,-1097,-1091,-1081,-1077,-1072,-1066,-1058,-1050,-1041,-1034,-1025,-1017,-1008,-1001,-993,-984,-975,-967,-951,-941,-933,-924,-917,-909,-900,-891,-881,-876,-864,-858,-848,-843,-839,-833,-825,-816,-806,-801,-796,-791,-783	1145752	N\A	N\A	N\A	N\A	-200	200	-200	200	0.03	-5	0	0	-1	-10000	-10000	-10000	3	2000	1	N\A	-10000	257	1.55347	0	17.7319	N\A	-10000	92	MAP 1-2
P	0	131	0	22.3087	-87.4219	0.137014	1.668	0.239425	-0.202295	8.679	102.087	-39	-10000	0	4	1	A	0	18061	0	1.11636	-1	0	0	-10000	-1999,-1989,-1972,-1966,-1956,-1949,-1939,-1922,-1906,-1889,-1872,-1856,-1849,-1845,-1839,-1834,-1825,-1817,-1807,-1791,-1772,-1756,-1751,-1741,-1724,-1717,-1700,-1689,-1673,-1667,-1654,-1634,-1617,-1604,-1593,-1590,-1573,-1558,-1550,-1540,-1518,-1502,-1484,-1472,-1466,-1455,-1450,-1439,-1432,-1422,-1417,-1406,-1400,-1388,-1367,-1356,-1349,-1338,-1333,-1320,-1315,-1305,-1300,-1291,-1283,-1275,-1272,-1267,-1254,-1240,-1235,-1223,-1205,-1199,-1189,-1182,-1172,-1166,-1155,-1149,-1139,-1133,-1122,-1116,-1105,-1100,-1090,-1076,-1070,-1057,-1048,-1039,-1029,-1022,-1005,-996,-993,-982,-975,-959,-950,-940,-932,-922,-916,-907,-899,-889,-883,-873,-866,-855,-841,-834,-822,-809,-800,-795,-789,-772,-762,-757,-749,-740,-726,-717,-705,-692	1151446	N\A	N\A	N\A	N\A	-200	200	-200	200	0.03	-5	0	0	-1	-10000	-10000	-10000	3	2000	1	N\A	-10000	177	0.927307	0	19.0557	N\A	-10000	92	MAP 1-2
P	0	132	0	29.3335	-87.6648	0.465923	1.68216	0.200843	-0.154843	31.308	111.825	179	-10000	0	4	1	A	0	18061	0	4.49851	-1	0	0	-10000	-1989,-1982,-1972,-1955,-1939,-1932,-1922,-1905,-1889,-1872,-1865,-1855,-1848,-1839,-1822,-1805,-1789,-1781,-1772,-1755,-1748,-1739,-1732,-1722,-1705,-1698,-1689,-1672,-1665,-1655,-1639,-1632,-1622,-1605,-1589,-1582,-1572,-1565,-1555,-1549,-1539,-1531,-1522,-1515,-1505,-1498,-1489,-1481,-1472,-1465,-1455,-1449,-1439,-1432,-1421,-1405,-1388,-1371,-1355,-1338,-1321,-1315,-1305,-1288,-1282,-1272,-1255,-1238,-1221,-1215,-1205,-1188,-1182,-1172,-1165,-1155,-1138,-1131,-1121,-1105,-1099,-1088,-1082,-1070,-1056,-1049,-1038,-1032,-1022,-1015,-1005,-988,-982,-971,-964,-955,-938,-932,-921,-915,-905,-888,-871,-865,-855,-839,-833,-821,-804,-789,-771,-754,-739,-721,-714,-705,-697,-688,-681,-671,-665,-655,-638,-631,-621,-605,-598,-588	1158231	N\A	N\A	N\A	N\A	-200	200	-200	200	0.03	-5	0	0	-1	-10000	-10000	-10000	3	2000	1	N\A	-10000	172	1.51711	0	19.0019	N\A	-10000	92	MAP 1-2
P	0	133	0	36.5595	-88.8017	0.253473	1.69913	-0.0301806	-0.0866527	7.167	115.647	156	-10000	0	4	1	A	0	18061	0	1.07879	-1	0	0	-10000	-1996,-1990,-1979,-1962,-1958,-1944,-1938,-1932,-1912,-1904,-1895,-1888,-1880,-1871,-1862,-1847,-1841,-1829,-1824,-1814,-1806,-1797,-1788,-1781,-1773,-1763,-1756,-1745,-1730,-1712,-1699,-1694,-1680,-1664,-1646,-1642,-1633,-1629,-1621,-1615,-1594,-1588,-1579,-1571,-1562,-1556,-1546,-1538,-1529,-1521,-1513,-1506,-1496,-1488,-1479,-1471,-1462,-1455,-1446,-1438,-1429,-1422,-1412,-1404,-1396,-1388,-1379,-1371,-1362,-1355,-1346,-1338,-1329,-1321,-1312,-1304,-1296,-1288,-1279,-1271,-1262,-1254,-1246,-1238,-1229,-1221,-1212,-1196,-1179,-1171,-1162,-1146,-1130,-1121,-1112,-1105,-1096,-1089,-1079,-1071,-1062,-1054,-1046,-1038,-1029,-1021,-1012,-1004,-996,-988,-979,-971,-962,-954,-946,-938,-929,-921,-915,-911,-898,-891,-880,-860,-845,-832,-827,-821	1162957	N\A	N\A	N\A	N\A	-200	200	-200	200	0.03	-5	0	0	-1	-10000	-10000	-10000	3	2000	1	N\A	-10000	21	0.577064	0	26.9996	N\A	-10000	92	MAP 1-2
